city,DATE,cloud_cover,humidity,pressure,global_radiation,precipitation,sunshine,temp_mean,temp_min,temp_max,humidity_pct,dew_point_c,dew_point_depression_c,target_min_temp,frost_label_broad,frost_label_strict
BASEL,2000-01-01,8,0.89,1.0286,0.2,0.03,0.0,2.9,1.6,3.9,89.0,-0.014639533638609977,1.6146395336386101,2.7,1,0
BASEL,2000-01-02,8,0.87,1.0318,0.25,0.0,0.0,3.6,2.7,4.8,87.0,0.7552993450303858,1.9447006549696144,0.1,1,1
BASEL,2000-01-03,5,0.81,1.0314,0.5,0.0,3.7,2.2,0.1,4.8,81.0,-2.767747154103364,2.867747154103364,0.5,1,1
BASEL,2000-01-04,7,0.79,1.0262,0.63,0.35,6.9,3.9,0.5,7.5,79.0,-2.7141247397796118,3.2141247397796118,3.8,0,0
BASEL,2000-01-05,5,0.9,1.0246,0.51,0.07,3.7,6.0,3.8,8.6,90.0,2.3123284643403714,1.4876715356596284,1.9,1,1
BASEL,2000-01-06,3,0.85,1.0244,0.56,0.0,5.7,4.2,1.9,6.9,85.0,-0.35141674142970847,2.2514167414297086,1.8,1,1
BASEL,2000-01-07,8,0.84,1.0267,0.2,0.0,0.0,4.7,1.8,6.2,84.0,-0.6117067423434025,2.4117067423434024,4.1,0,0
BASEL,2000-01-08,4,0.79,1.0248,0.54,0.0,4.3,5.6,4.1,8.4,79.0,0.7886640078071379,3.311335992192862,3.8,0,0
BASEL,2000-01-09,8,0.88,1.0243,0.11,0.65,0.0,4.6,3.8,5.7,88.0,1.9973842810089262,1.8026157189910736,1.4,1,0
BASEL,2000-01-10,8,0.91,1.0337,0.06,0.09,0.0,2.4,1.4,3.8,91.0,0.09377075092406674,1.306229249075933,2.6,1,0
BASEL,2000-01-11,8,0.88,1.0373,0.06,0.0,0.0,3.2,2.6,3.9,88.0,0.8151877695127708,1.7848122304872294,0.8,1,1
BASEL,2000-01-12,8,0.77,1.0319,0.1,0.0,0.0,2.4,0.8,3.0,77.0,-2.767443523574721,3.5674435235747213,-0.2,1,1
BASEL,2000-01-13,1,0.78,1.0226,0.66,0.0,7.5,1.7,-0.2,5.0,78.0,-3.5656281087207624,3.3656281087207622,-1.0,1,1
BASEL,2000-01-14,0,0.8,1.023,0.69,0.0,7.6,0.6,-1.0,3.8,80.0,-4.006817861858171,3.0068178618581713,-2.9,1,1
BASEL,2000-01-15,6,0.85,1.0311,0.51,0.0,2.8,-1.3,-2.9,1.5,85.0,-5.062520386553416,2.162520386553416,-2.1,1,1
BASEL,2000-01-16,7,0.8,1.0346,0.23,0.0,0.3,-0.4,-2.1,1.8,80.0,-5.0791119036620564,2.9791119036620564,-3.2,1,1
BASEL,2000-01-17,8,0.79,1.0328,0.33,0.0,0.1,0.9,-3.2,4.2,79.0,-6.315702214503977,3.115702214503977,3.8,0,0
BASEL,2000-01-18,7,0.83,1.0267,0.18,0.03,0.0,4.5,3.8,5.3,83.0,1.1814561299625508,2.618543870037449,-0.7,1,1
BASEL,2000-01-19,7,0.69,1.0307,0.38,0.0,0.7,2.4,-0.7,3.9,69.0,-5.670706194961314,4.970706194961314,-2.7,1,1
BASEL,2000-01-20,5,0.72,1.0333,0.53,0.0,3.2,0.4,-2.7,2.9,72.0,-7.037741168663709,4.337741168663709,1.6,1,1
BASEL,2000-01-21,8,0.74,1.0297,0.18,0.0,0.0,2.5,1.6,3.5,74.0,-2.5278617947978157,4.127861794797816,1.9,1,1
BASEL,2000-01-22,8,0.8,1.017,0.09,0.12,0.0,3.1,1.9,3.9,80.0,-1.1804676099247675,3.080467609924767,-0.1,1,1
BASEL,2000-01-23,8,0.86,1.0151,0.33,0.42,0.0,2.0,-0.1,3.5,86.0,-2.1561929451418362,2.056192945141836,-7.6,1,1
BASEL,2000-01-24,7,0.78,1.0235,0.29,0.02,0.0,-4.0,-7.6,-0.2,78.0,-10.760559251445088,3.160559251445088,-8.5,1,1
BASEL,2000-01-25,2,0.61,1.0302,0.87,0.0,8.1,-6.5,-8.5,-3.7,61.0,-14.655619388121016,6.155619388121016,-10.6,1,1
BASEL,2000-01-26,0,0.71,1.0354,0.84,0.0,8.1,-6.8,-10.6,-3.2,71.0,-14.82288619302875,4.222886193028751,-8.7,1,1
BASEL,2000-01-27,1,0.76,1.0342,0.89,0.0,8.4,-5.2,-8.7,-0.7,76.0,-12.152975400322047,3.452975400322048,-6.2,1,1
BASEL,2000-01-28,5,0.78,1.0269,0.53,0.0,2.2,-1.7,-6.2,4.8,78.0,-9.398868569022445,3.198868569022445,3.7,0,0
BASEL,2000-01-29,8,0.65,1.0166,0.11,0.13,0.0,7.4,3.7,9.5,65.0,-2.2641266230405392,5.964126623040539,9.0,0,0
BASEL,2000-01-30,8,0.74,1.0224,0.1,0.02,0.0,10.0,9.0,10.7,74.0,4.615233720229193,4.384766279770807,3.5,0,0
BASEL,2000-01-31,5,0.74,1.0304,0.42,0.0,1.6,8.1,3.5,10.6,74.0,-0.6930967288793297,4.19309672887933,1.1,1,1
BASEL,2000-02-01,3,0.84,1.0248,0.88,0.0,5.8,5.4,1.1,11.2,84.0,-1.2977002526663493,2.3977002526663496,2.8,1,0
BASEL,2000-02-02,8,0.89,1.0221,0.13,0.99,0.0,5.5,2.8,8.5,89.0,1.1691814165366323,1.6308185834633675,1.8,1,1
BASEL,2000-02-03,5,0.74,1.0361,0.55,0.0,2.9,5.2,1.8,8.4,74.0,-2.3347049631791252,4.134704963179125,-0.9,1,1
BASEL,2000-02-04,1,0.78,1.0391,0.96,0.0,8.3,3.3,-0.9,8.3,78.0,-4.245957605645328,3.3459576056453284,1.9,1,1
BASEL,2000-02-05,3,0.65,1.0343,0.94,0.0,8.1,6.9,1.9,13.7,65.0,-3.976597767296496,5.876597767296496,2.6,1,1
BASEL,2000-02-06,4,0.7,1.0274,0.69,0.0,3.0,6.0,2.6,11.9,70.0,-2.3145578629754837,4.914557862975483,3.3,0,0
BASEL,2000-02-07,8,0.67,1.0239,0.33,0.01,0.3,7.6,3.3,11.3,67.0,-2.2360268097376466,5.536026809737646,8.7,0,0
BASEL,2000-02-08,8,0.72,1.017,0.35,0.44,0.1,11.4,8.7,14.1,72.0,3.935464036719937,4.764535963280062,3.9,0,0
BASEL,2000-02-09,6,0.72,1.0281,0.55,0.09,1.9,5.6,3.9,9.4,72.0,-0.682438933190888,4.582438933190888,1.9,1,1
BASEL,2000-02-10,3,0.67,1.0264,1.11,1.27,8.0,6.2,1.9,11.1,67.0,-3.5726249220108373,5.472624922010837,3.0,1,0
BASEL,2000-02-11,8,0.84,1.0286,0.13,0.02,0.0,4.2,3.0,7.0,84.0,0.5641881929698461,2.435811807030154,1.5,1,1
BASEL,2000-02-12,7,0.71,1.0297,0.26,0.13,0.4,2.8,1.5,4.3,71.0,-3.180232184996762,4.680232184996762,2.8,1,1
BASEL,2000-02-13,7,0.77,1.025,0.15,0.04,0.0,5.6,2.8,7.6,77.0,-0.8270707738206479,3.627070773820648,4.6,0,0
BASEL,2000-02-14,7,0.82,1.0252,0.51,0.15,0.7,7.0,4.6,9.7,82.0,1.79468948030109,2.8053105196989097,6.7,0,0
BASEL,2000-02-15,7,0.8,1.0197,0.49,1.22,1.2,8.3,6.7,10.9,80.0,3.495696985083016,3.204303014916984,0.9,1,1
BASEL,2000-02-16,6,0.79,1.0103,0.62,0.48,1.5,4.4,0.9,9.7,79.0,-2.324855441059866,3.2248554410598658,0.6,1,1
BASEL,2000-02-17,6,0.78,1.0134,0.44,0.02,0.9,2.1,0.6,3.9,78.0,-2.788178269472214,3.3881782694722142,0.6,1,1
BASEL,2000-02-18,8,0.8,1.0127,0.25,0.39,0.1,4.2,0.6,9.5,80.0,-2.4473434217170458,3.047343421717046,3.6,0,0
BASEL,2000-02-19,7,0.77,1.0123,0.5,0.25,0.4,6.0,3.6,8.3,77.0,-0.05105794612030921,3.6510579461203094,-0.7,1,1
BASEL,2000-02-20,7,0.85,1.0269,0.28,0.14,0.0,1.9,-0.7,4.0,85.0,-2.903044355956062,2.203044355956062,-2.2,1,1
BASEL,2000-02-21,4,0.72,1.031,1.27,0.0,8.5,1.3,-2.2,5.6,72.0,-6.556048201803035,4.356048201803035,-1.1,1,1
BASEL,2000-02-22,3,0.68,1.0273,1.35,0.0,9.6,2.1,-1.1,7.4,68.0,-6.244789075488952,5.144789075488951,-1.3,1,1
BASEL,2000-02-23,8,0.67,1.0289,0.88,0.0,1.8,2.7,-1.3,7.1,67.0,-6.6290464152254795,5.32904641522548,-0.2,1,1
BASEL,2000-02-24,8,0.76,1.0306,0.37,0.0,0.0,3.5,-0.2,6.1,76.0,-3.9119895825849746,3.7119895825849745,5.8,0,0
BASEL,2000-02-25,8,0.76,1.0287,0.32,0.45,0.0,9.5,5.8,11.5,76.0,1.8996282239712974,3.9003717760287024,5.2,0,0
BASEL,2000-02-26,8,0.85,1.0315,0.56,0.04,0.0,7.4,5.2,9.9,85.0,2.8864382726615974,2.313561727338403,4.5,0,0
BASEL,2000-02-27,2,0.76,1.0283,1.43,0.0,9.0,9.0,4.5,14.5,76.0,0.6408337087494345,3.8591662912505655,4.2,0,0
BASEL,2000-02-28,5,0.61,1.0219,1.39,0.42,8.5,11.0,4.2,19.5,61.0,-2.6464975132934847,6.846497513293485,6.3,0,0
BASEL,2000-02-29,8,0.8,1.0179,0.25,0.9,0.0,8.1,6.3,10.2,80.0,3.106108583925509,3.1938914160744907,3.5,0,0
BASEL,2000-03-01,8,0.81,1.0099,0.35,0.36,0.0,5.8,3.5,9.7,81.0,0.5501706816043039,2.949829318395696,2.4,1,1
BASEL,2000-03-02,7,0.64,1.0258,1.04,0.0,3.8,4.4,2.4,7.2,64.0,-3.7078212448037404,6.10782124480374,4.3,0,0
BASEL,2000-03-03,8,0.59,1.0185,0.46,0.53,0.1,7.5,4.3,9.5,59.0,-3.0002577995375734,7.300257799537573,0.2,1,1
BASEL,2000-03-04,5,0.61,1.0234,1.28,0.0,7.1,5.1,0.2,8.5,61.0,-6.425046099201788,6.625046099201788,-2.2,1,1
BASEL,2000-03-05,1,0.54,1.0357,1.68,0.0,10.6,1.7,-2.2,6.4,54.0,-10.240541862462383,8.040541862462383,-1.2,1,1
BASEL,2000-03-06,2,0.56,1.0322,1.69,0.0,10.6,3.9,-1.2,10.3,56.00000000000001,-8.844737776625518,7.644737776625518,-0.1,1,1
BASEL,2000-03-07,1,0.61,1.0299,1.58,0.0,10.5,6.4,-0.1,13.7,61.0,-6.708579892562186,6.608579892562187,3.4,0,0
BASEL,2000-03-08,7,0.68,1.0306,1.03,0.56,2.4,9.2,3.4,15.0,68.0,-1.9401436518535697,5.34014365185357,10.1,0,0
BASEL,2000-03-09,7,0.53,1.0278,1.15,0.0,3.9,14.1,10.1,19.3,53.0,0.9538424486466871,9.146157551353312,6.0,0,0
BASEL,2000-03-10,7,0.74,1.0283,0.63,0.0,2.1,10.3,6.0,12.9,74.0,1.720302373173204,4.279697626826796,6.0,0,0
BASEL,2000-03-11,7,0.66,1.0225,1.43,0.0,5.9,11.1,6.0,16.7,66.0,0.1333005082588786,5.866699491741121,3.6,0,0
BASEL,2000-03-12,6,0.65,1.0243,1.43,0.0,6.9,9.3,3.6,13.2,65.0,-2.35924735584275,5.95924735584275,1.0,1,1
BASEL,2000-03-13,1,0.69,1.026,1.72,0.04,9.8,7.5,1.0,13.9,69.0,-4.041513198740837,5.041513198740837,7.2,0,0
BASEL,2000-03-14,8,0.7,1.0242,0.63,0.56,0.4,10.5,7.2,13.4,70.0,2.097482684391389,5.102517315608611,0.9,1,1
BASEL,2000-03-15,5,0.61,1.0306,1.23,0.0,4.0,5.4,0.9,8.2,61.0,-5.763544684587064,6.663544684587064,0.5,1,1
BASEL,2000-03-16,8,0.73,1.032,0.36,0.05,0.0,5.4,0.5,8.4,73.0,-3.7718335809773564,4.271833580977356,6.4,0,0
BASEL,2000-03-17,8,0.78,1.0285,0.38,0.03,0.0,8.1,6.4,10.4,78.0,2.8461142443019725,3.553885755698028,5.4,0,0
BASEL,2000-03-18,8,0.79,1.0268,0.45,0.17,0.0,7.4,5.4,8.8,79.0,2.0532089424610533,3.346791057538947,5.0,0,0
BASEL,2000-03-19,8,0.79,1.0287,0.67,0.0,0.3,6.5,5.0,9.2,79.0,1.6641380251276832,3.3358619748723166,1.7,1,1
BASEL,2000-03-20,2,0.5,1.0257,1.88,0.0,9.8,6.9,1.7,12.1,50.0,-7.601271195518564,9.301271195518563,1.2,1,1
BASEL,2000-03-21,2,0.56,1.0217,1.95,0.0,11.1,8.2,1.2,15.3,56.00000000000001,-6.598124506692897,7.798124506692897,3.2,0,0
BASEL,2000-03-22,1,0.54,1.019,1.95,0.0,11.0,10.3,3.2,18.5,54.0,-5.2069260146199765,8.406926014619977,4.9,0,0
BASEL,2000-03-23,6,0.6,1.0148,1.1,0.02,3.0,11.0,4.9,17.2,60.0,-2.209123158280088,7.109123158280088,8.3,0,0
BASEL,2000-03-24,7,0.65,1.014,0.8,0.0,1.8,11.1,8.3,14.5,65.0,2.1093233133020446,6.190676686697956,6.5,0,0
BASEL,2000-03-25,6,0.62,1.0158,1.71,0.0,8.2,10.9,6.5,17.0,62.0,-0.2523121091923756,6.752312109192376,5.4,0,0
BASEL,2000-03-26,8,0.69,1.0127,0.95,0.24,0.9,8.0,5.4,11.1,69.0,0.1729465534721189,5.227053446527881,3.3,0,0
BASEL,2000-03-27,7,0.74,1.0089,1.04,0.02,2.1,6.0,3.3,9.5,74.0,-0.8862062294863754,4.186206229486375,2.9,1,1
BASEL,2000-03-28,7,0.78,1.0104,0.81,0.07,0.6,5.7,2.9,10.1,78.0,-0.5534233435807128,3.4534233435807127,2.7,1,0
BASEL,2000-03-29,8,0.87,1.0083,0.18,0.47,0.0,3.8,2.7,5.2,87.0,0.7552993450303858,1.9447006549696144,3.8,0,0
BASEL,2000-03-30,8,0.7,1.0133,0.68,0.0,0.0,5.7,3.8,7.7,70.0,-1.1632577405427331,4.963257740542733,4.5,0,0
BASEL,2000-03-31,6,0.61,1.0088,1.6,0.29,5.3,8.7,4.5,13.8,61.0,-2.363248941994498,6.863248941994498,3.8,0,0
BASEL,2000-04-01,6,0.77,1.008,0.95,0.0,1.2,7.1,3.8,10.2,77.0,0.1429330959327523,3.6570669040672477,2.0,1,1
BASEL,2000-04-02,4,0.62,1.0028,2.1,0.54,10.7,9.2,2.0,16.2,62.0,-4.509064897323268,6.509064897323268,7.4,0,0
BASEL,2000-04-03,7,0.6,0.992,1.29,0.0,3.9,12.9,7.4,19.7,60.0,0.1457930662620891,7.254206933737911,5.2,0,0
BASEL,2000-04-04,7,0.68,0.9942,1.72,0.28,4.8,11.5,5.2,19.7,68.0,-0.21928186155846163,5.419281861558462,4.6,0,0
BASEL,2000-04-05,7,0.84,1.0063,0.7,0.56,0.0,8.6,4.6,11.3,84.0,2.1318635509518953,2.4681364490481044,1.0,1,1
BASEL,2000-04-06,8,0.84,1.0242,0.23,0.0,0.0,3.8,1.0,5.4,84.0,-1.39570262197053,2.39570262197053,-1.6,1,1
BASEL,2000-04-07,2,0.63,1.0289,2.43,0.0,12.3,5.9,-1.6,13.9,63.0,-7.711610759386604,6.111610759386604,0.4,1,1
BASEL,2000-04-08,1,0.53,1.0216,2.48,0.0,12.4,9.1,0.4,16.9,53.0,-8.056346841404107,8.456346841404107,3.5,0,0
BASEL,2000-04-09,5,0.55,1.0097,1.59,0.0,5.8,10.3,3.5,16.1,55.00000000000001,-4.685068639186093,8.185068639186092,5.6,0,0
BASEL,2000-04-10,7,0.59,1.0059,1.61,0.16,4.7,10.2,5.6,15.2,59.0,-1.7777054251455549,7.377705425145555,7.3,0,0
BASEL,2000-04-11,8,0.77,0.9987,1.19,1.38,1.8,9.6,7.3,13.6,77.0,3.5369888786076387,3.763011121392361,4.6,0,0
BASEL,2000-04-12,5,0.64,0.9972,1.93,0.37,6.5,8.4,4.6,13.5,64.0,-1.6188145823616773,6.218814582361677,5.7,0,0
BASEL,2000-04-13,8,0.81,1.0026,0.82,0.5,0.1,8.3,5.7,11.5,81.0,2.6964491683190466,3.0035508316809536,7.3,0,0
BASEL,2000-04-14,4,0.69,1.0007,2.28,0.0,9.4,12.5,7.3,19.6,69.0,1.9918129956321127,5.308187004367888,6.1,0,0
BASEL,2000-04-15,7,0.67,1.0029,0.83,0.1,1.0,10.0,6.1,14.2,67.0,0.4360995513896941,5.663900448610305,4.6,0,0
BASEL,2000-04-16,7,0.75,1.0023,0.94,0.02,1.9,8.6,4.6,14.3,75.0,0.5543754268372494,4.04562457316275,8.0,0,0
BASEL,2000-04-17,8,0.76,1.0076,0.45,0.01,0.0,9.6,8.0,11.4,76.0,4.029405468525603,3.970594531474397,5.6,0,0
BASEL,2000-04-18,8,0.75,1.0112,0.82,0.0,0.4,9.6,5.6,12.2,75.0,1.5211940687383323,4.078805931261668,4.1,0,0
BASEL,2000-04-19,5,0.71,1.0132,1.6,0.0,4.8,10.1,4.1,16.7,71.0,-0.6815124076919788,4.781512407691978,4.0,0,0
BASEL,2000-04-20,2,0.63,1.015,2.59,0.0,12.0,12.9,4.0,20.9,63.0,-2.4010386376817974,6.401038637681797,11.2,0,0
BASEL,2000-04-21,7,0.59,1.016,2.42,0.0,9.2,16.8,11.2,23.4,59.0,3.4841482341582233,7.7158517658417765,10.1,0,0
BASEL,2000-04-22,4,0.56,1.0114,2.29,0.0,8.6,18.4,10.1,27.7,56.00000000000001,1.7202189589813546,8.379781041018646,9.7,0,0
BASEL,2000-04-23,7,0.7,1.0112,1.44,0.7,3.0,14.8,9.7,21.3,70.0,4.493882721218111,5.206117278781888,6.8,0,0
BASEL,2000-04-24,6,0.82,1.0154,0.84,0.73,2.5,10.3,6.8,14.3,82.0,3.9438159662231436,2.8561840337768563,6.0,0,0
BASEL,2000-04-25,1,0.67,1.013,2.77,0.0,12.2,13.5,6.0,20.5,67.0,0.34069102065778206,5.659308979342218,9.6,0,0
BASEL,2000-04-26,3,0.57,1.0099,2.67,0.0,11.9,17.8,9.6,26.5,56.99999999999999,1.4998745259042694,8.10012547409573,11.6,0,0
BASEL,2000-04-27,7,0.64,1.0078,1.53,0.0,0.9,16.3,11.6,22.9,64.0,5.021552151609031,6.578447848390969,11.7,0,0
BASEL,2000-04-28,7,0.74,1.008,1.78,0.0,4.1,14.9,11.7,22.4,74.0,7.219602189927494,4.480397810072505,8.5,0,0
BASEL,2000-04-29,8,0.77,1.0174,0.68,0.0,0.0,11.8,8.5,14.1,77.0,4.700322299681179,3.7996777003188207,7.3,0,0
BASEL,2000-04-30,1,0.71,1.0198,2.68,0.0,11.2,15.1,7.3,22.0,71.0,2.392376662320806,4.907623337679194,10.9,0,0
BASEL,2000-05-01,3,0.73,1.0171,2.61,0.0,9.6,17.0,10.9,22.9,73.0,6.250640391430028,4.649359608569973,12.6,0,0
BASEL,2000-05-02,7,0.76,1.0161,2.27,0.0,7.0,17.0,12.6,22.6,76.0,8.480584975253874,4.119415024746125,12.2,0,0
BASEL,2000-05-03,6,0.75,1.0175,1.74,0.0,4.6,16.5,12.2,22.6,75.0,7.898857048055688,4.301142951944311,11.1,0,0
BASEL,2000-05-04,6,0.67,1.017,2.07,0.0,4.6,17.5,11.1,23.5,67.0,5.204208860205351,5.895791139794649,12.0,0,0
BASEL,2000-05-05,4,0.7,1.0145,2.41,0.0,8.8,17.0,12.0,25.5,70.0,6.697670805920048,5.302329194079952,11.6,0,0
BASEL,2000-05-06,5,0.71,1.0134,2.45,0.0,8.5,16.7,11.6,23.5,71.0,6.520383154791493,5.079616845208506,11.6,0,0
BASEL,2000-05-07,5,0.67,1.0152,2.55,0.0,8.8,18.0,11.6,25.0,67.0,5.680770027254904,5.919229972745096,12.6,0,0
BASEL,2000-05-08,6,0.75,1.0183,1.91,0.73,6.1,16.9,12.6,23.9,75.0,8.28519573325621,4.31480426674379,11.6,0,0
BASEL,2000-05-09,3,0.65,1.0172,2.86,0.0,11.0,18.8,11.6,26.9,65.0,5.244263555279289,6.35573644472071,13.4,0,0
BASEL,2000-05-10,5,0.64,1.015,2.64,0.0,8.4,20.0,13.4,26.7,64.0,6.727484849505387,6.672515150494613,14.7,0,0
BASEL,2000-05-11,4,0.67,1.0151,2.72,0.11,9.8,20.5,14.7,28.0,67.0,8.634436505870285,6.065563494129714,14.5,0,0
BASEL,2000-05-12,8,0.8,1.0207,1.1,0.0,0.1,16.7,14.5,20.2,80.0,11.089330365369781,3.410669634630219,13.2,0,0
BASEL,2000-05-13,7,0.82,1.0216,0.98,0.05,0.3,16.2,13.2,19.7,82.0,10.193252180200401,3.006747819799598,12.7,0,0
BASEL,2000-05-14,3,0.68,1.0219,3.02,0.0,12.2,18.4,12.7,24.7,68.0,6.944854838272791,5.755145161727208,10.4,0,0
BASEL,2000-05-15,2,0.58,1.0204,3.06,0.0,12.8,19.4,10.4,27.8,57.99999999999999,2.4924201685552547,7.907579831444746,14.3,0,0
BASEL,2000-05-16,4,0.6,1.0171,2.66,0.0,10.1,20.9,14.3,28.5,60.0,6.6379903775839155,7.662009622416085,13.7,0,0
BASEL,2000-05-17,7,0.74,1.016,1.74,0.19,4.6,17.3,13.7,23.4,74.0,9.148110997601076,4.551889002398923,9.3,0,0
BASEL,2000-05-18,6,0.68,1.0136,1.18,0.16,2.6,13.6,9.3,15.9,68.0,3.6983354794279646,5.601664520572037,8.7,0,0
BASEL,2000-05-19,7,0.66,1.0142,2.25,0.02,3.3,12.0,8.7,16.3,66.0,2.7041829263588153,5.995817073641184,8.3,0,0
BASEL,2000-05-20,5,0.58,1.0144,2.81,0.03,8.8,13.0,8.3,18.2,57.99999999999999,0.5236204343114499,7.776379565688551,6.6,0,0
BASEL,2000-05-21,5,0.68,1.0118,1.85,0.32,4.4,12.8,6.6,18.2,68.0,1.1187728446500385,5.481227155349961,8.7,0,0
BASEL,2000-05-22,3,0.64,1.0198,2.72,0.0,8.8,12.4,8.7,17.6,64.0,2.2717373064152038,6.428262693584795,6.5,0,0
BASEL,2000-05-23,5,0.61,1.0209,3.16,0.0,13.8,14.4,6.5,21.4,61.0,-0.475433157261432,6.975433157261432,9.7,0,0
BASEL,2000-05-24,2,0.6,1.0175,3.18,0.0,13.6,17.4,9.7,24.6,60.0,2.311060578047303,7.3889394219526965,13.2,0,0
BASEL,2000-05-25,8,0.69,1.0172,1.06,0.0,0.6,16.8,13.2,21.1,69.0,7.635978078630781,5.564021921369219,12.4,0,0
BASEL,2000-05-26,4,0.71,1.0149,2.68,1.5,8.1,18.4,12.4,26.3,71.0,7.288064259444439,5.111935740555562,10.1,0,0
BASEL,2000-05-27,7,0.75,1.0174,1.64,0.52,3.8,13.4,10.1,17.6,75.0,5.870229664339687,4.229770335660312,10.3,0,0
BASEL,2000-05-28,7,0.68,1.0126,0.81,0.37,0.6,14.1,10.3,18.5,68.0,4.653404508521103,5.646595491478898,9.2,0,0
BASEL,2000-05-29,5,0.66,1.0179,2.13,0.14,3.8,12.8,9.2,17.4,66.0,3.1801218158971465,6.019878184102852,7.8,0,0
BASEL,2000-05-30,8,0.79,1.0165,0.79,1.08,0.6,12.4,7.8,17.5,79.0,4.387264330589536,3.4127356694104636,11.4,0,0
BASEL,2000-05-31,7,0.78,1.0194,1.55,0.24,2.4,15.1,11.4,18.1,78.0,7.7001351300234475,3.699864869976553,11.0,0,0
BASEL,2000-06-01,3,0.68,1.0234,3.19,0.0,12.5,17.8,11.0,24.1,68.0,5.321848492178436,5.678151507821564,13.8,0,0
BASEL,2000-06-02,5,0.63,1.0203,3.1,0.0,10.7,21.7,13.8,30.1,63.0,6.876797548811346,6.923202451188654,16.0,0,0
BASEL,2000-06-03,3,0.64,1.0174,2.97,0.38,12.0,22.8,16.0,30.6,64.0,9.19046278188676,6.80953721811324,18.2,0,0
BASEL,2000-06-04,3,0.65,1.0171,3.07,0.38,11.8,23.4,18.2,28.8,65.0,11.507800629620954,6.692199370379045,15.9,0,0
BASEL,2000-06-05,5,0.8,1.0162,2.11,4.11,7.6,19.6,15.9,26.2,80.0,12.451617864677354,3.448382135322646,11.5,0,0
BASEL,2000-06-06,8,0.84,1.0221,0.88,0.1,0.0,13.4,11.5,15.9,84.0,8.890048402080861,2.6099515979191388,10.9,0,0
BASEL,2000-06-07,2,0.65,1.0237,3.03,0.0,11.4,15.7,10.9,21.2,65.0,4.579453054375394,6.320546945624606,9.0,0,0
BASEL,2000-06-08,0,0.61,1.0184,3.35,0.0,14.6,18.4,9.0,26.1,61.0,1.8830948212194019,7.116905178780598,14.5,0,0
BASEL,2000-06-09,2,0.6,1.0133,3.24,0.24,14.0,22.9,14.5,29.9,60.0,6.826008810887993,7.673991189112007,17.7,0,0
BASEL,2000-06-10,6,0.7,1.0131,2.58,0.0,8.2,22.0,17.7,27.4,70.0,12.155518717246848,5.544481282753152,13.5,0,0
BASEL,2000-06-11,8,0.84,1.0166,0.42,0.0,0.0,17.7,13.5,20.1,84.0,10.848209904577395,2.651790095422605,13.4,0,0
BASEL,2000-06-12,5,0.68,1.0261,2.43,0.0,6.0,18.3,13.4,23.3,68.0,7.613004358002162,5.786995641997838,14.2,0,0
BASEL,2000-06-13,7,0.69,1.0243,2.85,0.35,7.5,20.6,14.2,27.1,69.0,8.59203285584588,5.60796714415412,15.8,0,0
BASEL,2000-06-14,2,0.72,1.0236,3.05,0.0,10.7,21.3,15.8,28.3,72.0,10.759736798407676,5.0402632015923245,16.4,0,0
BASEL,2000-06-15,6,0.65,1.0244,2.8,0.08,7.4,20.8,16.4,26.5,65.0,9.80040134920957,6.599598650790428,12.0,0,0
BASEL,2000-06-16,5,0.59,1.0258,2.78,0.0,8.6,17.9,12.0,22.1,59.0,4.235242497239644,7.764757502760356,9.4,0,0
BASEL,2000-06-17,1,0.61,1.0277,3.38,0.0,14.8,16.9,9.4,24.1,61.0,2.2603313326646433,7.139668667335357,9.4,0,0
BASEL,2000-06-18,0,0.5,1.026,3.52,0.0,15.3,19.7,9.4,29.0,50.0,-0.49685330772215275,9.896853307722154,12.6,0,0
BASEL,2000-06-19,1,0.48,1.0214,3.36,0.0,15.0,23.0,12.6,32.3,48.0,1.8782768661183473,10.721723133881653,17.1,0,0
BASEL,2000-06-20,1,0.5,1.0168,3.22,0.0,14.0,25.1,17.1,32.6,50.0,6.589852924180023,10.51014707581998,18.1,0,0
BASEL,2000-06-21,1,0.5,1.0166,3.23,0.0,14.1,24.6,18.1,31.5,50.0,7.508908360184161,10.59109163981584,16.3,0,0
BASEL,2000-06-22,7,0.75,1.02,1.05,0.45,2.9,18.7,16.3,22.0,75.0,11.857819730805824,4.442180269194177,15.4,0,0
BASEL,2000-06-23,7,0.63,1.0215,2.29,0.0,3.3,17.8,15.4,22.0,63.0,8.38965658089,7.010343419110001,11.4,0,0
BASEL,2000-06-24,7,0.77,1.0194,0.74,0.46,0.0,14.1,11.4,18.5,77.0,7.5109889693429395,3.889011030657061,10.3,0,0
BASEL,2000-06-25,7,0.69,1.0207,1.87,0.0,1.4,13.7,10.3,17.8,69.0,4.862463254794126,5.4375367452058745,8.0,0,0
BASEL,2000-06-26,2,0.62,1.0227,3.15,0.0,13.1,14.6,8.0,21.7,62.0,1.1656416670211078,6.834358332978892,7.5,0,0
BASEL,2000-06-27,1,0.57,1.0207,3.28,0.0,12.5,15.5,7.5,23.1,56.99999999999999,-0.4653572077673364,7.965357207767337,9.7,0,0
BASEL,2000-06-28,5,0.68,1.018,1.7,0.19,4.9,14.7,9.7,19.5,68.0,4.080384136274213,5.6196158637257865,10.8,0,0
BASEL,2000-06-29,5,0.58,1.0189,3.13,0.0,13.0,17.1,10.8,23.3,57.99999999999999,2.867309207501464,7.932690792498537,10.4,0,0
BASEL,2000-06-30,2,0.54,1.0154,3.24,0.0,12.9,18.8,10.4,26.0,54.0,1.4923240704567158,8.907675929543284,13.6,0,0
BASEL,2000-07-01,5,0.65,1.0121,2.52,0.25,9.6,20.9,13.6,27.4,65.0,7.143197773464871,6.456802226535129,17.2,0,0
BASEL,2000-07-02,3,0.68,1.0112,3.0,0.79,10.8,23.8,17.2,33.0,68.0,11.238604205351724,5.961395794648276,17.6,0,0
BASEL,2000-07-03,7,0.81,1.011,1.38,0.91,2.5,19.9,17.6,23.3,81.0,14.297570670027515,3.3024293299724867,16.5,0,0
BASEL,2000-07-04,6,0.71,1.0095,2.37,0.6,6.9,19.7,16.5,23.6,71.0,11.220854910823153,5.279145089176847,15.8,0,0
BASEL,2000-07-05,5,0.62,1.0178,2.71,0.0,8.8,19.4,15.8,24.1,62.0,8.53124504140316,7.2687549585968405,13.8,0,0
BASEL,2000-07-06,2,0.6,1.0179,3.12,0.26,13.2,20.9,13.8,27.0,60.0,6.167904592880887,7.632095407119114,15.9,0,0
BASEL,2000-07-07,5,0.75,1.0112,1.93,0.32,4.4,19.9,15.9,27.9,75.0,11.471677870178706,4.428322129821295,12.8,0,0
BASEL,2000-07-08,7,0.7,1.0163,1.51,0.07,3.9,15.4,12.8,19.1,70.0,7.464003725676166,5.3359962743238345,12.5,0,0
BASEL,2000-07-09,7,0.76,1.0111,0.55,1.24,0.0,14.6,12.5,16.7,76.0,8.383848835026354,4.116151164973646,13.9,0,0
BASEL,2000-07-10,8,0.73,1.0011,0.99,0.25,0.1,16.1,13.9,17.9,73.0,9.138824847355245,4.761175152644755,12.0,0,0
BASEL,2000-07-11,6,0.69,1.0049,2.07,0.12,3.5,14.5,12.0,19.0,69.0,6.488489235334684,5.511510764665316,11.4,0,0
BASEL,2000-07-12,7,0.76,1.0169,1.67,0.61,1.9,13.2,11.4,16.6,76.0,7.3196673251045725,4.080332674895428,9.5,0,0
BASEL,2000-07-13,7,0.79,1.0176,1.13,0.59,0.1,13.7,9.5,18.6,79.0,6.040169776591196,3.4598302234088036,11.6,0,0
BASEL,2000-07-14,8,0.83,1.0116,0.52,1.09,0.1,13.7,11.6,15.9,83.0,8.81055324241773,2.789446757582269,10.4,0,0
BASEL,2000-07-15,7,0.78,1.0124,1.74,0.64,2.4,12.6,10.4,16.6,78.0,6.729562508821908,3.6704374911780926,10.2,0,0
BASEL,2000-07-16,7,0.81,1.0166,1.41,1.17,2.6,12.7,10.2,17.7,81.0,7.085073365209958,3.1149266347900415,9.3,0,0
BASEL,2000-07-17,3,0.71,1.0192,3.01,0.0,12.0,14.8,9.3,21.0,71.0,4.312740674253166,4.987259325746835,9.4,0,0
BASEL,2000-07-18,2,0.66,1.0191,3.01,0.0,11.8,16.7,9.4,23.1,66.0,3.3704842120069842,6.029515787993017,12.0,0,0
BASEL,2000-07-19,2,0.66,1.0197,2.93,0.0,13.1,17.0,12.0,23.1,66.0,5.8445112796895895,6.1554887203104105,10.5,0,0
BASEL,2000-07-20,3,0.67,1.021,2.68,0.0,9.6,16.9,10.5,23.0,67.0,4.632275541548514,5.867724458451486,11.7,0,0
BASEL,2000-07-21,1,0.64,1.0209,3.03,0.0,13.9,18.5,11.7,25.3,64.0,5.1163432438443905,6.583656756155609,11.9,0,0
BASEL,2000-07-22,3,0.63,1.0167,3.06,0.0,12.2,19.2,11.9,26.0,63.0,5.079589078900773,6.820410921099227,15.2,0,0
BASEL,2000-07-23,7,0.76,1.0127,1.13,0.14,1.3,18.8,15.2,22.9,76.0,10.995278178725128,4.204721821274871,16.1,0,0
BASEL,2000-07-24,7,0.8,1.0081,1.4,0.78,1.3,19.4,16.1,24.7,80.0,12.646213668943307,3.453786331056694,15.1,0,0
BASEL,2000-07-25,7,0.8,1.009,1.52,0.5,1.9,19.0,15.1,23.8,80.0,11.673192909868577,3.4268070901314225,16.3,0,0
BASEL,2000-07-26,3,0.72,1.0121,2.6,0.02,7.9,19.9,16.3,24.6,72.0,11.240032928647615,5.059967071352386,15.5,0,0
BASEL,2000-07-27,7,0.74,1.0165,1.97,0.65,5.4,19.7,15.5,25.3,74.0,10.883293969411373,4.616706030588627,14.7,0,0
BASEL,2000-07-28,7,0.79,1.0173,1.67,0.34,4.0,17.2,14.7,21.4,79.0,11.09414123579344,3.605858764206559,14.0,0,0
BASEL,2000-07-29,8,0.86,1.0202,1.04,2.53,0.6,15.9,14.0,19.6,86.0,11.693707191655273,2.306292808344727,14.1,0,0
BASEL,2000-07-30,5,0.74,1.0239,1.92,0.0,5.2,17.6,14.1,22.0,74.0,9.53374609205029,4.56625390794971,12.9,0,0
BASEL,2000-07-31,1,0.66,1.0239,3.03,0.0,14.0,19.2,12.9,25.7,66.0,6.700609375860092,6.199390624139908,14.1,0,0
BASEL,2000-08-01,1,0.66,1.0203,2.97,0.0,13.7,21.9,14.1,29.0,66.0,7.84183690286269,6.2581630971373094,16.4,0,0
BASEL,2000-08-02,7,0.78,1.0197,1.03,0.16,1.4,19.6,16.4,24.4,78.0,12.551262601664963,3.848737398335036,13.3,0,0
BASEL,2000-08-03,6,0.81,1.0205,0.79,0.0,0.8,17.0,13.3,19.8,81.0,10.1071833703916,3.1928166296084015,12.4,0,0
BASEL,2000-08-04,3,0.7,1.0206,2.35,0.0,7.8,17.3,12.4,23.2,70.0,7.0808502993356575,5.319149700664343,13.6,0,0
BASEL,2000-08-05,8,0.9,1.0207,0.35,1.16,0.0,15.5,13.6,16.7,90.0,11.989542713227891,1.6104572867721085,15.5,0,0
BASEL,2000-08-06,5,0.75,1.0213,2.29,0.0,6.6,18.6,15.5,22.9,75.0,11.085514738471614,4.414485261528386,15.7,0,0
BASEL,2000-08-07,3,0.73,1.0225,2.3,0.0,8.7,19.4,15.7,25.1,73.0,10.871109986065505,4.828890013934494,14.7,0,0
BASEL,2000-08-08,5,0.74,1.0212,1.91,0.0,4.9,19.4,14.7,24.1,74.0,10.112157075797748,4.587842924202251,14.8,0,0
BASEL,2000-08-09,1,0.7,1.0205,2.74,0.0,12.7,20.7,14.8,26.4,70.0,9.379379944334628,5.420620055665372,15.8,0,0
BASEL,2000-08-10,1,0.67,1.0182,2.75,0.0,13.1,21.9,15.8,28.4,67.0,9.682092635901176,6.117907364098825,16.0,0,0
BASEL,2000-08-11,1,0.63,1.0146,2.74,0.0,13.1,22.8,16.0,29.4,63.0,8.956842140501227,7.043157859498773,17.4,0,0
BASEL,2000-08-12,1,0.62,1.014,2.7,0.0,12.8,23.1,17.4,29.6,62.0,10.040531887684246,7.359468112315753,16.6,0,0
BASEL,2000-08-13,1,0.62,1.0171,2.65,0.0,12.8,22.7,16.6,29.7,62.0,9.285956745026379,7.3140432549736225,17.4,0,0
BASEL,2000-08-14,4,0.62,1.0201,2.61,0.0,11.3,23.5,17.4,30.3,62.0,10.040531887684246,7.359468112315753,18.7,0,0
BASEL,2000-08-15,3,0.68,1.0208,2.23,0.0,8.0,23.3,18.7,28.4,68.0,12.669066195775619,6.0309338042243805,17.2,0,0
BASEL,2000-08-16,1,0.69,1.0173,2.52,0.0,11.9,22.8,17.2,28.2,69.0,11.459183514172922,5.740816485827077,17.8,0,0
BASEL,2000-08-17,3,0.74,1.0152,1.84,1.0,6.8,22.1,17.8,27.5,74.0,13.099817699553155,4.700182300446846,19.2,0,0
BASEL,2000-08-18,7,0.85,1.0143,1.0,0.18,1.0,21.4,19.2,25.0,85.0,16.61347954115169,2.586520458848309,18.6,0,0
BASEL,2000-08-19,5,0.65,1.0139,2.43,0.0,10.0,24.0,18.6,30.7,65.0,11.887137390603664,6.712862609396337,17.8,0,0
BASEL,2000-08-20,4,0.64,1.0119,2.23,1.24,9.4,24.9,17.8,33.0,64.0,10.894807741940932,6.905192258059069,16.0,0,0
BASEL,2000-08-21,5,0.86,1.0161,0.91,1.57,2.2,18.8,16.0,23.0,86.0,13.657080703821357,2.3429192961786427,14.0,0,0
BASEL,2000-08-22,5,0.75,1.0196,2.18,0.0,8.5,18.1,14.0,23.3,75.0,9.637213519007913,4.362786480992087,13.1,0,0
BASEL,2000-08-23,3,0.74,1.0199,2.5,0.0,11.8,19.2,13.1,26.0,74.0,8.56961669320027,4.530383306799729,14.3,0,0
BASEL,2000-08-24,1,0.7,1.022,2.5,0.0,12.6,21.0,14.3,28.8,70.0,8.90059695996585,5.3994030400341515,14.6,0,0
BASEL,2000-08-25,1,0.68,1.0197,2.48,0.0,12.6,20.9,14.6,28.8,68.0,8.75820381430861,5.84179618569139,13.5,0,0
BASEL,2000-08-26,3,0.65,1.0119,2.27,0.85,11.4,21.9,13.5,29.7,65.0,7.048269507207899,6.451730492792101,15.0,0,0
BASEL,2000-08-27,6,0.76,1.0179,0.8,0.28,1.2,18.0,15.0,21.5,76.0,10.80187076095854,4.19812923904146,13.1,0,0
BASEL,2000-08-28,3,0.69,1.0215,2.0,0.0,8.5,17.3,13.1,22.6,69.0,7.540363305536531,5.559636694463468,11.7,0,0
BASEL,2000-08-29,5,0.7,1.0202,2.24,0.0,10.7,17.4,11.7,23.3,70.0,6.410269077740025,5.289730922259975,13.4,0,0
BASEL,2000-08-30,8,0.82,1.0156,0.88,0.74,0.9,16.6,13.4,19.9,82.0,10.388485497957946,3.011514502042054,14.8,0,0
BASEL,2000-08-31,7,0.89,1.0111,0.64,2.62,0.0,16.2,14.8,19.0,89.0,13.00298650030358,1.7970134996964209,13.8,0,0
BASEL,2000-09-01,3,0.75,1.0099,1.75,0.16,8.5,18.0,13.8,22.9,75.0,9.444084082374971,4.35591591762503,13.4,0,0
BASEL,2000-09-02,6,0.69,1.0116,1.63,0.68,3.4,15.9,13.4,19.6,69.0,7.82720255425746,5.57279744574254,12.8,0,0
BASEL,2000-09-03,7,0.85,1.0156,0.97,1.22,1.3,14.3,12.8,16.8,85.0,10.340130234335971,2.4598697656640294,10.7,0,0
BASEL,2000-09-04,7,0.78,1.0211,1.54,0.01,3.5,14.0,10.7,17.6,78.0,7.020746448752339,3.67925355124766,9.6,0,0
BASEL,2000-09-05,4,0.76,1.0243,1.73,0.0,5.2,13.6,9.6,18.4,76.0,5.5779472812895365,4.022052718710463,10.5,0,0
BASEL,2000-09-06,7,0.78,1.0184,1.2,0.52,1.9,14.4,10.5,18.3,78.0,6.826624979677023,3.673375020322977,10.4,0,0
BASEL,2000-09-07,6,0.71,1.0176,2.03,0.0,8.8,15.5,10.4,19.6,71.0,5.368673249495966,5.031326750504034,8.6,0,0
BASEL,2000-09-08,0,0.69,1.0229,2.23,0.0,12.2,15.2,8.6,22.3,69.0,3.2359484299955508,5.364051570004449,11.0,0,0
BASEL,2000-09-09,5,0.72,1.024,2.07,0.0,11.4,17.2,11.0,24.1,72.0,6.146976529171403,4.853023470828597,12.8,0,0
BASEL,2000-09-10,3,0.75,1.0214,2.12,0.0,11.8,18.5,12.8,25.0,75.0,8.478357093651594,4.321642906348407,13.8,0,0
BASEL,2000-09-11,1,0.76,1.0166,2.07,0.0,11.5,19.3,13.8,25.9,76.0,9.641319439420169,4.158680560579832,14.2,0,0
BASEL,2000-09-12,7,0.75,1.0134,1.85,0.08,10.4,20.5,14.2,27.0,75.0,9.830337635783206,4.3696623642167935,16.2,0,0
BASEL,2000-09-13,5,0.8,1.0154,1.14,0.0,4.9,18.8,16.2,22.8,80.0,12.743510006003163,3.4564899939968363,14.6,0,0
BASEL,2000-09-14,6,0.78,1.0162,1.59,0.0,7.0,19.1,14.6,24.4,78.0,10.805189870234242,3.7948101297657573,16.1,0,0
BASEL,2000-09-15,3,0.73,1.0132,1.77,0.0,9.7,21.3,16.1,26.8,73.0,11.25599855214396,4.844001447856041,13.9,0,0
BASEL,2000-09-16,7,0.63,1.0138,1.31,0.0,3.4,17.1,13.9,22.0,63.0,6.971366762044749,6.9286332379552515,11.8,0,0
BASEL,2000-09-17,7,0.66,1.0138,1.62,0.0,6.7,15.4,11.8,19.2,66.0,5.654246597965584,6.1457534020344164,10.0,0,0
BASEL,2000-09-18,3,0.74,1.0093,1.96,0.0,10.7,15.2,10.0,21.6,74.0,5.579932766086768,4.420067233913232,11.6,0,0
BASEL,2000-09-19,2,0.69,1.0037,1.9,0.03,10.8,17.9,11.6,24.6,69.0,6.105938854377236,5.494061145622764,13.3,0,0
BASEL,2000-09-20,8,0.85,1.0071,0.3,1.8,0.1,14.7,13.3,17.0,85.0,10.830349001052785,2.469650998947216,9.8,0,0
BASEL,2000-09-21,5,0.77,1.0185,1.26,0.0,4.4,13.5,9.8,18.1,77.0,5.960402684110164,3.8395973158898364,8.4,0,0
BASEL,2000-09-22,3,0.73,1.0243,1.79,0.0,9.1,14.1,8.4,21.0,73.0,3.842823966521353,4.5571760334786475,8.7,0,0
BASEL,2000-09-23,1,0.74,1.0214,1.87,0.0,11.4,14.5,8.7,20.1,74.0,4.32579689993771,4.37420310006229,10.5,0,0
BASEL,2000-09-24,3,0.75,1.0193,1.8,0.0,10.7,16.0,10.5,22.5,75.0,6.2566801277365975,4.2433198722634025,13.0,0,0
BASEL,2000-09-25,7,0.82,1.0228,0.89,0.0,1.2,16.2,13.0,21.4,82.0,9.99801513240056,3.0019848675994396,12.7,0,0
BASEL,2000-09-26,6,0.77,1.0208,1.57,0.0,9.3,17.9,12.7,24.5,77.0,8.770611358700041,3.9293886412999584,13.8,0,0
BASEL,2000-09-27,6,0.78,1.0189,1.22,0.0,4.4,17.9,13.8,22.9,78.0,10.029037255182178,3.7709627448178225,14.3,0,0
BASEL,2000-09-28,5,0.72,1.0102,1.59,0.0,7.5,19.1,14.3,25.9,72.0,9.318622355495316,4.9813776445046845,12.6,0,0
BASEL,2000-09-29,2,0.73,1.0027,1.64,0.0,8.9,18.1,12.6,24.4,73.0,7.887438290802342,4.712561709197658,13.7,0,0
BASEL,2000-09-30,8,0.84,1.0066,0.15,0.94,0.0,14.7,13.7,16.1,84.0,11.044007951124193,2.655992048875806,12.5,0,0
BASEL,2000-10-01,7,0.84,1.0081,0.65,0.0,0.4,14.6,12.5,17.0,84.0,9.869170300183331,2.630829699816669,11.0,0,0
BASEL,2000-10-02,6,0.78,1.0129,0.73,0.04,1.5,12.8,11.0,16.1,78.0,7.311919971088617,3.688080028911383,11.5,0,0
BASEL,2000-10-03,7,0.79,1.022,0.81,0.0,0.4,13.1,11.5,16.1,79.0,7.984357095425435,3.515642904574565,10.1,0,0
BASEL,2000-10-04,6,0.76,1.0214,1.17,0.0,4.1,13.9,10.1,18.0,76.0,6.061799766849253,4.0382002331507465,8.1,0,0
BASEL,2000-10-05,7,0.81,1.0196,0.96,0.62,1.9,12.5,8.1,16.5,81.0,5.037297905210576,3.0627020947894232,8.3,0,0
BASEL,2000-10-06,6,0.8,1.024,0.78,0.17,2.4,10.5,8.3,13.0,80.0,5.053883407563095,3.2461165924369055,4.9,0,0
BASEL,2000-10-07,5,0.82,1.0255,1.14,0.44,4.5,8.3,4.9,12.8,82.0,2.0877787890769834,2.812221210923017,3.3,0,0
BASEL,2000-10-08,7,0.83,1.0213,1.29,0.68,5.0,8.0,3.3,12.2,83.0,0.6922291956024971,2.6077708043975028,7.1,0,0
BASEL,2000-10-09,4,0.78,1.0123,1.15,0.25,3.7,10.4,7.1,14.6,78.0,3.5258514484445334,3.5741485515554663,7.3,0,0
BASEL,2000-10-10,6,0.66,0.9999,0.98,0.06,4.0,10.7,7.3,13.9,66.0,1.3713039493854582,5.928696050614541,8.0,0,0
BASEL,2000-10-11,8,0.79,0.9927,0.17,0.79,0.0,11.1,8.0,13.9,79.0,4.581740311213321,3.418259688786679,9.5,0,0
BASEL,2000-10-12,7,0.84,1.0018,0.71,0.55,0.3,12.1,9.5,14.9,84.0,6.931557683243771,2.5684423167562294,9.5,0,0
BASEL,2000-10-13,8,0.89,1.0126,0.26,0.19,0.0,10.9,9.5,12.1,89.0,7.7773764143933874,1.7226235856066126,9.9,0,0
BASEL,2000-10-14,8,0.91,1.0146,0.28,0.02,0.0,11.7,9.9,13.4,91.0,8.499519084249219,1.4004809157507818,11.6,0,0
BASEL,2000-10-15,7,0.87,1.0081,0.47,0.37,0.3,12.9,11.6,15.7,87.0,9.509268098559227,2.0907319014407726,10.2,0,0
BASEL,2000-10-16,4,0.79,1.0133,1.32,0.0,7.6,13.9,10.2,18.8,79.0,6.720685421161334,3.4793145788386655,9.5,0,0
BASEL,2000-10-17,7,0.79,1.0255,0.58,0.33,0.0,11.9,9.5,14.7,79.0,6.040169776591196,3.4598302234088036,9.2,0,0
BASEL,2000-10-18,7,0.82,1.0249,0.83,0.02,0.9,11.7,9.2,14.6,82.0,6.287802373968098,2.912197626031901,11.1,0,0
BASEL,2000-10-19,6,0.85,1.0217,0.53,0.06,0.4,12.9,11.1,15.1,85.0,8.673242674428847,2.4267573255711525,10.4,0,0
BASEL,2000-10-20,5,0.83,1.0205,1.04,0.0,5.5,12.8,10.4,16.6,83.0,7.637193691098755,2.7628063089012453,9.3,0,0
BASEL,2000-10-21,5,0.82,1.0248,1.09,0.0,7.3,13.1,9.3,17.9,82.0,6.385456809943433,2.914543190056568,8.3,0,0
BASEL,2000-10-22,0,0.84,1.0291,1.19,0.0,7.8,11.8,8.3,16.5,84.0,5.756305193558173,2.5436948064418274,9.0,0,0
BASEL,2000-10-23,1,0.82,1.0263,1.2,0.15,9.3,12.2,9.0,17.2,82.0,6.092490702868289,2.9075092971317114,10.8,0,0
BASEL,2000-10-24,7,0.89,1.0239,0.36,0.25,0.3,13.4,10.8,16.6,89.0,9.059274356372095,1.740725643627906,10.2,0,0
BASEL,2000-10-25,7,0.82,1.0176,0.97,0.06,4.3,14.6,10.2,19.5,82.0,7.264304748891107,2.935695251108892,10.9,0,0
BASEL,2000-10-26,8,0.79,1.018,0.53,0.0,0.7,12.9,10.9,16.0,79.0,7.401147128384435,3.498852871615566,7.0,0,0
BASEL,2000-10-27,5,0.73,1.0226,1.06,0.0,6.0,11.0,7.0,14.7,73.0,2.4940510427997906,4.505948957200209,5.7,0,0
BASEL,2000-10-28,4,0.79,1.0191,1.11,0.0,8.6,10.5,5.7,16.3,79.0,2.3450005629645965,3.3549994370354037,6.4,0,0
BASEL,2000-10-29,6,0.7,1.0196,0.5,0.04,1.9,10.4,6.4,14.2,70.0,1.3304193648322356,5.069580635167765,5.1,0,0
BASEL,2000-10-30,7,0.58,1.0051,0.63,0.78,1.2,13.9,5.1,20.1,57.99999999999999,-2.4784994126718383,7.578499412671838,7.6,0,0
BASEL,2000-10-31,7,0.78,1.006,0.28,0.48,0.2,9.7,7.6,17.2,78.0,4.011343274731292,3.5886567252687076,6.8,0,0
BASEL,2000-11-01,4,0.62,1.0095,0.91,0.0,5.9,11.3,6.8,14.7,62.0,0.03131717789065611,6.768682822109343,7.1,0,0
BASEL,2000-11-02,5,0.65,1.0049,0.55,0.95,4.2,11.4,7.1,14.1,65.0,0.9688201994011494,6.131179800598851,7.8,0,0
BASEL,2000-11-03,8,0.87,1.0034,0.12,0.15,0.0,9.3,7.8,12.3,87.0,5.772259843249212,2.027740156750788,6.0,0,0
BASEL,2000-11-04,7,0.78,1.0137,0.63,0.17,2.7,7.8,6.0,11.5,78.0,2.4576675004195456,3.5423324995804544,4.6,0,0
BASEL,2000-11-05,3,0.74,1.0114,1.01,0.02,8.7,7.5,4.6,11.4,74.0,0.3689060170255963,4.231093982974404,6.1,0,0
BASEL,2000-11-06,8,0.72,0.9882,0.1,0.52,0.3,8.6,6.1,11.9,72.0,1.434531871991812,4.665468128008188,9.4,0,0
BASEL,2000-11-07,7,0.52,0.9893,0.66,0.0,2.7,11.1,9.4,13.3,52.0,0.04193754101254815,9.358062458987453,8.2,0,0
BASEL,2000-11-08,5,0.49,0.9993,0.71,0.02,3.4,10.4,8.2,13.8,49.0,-1.8768777934179433,10.076877793417943,3.7,0,0
BASEL,2000-11-09,7,0.71,1.0125,0.41,0.09,0.3,8.3,3.7,11.9,71.0,-1.065861668791396,4.765861668791397,3.3,0,0
BASEL,2000-11-10,7,0.76,1.0227,0.43,0.0,0.5,6.6,3.3,10.0,76.0,-0.5213215818363341,3.821321581836334,1.5,1,1
BASEL,2000-11-11,3,0.77,1.0244,0.91,0.0,7.7,5.6,1.5,11.0,77.0,-2.08825769328812,3.58825769328812,3.1,0,0
BASEL,2000-11-12,7,0.68,1.0117,0.23,0.08,0.0,7.0,3.1,10.1,68.0,-2.227009283275255,5.327009283275255,7.6,0,0
BASEL,2000-11-13,8,0.82,1.004,0.21,1.15,0.0,9.6,7.6,11.9,82.0,4.725204495113906,2.8747955048860936,4.5,0,0
BASEL,2000-11-14,8,0.9,1.0107,0.09,1.1,0.0,7.0,4.5,8.8,90.0,3.0037184994902386,1.4962815005097614,3.6,0,0
BASEL,2000-11-15,7,0.86,1.0177,0.38,0.0,0.0,6.2,3.6,8.8,86.0,1.4795545090832332,2.120445490916767,3.0,1,0
BASEL,2000-11-16,8,0.85,1.0155,0.61,0.03,3.1,5.1,3.0,7.3,85.0,0.7279613788474121,2.272038621152588,4.0,0,0
BASEL,2000-11-17,8,0.87,1.0156,0.09,1.07,0.0,5.0,4.0,5.7,87.0,2.0342959299702996,1.9657040700297004,1.9,1,1
BASEL,2000-11-18,7,0.8,1.0183,0.38,0.0,0.5,4.6,1.9,7.4,80.0,-1.1804676099247675,3.080467609924767,0.6,1,1
BASEL,2000-11-19,6,0.79,1.0081,0.45,0.13,0.5,4.4,0.6,8.7,79.0,-2.616805761279943,3.216805761279943,5.8,0,0
BASEL,2000-11-20,7,0.78,1.0066,0.44,0.43,0.7,7.1,5.8,8.6,78.0,2.263437177656025,3.5365628223439747,4.7,0,0
BASEL,2000-11-21,3,0.74,1.0093,0.71,0.1,5.5,6.8,4.7,9.7,74.0,0.4654433717671075,4.234556628232893,5.9,0,0
BASEL,2000-11-22,6,0.84,1.0122,0.27,0.77,0.6,8.5,5.9,10.5,84.0,3.405444499104947,2.4945555008950535,7.8,0,0
BASEL,2000-11-23,8,0.84,1.0055,0.1,0.53,0.0,9.0,7.8,10.3,84.0,5.266581663866042,2.533418336133958,3.5,0,0
BASEL,2000-11-24,6,0.85,1.0123,0.18,0.32,0.0,6.5,3.5,8.2,85.0,1.2185570130931593,2.281442986906841,2.3,1,1
BASEL,2000-11-25,3,0.82,1.0109,0.62,0.65,6.0,5.2,2.3,9.0,82.0,-0.45260774486325334,2.752607744863253,4.9,0,0
BASEL,2000-11-26,7,0.75,1.0099,0.24,0.25,0.2,7.1,4.9,9.8,75.0,0.844435009934858,4.055564990065142,5.0,0,0
BASEL,2000-11-27,7,0.77,1.0199,0.39,0.25,0.6,7.1,5.0,9.3,77.0,1.3067771774214691,3.693222822578531,7.0,0,0
BASEL,2000-11-28,5,0.86,1.0197,0.47,0.0,3.2,9.8,7.0,14.0,86.0,4.819647879404931,2.180352120595069,6.9,0,0
BASEL,2000-11-29,5,0.86,1.016,0.52,0.0,3.9,8.8,6.9,11.6,86.0,4.721421643772946,2.178578356227054,6.4,0,0
BASEL,2000-11-30,2,0.83,1.0191,0.53,0.0,4.6,8.3,6.4,12.1,83.0,3.7250821503023834,2.674917849697617,4.1,0,0
BASEL,2000-12-01,7,0.87,1.0188,0.56,0.04,4.5,6.0,4.1,7.9,87.0,2.1326756480026448,1.967324351997355,6.4,0,0
BASEL,2000-12-02,8,0.84,1.0184,0.26,0.02,0.4,8.2,6.4,11.2,84.0,3.895246261070302,2.5047537389296983,7.5,0,0
BASEL,2000-12-03,8,0.76,1.0217,0.26,0.0,0.0,9.1,7.5,10.5,76.0,3.5454193096788083,3.9545806903211917,5.9,0,0
BASEL,2000-12-04,5,0.78,1.0203,0.59,0.12,6.1,8.1,5.9,10.7,78.0,2.360552918290252,3.5394470817097483,4.9,0,0
BASEL,2000-12-05,4,0.84,1.0191,0.6,0.0,6.7,6.8,4.9,10.6,84.0,2.4257792022077225,2.474220797792278,4.3,0,0
BASEL,2000-12-06,7,0.87,1.0179,0.28,0.43,0.5,6.1,4.3,7.8,87.0,2.329433097893413,1.970566902106587,6.2,0,0
BASEL,2000-12-07,8,0.79,1.0109,0.15,0.05,0.6,8.4,6.2,10.0,79.0,2.8312978986411337,3.3687021013588665,8.7,0,0
BASEL,2000-12-08,8,0.81,1.0116,0.06,1.43,0.0,9.7,8.7,11.7,81.0,5.622421095089925,3.077578904910074,6.6,0,0
BASEL,2000-12-09,4,0.83,1.0186,0.45,0.0,2.8,9.2,6.6,11.8,83.0,3.920721095775811,2.6792789042241885,4.6,0,0
BASEL,2000-12-10,7,0.74,1.0224,0.14,0.28,0.0,9.2,4.6,13.5,74.0,0.3689060170255963,4.231093982974404,7.6,0,0
BASEL,2000-12-11,5,0.67,1.0286,0.53,0.0,5.5,10.1,7.6,13.3,67.0,1.8670093476153171,5.732990652384682,6.7,0,0
BASEL,2000-12-12,7,0.74,1.025,0.35,0.0,1.6,9.0,6.7,11.1,74.0,2.3958983038728303,4.304101696127169,6.9,0,0
BASEL,2000-12-13,8,0.6,1.0225,0.39,0.0,1.7,11.7,6.9,15.6,60.0,-0.32507642508739976,7.2250764250874004,8.0,0,0
BASEL,2000-12-14,8,0.66,1.0134,0.18,0.22,0.0,9.3,8.0,11.0,66.0,2.0377895118546983,5.962210488145302,4.1,0,0
BASEL,2000-12-15,7,0.78,1.0114,0.29,0.16,1.8,5.7,4.1,9.2,78.0,0.6122923155298186,3.4877076844701813,2.3,1,1
BASEL,2000-12-16,5,0.72,1.0168,0.3,0.21,1.2,4.3,2.3,5.7,72.0,-2.2225134242046107,4.522513424204611,2.8,1,1
BASEL,2000-12-17,7,0.73,1.0177,0.29,0.03,0.3,4.8,2.8,7.5,73.0,-1.5539734326245673,4.353973432624567,0.2,1,1
BASEL,2000-12-18,8,0.8,1.0217,0.25,0.0,0.7,3.0,0.2,5.0,80.0,-2.8371869254847377,3.037186925484738,3.3,0,0
BASEL,2000-12-19,7,0.78,1.0217,0.45,0.0,2.3,6.1,3.3,11.1,78.0,-0.16483291294771757,3.4648329129477173,2.7,1,1
BASEL,2000-12-20,8,0.82,1.0206,0.13,0.0,0.0,4.5,2.7,6.4,82.0,-0.061737958608656426,2.7617379586086566,1.7,1,1
BASEL,2000-12-21,8,0.81,1.0223,0.18,0.0,0.0,3.3,1.7,4.3,81.0,-1.2062315397695818,2.906231539769582,-1.7,1,1
BASEL,2000-12-22,4,0.8,1.0207,0.45,0.0,3.5,0.4,-1.7,1.9,80.0,-4.6891721486129025,2.9891721486129024,-1.7,1,1
BASEL,2000-12-23,0,0.8,1.0157,0.6,0.0,7.5,0.3,-1.7,3.6,80.0,-4.6891721486129025,2.9891721486129024,-2.1,1,1
BASEL,2000-12-24,7,0.78,1.0059,0.4,0.4,1.5,0.0,-2.1,1.7,78.0,-5.412368977567974,3.312368977567974,1.3,1,1
BASEL,2000-12-25,8,0.89,0.9965,0.17,0.46,0.0,3.6,1.3,5.1,89.0,-0.3106072884964383,1.6106072884964384,4.5,0,0
BASEL,2000-12-26,7,0.85,0.9925,0.54,0.01,5.6,5.9,4.5,8.9,85.0,2.1996905673532305,2.3003094326467695,3.3,0,0
BASEL,2000-12-27,5,0.83,0.9921,0.37,0.04,1.7,5.2,3.3,8.2,83.0,0.6922291956024971,2.6077708043975028,-0.6,1,1
BASEL,2000-12-28,6,0.8,1.0002,0.17,0.01,1.1,2.6,-0.6,6.5,80.0,-3.6169241444774127,3.0169241444774126,-0.8,1,1
BASEL,2000-12-29,8,0.81,1.0021,0.16,0.17,0.0,1.1,-0.8,2.6,81.0,-3.646211051428771,2.846211051428771,-0.8,1,1
BASEL,2000-12-30,4,0.77,1.0069,0.43,0.01,3.3,1.0,-0.8,3.4,77.0,-4.320092234316966,3.520092234316966,-0.8,1,1
BASEL,2000-12-31,3,0.76,1.0188,0.59,0.0,5.8,0.6,-0.8,2.9,76.0,-4.493403791312758,3.6934037913127584,-1.3,1,1
BASEL,2001-01-01,7,0.68,1.0086,0.16,1.22,0.0,0.8,-1.3,4.4,68.0,-6.436189291488686,5.136189291488686,3.5,0,0
BASEL,2001-01-02,8,0.81,1.0049,0.07,1.01,0.0,6.6,3.5,9.2,81.0,0.5501706816043039,2.949829318395696,3.3,0,0
BASEL,2001-01-03,6,0.7,1.0118,0.37,0.0,2.4,7.0,3.3,9.2,70.0,-1.6429375472479832,4.942937547247983,3.3,0,0
BASEL,2001-01-04,7,0.71,1.0083,0.13,0.04,0.2,6.7,3.3,10.0,71.0,-1.4502360775256902,4.75023607752569,4.6,0,0
BASEL,2001-01-05,8,0.71,1.0017,0.08,1.51,0.0,9.3,4.6,14.7,71.0,-0.20111119141967918,4.801111191419679,5.1,0,0
BASEL,2001-01-06,8,0.86,1.0071,0.07,1.01,0.0,7.8,5.1,11.4,86.0,2.9532270697560348,2.146772930243965,4.1,0,0
BASEL,2001-01-07,7,0.87,1.0147,0.24,0.0,0.0,4.9,4.1,5.9,87.0,2.1326756480026448,1.967324351997355,3.6,0,0
BASEL,2001-01-08,8,0.84,1.0157,0.21,0.0,0.0,5.0,3.6,6.1,84.0,1.152091167633115,2.447908832366885,-0.4,1,1
BASEL,2001-01-09,3,0.81,1.0179,0.63,0.01,6.4,1.9,-0.4,5.2,81.0,-3.2557727525176663,2.8557727525176664,2.1,1,1
BASEL,2001-01-10,8,0.8,1.0151,0.25,0.27,0.1,3.6,2.1,4.9,80.0,-0.9855793262557748,3.085579326255775,4.6,0,0
BASEL,2001-01-11,8,0.82,1.0181,0.12,0.04,0.0,6.0,4.6,7.4,82.0,1.79468948030109,2.8053105196989097,-0.4,1,1
BASEL,2001-01-12,8,0.88,1.0221,0.08,0.0,0.0,3.9,-0.4,5.6,88.0,-2.1406872202165363,1.7406872202165364,-2.6,1,1
BASEL,2001-01-13,2,0.69,1.0268,0.52,0.0,4.4,-0.9,-2.6,1.1,69.0,-7.49214915066201,4.892149150662011,-3.3,1,1
BASEL,2001-01-14,1,0.59,1.0273,0.72,0.0,7.6,-1.8,-3.3,0.7,59.0,-10.155423890477344,6.855423890477344,-3.3,1,1
BASEL,2001-01-15,2,0.7,1.0257,0.67,0.0,7.1,-1.8,-3.3,0.0,70.0,-7.978539055973188,4.6785390559731885,-4.4,1,1
BASEL,2001-01-16,3,0.79,1.0241,0.66,0.0,4.9,-1.1,-4.4,2.3,79.0,-7.484105711321313,3.084105711321313,-3.4,1,1
BASEL,2001-01-17,4,0.76,1.0213,0.64,0.0,5.6,-0.2,-3.4,4.0,76.0,-7.013396037558206,3.6133960375582057,0.0,1,1
BASEL,2001-01-18,7,0.8,1.0205,0.34,0.0,0.3,1.8,0.0,4.5,80.0,-3.032114953598652,3.032114953598652,0.2,1,1
BASEL,2001-01-19,8,0.88,1.0226,0.23,0.26,0.0,2.1,0.2,3.7,88.0,-1.5494683647062715,1.7494683647062714,1.6,1,1
BASEL,2001-01-20,8,0.87,1.0252,0.33,0.25,0.0,3.5,1.6,5.7,87.0,-0.32701593824445907,1.9270159382444592,-0.4,1,1
BASEL,2001-01-21,7,0.83,1.0261,0.59,0.15,2.5,1.7,-0.4,4.1,83.0,-2.92873292706373,2.52873292706373,2.0,1,1
BASEL,2001-01-22,7,0.76,1.0144,0.61,0.28,4.8,4.5,2.0,7.4,76.0,-1.7805302479865428,3.780530247986543,4.2,0,0
BASEL,2001-01-23,8,0.81,1.0097,0.43,0.11,0.6,7.7,4.2,10.7,81.0,1.233129410154289,2.966870589845711,4.2,0,0
BASEL,2001-01-24,7,0.81,1.0069,0.08,1.12,0.0,7.5,4.2,9.9,81.0,1.233129410154289,2.966870589845711,3.1,0,0
BASEL,2001-01-25,5,0.85,1.0092,0.5,0.47,3.8,6.0,3.1,9.0,85.0,0.8260820448272297,2.27391795517277,2.0,1,1
BASEL,2001-01-26,5,0.78,1.008,0.47,0.06,2.2,5.2,2.0,8.9,78.0,-1.4278196234605551,3.427819623460555,1.4,1,1
BASEL,2001-01-27,3,0.66,1.0046,0.81,0.31,5.4,6.2,1.4,8.4,66.0,-4.2498813327327225,5.649881332732722,0.3,1,1
BASEL,2001-01-28,6,0.72,1.0041,0.81,0.0,5.5,3.6,0.3,7.7,72.0,-4.1481507646482285,4.448150764648228,0.7,1,1
BASEL,2001-01-29,8,0.86,1.0153,0.26,0.0,0.0,1.6,0.7,3.0,86.0,-1.370002356846494,2.0700023568464943,0.2,1,1
BASEL,2001-01-30,7,0.84,1.0223,0.39,0.0,0.4,2.5,0.2,4.2,84.0,-2.179751246008023,2.379751246008023,-1.0,1,1
BASEL,2001-01-31,5,0.74,1.022,0.71,0.0,3.6,1.6,-1.0,3.4,74.0,-5.039407517885049,4.039407517885049,-1.6,1,1
BASEL,2001-02-01,7,0.75,1.0273,0.44,0.0,0.8,0.3,-1.6,2.3,75.0,-5.442875471972252,3.842875471972252,-3.3,1,1
BASEL,2001-02-02,5,0.68,1.0232,0.6,0.0,1.5,-0.4,-3.3,2.6,68.0,-8.350578522827204,5.050578522827204,1.1,1,1
BASEL,2001-02-03,8,0.76,1.0134,0.17,0.46,0.0,5.6,1.1,8.0,76.0,-2.652416294525363,3.752416294525363,7.5,0,0
BASEL,2001-02-04,5,0.76,1.0095,0.86,0.02,5.2,10.1,7.5,13.5,76.0,3.5454193096788083,3.9545806903211917,8.7,0,0
BASEL,2001-02-05,8,0.55,1.0088,0.38,0.01,0.4,11.0,8.7,12.8,55.00000000000001,0.1644499352367076,8.535550064763292,8.3,0,0
BASEL,2001-02-06,6,0.62,1.0104,0.84,0.0,5.8,11.2,8.3,16.6,62.0,1.4491746343179543,6.850825365682047,6.8,0,0
BASEL,2001-02-07,7,0.69,1.008,0.42,0.0,0.0,9.4,6.8,12.6,69.0,1.513223194205228,5.286776805794772,6.4,0,0
BASEL,2001-02-08,8,0.72,1.0049,0.54,0.45,1.9,8.0,6.4,13.9,72.0,1.7231530628272536,4.676846937172747,2.6,1,1
BASEL,2001-02-09,6,0.65,1.0177,0.69,0.0,1.8,6.6,2.6,9.4,65.0,-3.310561783771514,5.910561783771515,-0.6,1,1
BASEL,2001-02-10,0,0.76,1.0341,1.08,0.0,8.2,3.4,-0.6,8.5,76.0,-4.299593953365303,3.699593953365303,0.6,1,1
BASEL,2001-02-11,5,0.64,1.0391,1.05,0.0,7.7,6.1,0.6,12.4,64.0,-5.417733007537455,6.017733007537455,2.9,1,1
BASEL,2001-02-12,7,0.64,1.0306,0.91,0.7,4.9,7.4,2.9,13.2,64.0,-3.2329614937028124,6.132961493702812,5.0,0,0
BASEL,2001-02-13,8,0.84,1.0261,0.24,0.02,0.1,8.3,5.0,10.1,84.0,2.523749438493574,2.476250561506426,0.9,1,1
BASEL,2001-02-14,4,0.76,1.0292,0.94,0.0,5.3,4.1,0.9,8.9,76.0,-2.8461827738310075,3.7461827738310074,-0.5,1,1
BASEL,2001-02-15,1,0.76,1.0311,1.14,0.0,8.8,4.1,-0.5,9.4,76.0,-4.202690947568669,3.7026909475686693,0.4,1,1
BASEL,2001-02-16,4,0.78,1.031,0.79,0.0,2.4,4.8,0.4,9.9,78.0,-2.9825337712432844,3.3825337712432844,2.2,1,1
BASEL,2001-02-17,8,0.8,1.0336,0.26,0.01,0.1,3.5,2.2,6.1,80.0,-0.8881367530241954,3.0881367530241954,-0.3,1,1
BASEL,2001-02-18,6,0.81,1.0364,0.54,0.0,0.8,3.7,-0.3,6.6,81.0,-3.15816565286505,2.85816565286505,-1.3,1,1
BASEL,2001-02-19,3,0.78,1.0363,1.17,0.0,7.3,2.4,-1.3,7.2,78.0,-4.6347428358627205,3.3347428358627207,1.8,1,1
BASEL,2001-02-20,6,0.75,1.0336,0.67,0.0,1.3,3.2,1.8,6.1,75.0,-2.1534257753221024,3.9534257753221027,0.1,1,1
BASEL,2001-02-21,3,0.68,1.0304,1.18,0.0,6.7,3.8,0.1,8.1,68.0,-5.096535524190229,5.196535524190229,4.8,0,0
BASEL,2001-02-22,8,0.76,1.0191,0.39,0.08,0.0,6.5,4.8,7.9,76.0,0.9313438611065834,3.8686561388934164,2.1,1,1
BASEL,2001-02-23,8,0.78,1.0075,0.36,0.15,0.0,5.3,2.1,7.6,78.0,-1.330659844273203,3.430659844273203,-1.9,1,1
BASEL,2001-02-24,7,0.79,1.0088,0.47,0.14,0.5,0.7,-1.9,3.3,79.0,-5.050111040188504,3.1501110401885044,-2.0,1,1
BASEL,2001-02-25,7,0.8,1.0123,0.86,0.0,1.5,-0.7,-2.0,1.4,80.0,-4.98162539528639,2.9816253952863896,-4.2,1,1
BASEL,2001-02-26,1,0.7,1.0117,1.14,0.0,7.0,-0.7,-4.2,2.9,70.0,-8.843036509041593,4.643036509041592,-2.8,1,1
BASEL,2001-02-27,7,0.55,0.9992,1.19,0.0,5.1,1.4,-2.8,6.1,55.00000000000001,-10.569961423696718,7.769961423696718,0.4,1,1
BASEL,2001-02-28,7,0.64,0.9958,0.72,0.01,1.3,2.4,0.4,6.2,64.0,-5.607763470948112,6.007763470948112,1.1,1,1
BASEL,2001-03-01,7,0.82,1.0001,0.47,0.53,0.6,2.5,1.1,4.7,82.0,-1.6253067680356756,2.7253067680356757,0.4,1,1
BASEL,2001-03-02,5,0.8,0.9986,0.92,2.67,4.1,3.2,0.4,5.8,80.0,-2.64226308156911,3.04226308156911,0.8,1,1
BASEL,2001-03-03,7,0.91,0.9929,0.28,1.47,0.0,1.5,0.8,2.5,91.0,-0.4996995621668417,1.2996995621668417,2.5,1,0
BASEL,2001-03-04,8,0.84,0.9998,0.34,1.58,0.0,5.9,2.5,9.4,84.0,0.0742463896151352,2.4257536103848647,1.5,1,1
BASEL,2001-03-05,5,0.75,1.0168,1.01,0.0,4.5,5.9,1.5,9.9,75.0,-2.443609321496113,3.943609321496113,-0.4,1,1
BASEL,2001-03-06,4,0.78,1.0201,1.53,0.26,7.9,3.5,-0.4,8.6,78.0,-3.7600021658215774,3.3600021658215775,4.5,0,0
BASEL,2001-03-07,8,0.85,1.0143,0.36,0.33,0.0,6.8,4.5,10.0,85.0,2.1996905673532305,2.3003094326467695,7.0,0,0
BASEL,2001-03-08,8,0.89,1.0064,0.33,0.87,0.0,9.1,7.0,11.5,89.0,5.311923970900781,1.6880760290992187,7.7,0,0
BASEL,2001-03-09,7,0.73,1.0097,0.83,0.0,1.3,10.0,7.7,13.1,73.0,3.168473027063487,4.531526972936513,7.7,0,0
BASEL,2001-03-10,7,0.8,1.0103,0.41,0.45,0.4,9.7,7.7,13.5,80.0,4.469594843432069,3.2304051565679313,9.5,0,0
BASEL,2001-03-11,8,0.83,1.0135,0.32,1.44,0.0,11.8,9.5,13.8,83.0,6.757091075750058,2.7429089242499423,7.6,0,0
BASEL,2001-03-12,8,0.86,1.0092,0.21,1.36,0.0,10.7,7.6,13.5,86.0,5.408990271257611,2.1910097287423884,4.0,0,0
BASEL,2001-03-13,6,0.67,1.0094,1.03,1.75,2.6,7.7,4.0,12.4,67.0,-1.567861513295004,5.567861513295004,5.2,0,0
BASEL,2001-03-14,8,0.79,1.0143,0.49,0.45,0.1,6.9,5.2,8.3,79.0,1.8586756871894217,3.3413243128105785,7.0,0,0
BASEL,2001-03-15,7,0.81,1.014,0.54,0.1,0.1,10.5,7.0,13.1,81.0,3.9644796079568896,3.0355203920431104,6.7,0,0
BASEL,2001-03-16,5,0.74,1.0091,1.73,0.54,8.5,12.2,6.7,18.5,74.0,2.3958983038728303,4.304101696127169,9.2,0,0
BASEL,2001-03-17,8,0.84,1.0037,0.39,0.16,0.0,10.1,9.2,12.1,84.0,6.637755675376826,2.5622443246231734,7.7,0,0
BASEL,2001-03-18,7,0.62,1.0052,1.11,0.36,3.4,11.0,7.7,14.5,62.0,0.8820894396926212,6.817910560307379,4.4,0,0
BASEL,2001-03-19,8,0.72,1.0148,0.91,0.36,0.8,6.1,4.4,11.1,72.0,-0.20124499559439607,4.601244995594397,4.4,0,0
BASEL,2001-03-20,8,0.87,1.0133,0.45,0.78,0.0,5.5,4.4,8.2,87.0,2.4278108297652006,1.9721891702347998,8.0,0,0
BASEL,2001-03-21,8,0.75,1.0046,0.33,1.03,0.0,11.6,8.0,14.9,75.0,3.8410152934866977,4.158984706513302,9.5,0,0
BASEL,2001-03-22,6,0.71,1.0044,0.99,0.07,2.4,12.1,9.5,14.1,71.0,4.504742539832238,4.995257460167762,9.4,0,0
BASEL,2001-03-23,7,0.71,1.0069,1.08,0.11,2.9,15.1,9.4,21.5,71.0,4.408742391808282,4.991257608191718,11.3,0,0
BASEL,2001-03-24,7,0.74,1.001,1.23,0.55,3.7,14.4,11.3,19.0,74.0,6.833833747860889,4.466166252139112,5.9,0,0
BASEL,2001-03-25,7,0.73,0.9983,1.12,0.31,2.4,11.4,5.9,16.6,73.0,1.4341015010162774,4.465898498983723,4.7,0,0
BASEL,2001-03-26,8,0.79,1.0086,0.88,0.01,0.2,6.8,4.7,9.9,79.0,1.3723232689760605,3.3276767310239395,3.8,0,0
BASEL,2001-03-27,7,0.78,1.012,1.0,0.0,0.5,6.6,3.8,10.7,78.0,0.3208790470072489,3.479120952992751,5.5,0,0
BASEL,2001-03-28,7,0.71,1.0081,1.11,0.56,2.9,9.5,5.5,14.3,71.0,0.6635120041578653,4.836487995842135,7.3,0,0
BASEL,2001-03-29,8,0.69,1.0034,0.53,0.78,0.0,8.6,7.3,13.0,69.0,1.9918129956321127,5.308187004367888,4.4,0,0
BASEL,2001-03-30,6,0.73,1.0152,1.45,0.0,2.5,7.9,4.4,11.2,73.0,-0.01156709054066959,4.41156709054067,1.9,1,1
BASEL,2001-03-31,5,0.64,1.025,2.22,0.0,11.3,8.6,1.9,15.7,64.0,-4.1827313100808405,6.08273131008084,4.3,0,0
BASEL,2001-04-01,3,0.56,1.0241,2.31,0.0,12.0,12.0,4.3,19.9,56.00000000000001,-3.6984288268353773,7.998428826835378,6.3,0,0
BASEL,2001-04-02,7,0.57,1.018,2.19,0.0,11.7,14.1,6.3,22.9,56.99999999999999,-1.5888378168341872,7.888837816834187,7.8,0,0
BASEL,2001-04-03,7,0.73,1.0194,0.73,0.0,0.0,11.0,7.8,13.9,73.0,3.2648132249776127,4.535186775022387,5.8,0,0
BASEL,2001-04-04,7,0.73,1.0138,0.72,0.65,1.0,10.4,5.8,17.7,73.0,1.3377337495183315,4.462266250481669,4.5,0,0
BASEL,2001-04-05,4,0.62,1.0193,1.89,0.19,7.1,8.4,4.5,13.0,62.0,-2.14366656953777,6.6436665695377695,7.4,0,0
BASEL,2001-04-06,8,0.71,1.0132,1.39,0.73,2.4,11.7,7.4,16.8,71.0,2.488409778584028,4.911590221415972,4.8,0,0
BASEL,2001-04-07,7,0.75,1.0071,1.03,0.57,2.0,7.8,4.8,12.6,75.0,0.7477498147402769,4.052250185259723,5.1,0,0
BASEL,2001-04-08,7,0.81,1.0159,0.93,0.39,1.0,7.9,5.1,12.3,81.0,2.1111479735094156,2.988852026490584,6.8,0,0
BASEL,2001-04-09,8,0.85,1.0218,0.47,2.5,0.0,7.6,6.8,9.0,85.0,4.456005751653076,2.343994248346924,7.0,0,0
BASEL,2001-04-10,8,0.83,1.0151,0.52,0.68,0.1,8.6,7.0,11.1,83.0,4.311988447714249,2.688011552285751,5.7,0,0
BASEL,2001-04-11,7,0.77,1.0193,1.51,0.01,3.8,8.1,5.7,11.8,77.0,1.9856053503660667,3.7143946496339337,6.5,0,0
BASEL,2001-04-12,7,0.66,1.0256,1.56,0.0,3.3,8.8,6.5,12.3,66.0,0.6094933049430629,5.890506695056937,1.8,1,1
BASEL,2001-04-13,5,0.56,1.0266,2.06,0.0,7.0,4.7,1.8,9.0,56.00000000000001,-6.036701392669558,7.836701392669558,-0.3,1,1
BASEL,2001-04-14,6,0.59,1.0267,1.62,0.0,4.2,2.7,-0.3,6.6,59.0,-7.329395750077841,7.029395750077841,1.4,1,1
BASEL,2001-04-15,7,0.74,1.0155,0.32,0.29,0.5,4.9,1.4,8.3,74.0,-2.7210241959148176,4.121024195914817,3.3,0,0
BASEL,2001-04-16,8,0.88,1.0155,1.0,1.23,1.3,6.3,3.3,9.3,88.0,1.5048130586385111,1.7951869413614887,3.8,0,0
BASEL,2001-04-17,7,0.79,1.0182,1.33,0.17,1.4,6.6,3.8,10.2,79.0,0.4968195017789131,3.303180498221087,2.3,1,1
BASEL,2001-04-18,5,0.7,1.0104,1.53,0.42,2.0,7.0,2.3,11.7,70.0,-2.6024196393931187,4.902419639393118,2.2,1,1
BASEL,2001-04-19,7,0.77,1.0108,1.54,0.01,2.7,4.9,2.2,8.3,77.0,-1.4091314921848739,3.609131492184874,0.7,1,1
BASEL,2001-04-20,6,0.75,1.0102,1.84,0.02,4.6,3.8,0.7,8.2,75.0,-3.2174907831299695,3.9174907831299697,1.3,1,1
BASEL,2001-04-21,8,0.9,1.0083,0.5,0.22,0.0,2.7,1.3,4.9,90.0,-0.15712322638929854,1.4571232263892986,1.4,1,1
BASEL,2001-04-22,7,0.82,1.0081,1.02,0.21,0.9,5.2,1.4,8.4,82.0,-1.3321194024017369,2.732119402401737,0.1,1,1
BASEL,2001-04-23,6,0.69,1.006,2.21,0.0,7.0,7.0,0.1,13.4,69.0,-4.903966079327106,5.003966079327106,2.7,1,1
BASEL,2001-04-24,6,0.66,1.0121,2.15,0.67,5.6,12.0,2.7,18.6,66.0,-3.0107520931284353,5.710752093128436,6.3,0,0
BASEL,2001-04-25,6,0.84,1.0158,0.62,1.41,1.8,9.5,6.3,11.8,84.0,3.797287555859392,2.5027124441406077,6.5,0,0
BASEL,2001-04-26,5,0.66,1.0221,1.86,0.02,4.8,10.1,6.5,15.0,66.0,0.6094933049430629,5.890506695056937,4.4,0,0
BASEL,2001-04-27,6,0.65,1.0183,2.11,0.16,4.7,11.7,4.4,18.8,65.0,-1.5983360069701185,5.998336006970119,9.8,0,0
BASEL,2001-04-28,7,0.66,1.0157,1.78,0.38,3.2,13.7,9.8,17.5,66.0,3.751186447181952,6.048813552818048,9.6,0,0
BASEL,2001-04-29,7,0.85,1.0117,1.37,0.09,1.1,13.2,9.6,17.1,85.0,7.202275010652363,2.397724989347637,9.9,0,0
BASEL,2001-04-30,8,0.88,1.0095,1.1,0.0,0.8,13.6,9.9,17.6,88.0,8.005527562716685,1.8944724372833157,8.1,0,0
BASEL,2001-05-01,7,0.69,1.0162,1.97,0.0,4.3,13.0,8.1,17.2,69.0,2.757468652091624,5.342531347908375,10.2,0,0
BASEL,2001-05-02,5,0.68,1.0132,2.36,0.0,6.9,15.6,10.2,22.7,68.0,4.557905497202885,5.642094502797114,11.4,0,0
BASEL,2001-05-03,7,0.74,1.0082,1.69,0.0,3.4,15.4,11.4,19.5,74.0,6.930277942489395,4.469722057510605,11.4,0,0
BASEL,2001-05-04,7,0.79,1.0057,1.03,0.6,0.2,14.0,11.4,16.6,79.0,7.887158185658888,3.5128418143411126,8.3,0,0
BASEL,2001-05-05,8,0.97,1.0078,0.19,1.92,0.0,10.2,8.3,12.1,97.0,7.851796438867631,0.44820356113236937,7.6,0,0
BASEL,2001-05-06,8,0.96,1.0155,0.31,0.18,0.0,8.1,7.6,9.4,96.0,7.003088837610189,0.5969111623898105,7.5,0,0
BASEL,2001-05-07,8,0.94,1.0203,0.27,0.09,0.0,8.7,7.5,10.4,94.0,6.597109008867961,0.9028909911320389,8.7,0,0
BASEL,2001-05-08,8,0.88,1.0224,0.69,0.0,0.0,11.0,8.7,14.1,88.0,6.82377671119561,1.8762232888043897,10.5,0,0
BASEL,2001-05-09,5,0.76,1.0186,2.63,0.0,8.0,15.0,10.5,20.3,76.0,6.4488588456027305,4.0511411543972695,9.4,0,0
BASEL,2001-05-10,5,0.78,1.0164,2.47,0.0,8.7,16.2,9.4,23.4,78.0,5.758874130361722,3.6411258696382784,8.5,0,0
BASEL,2001-05-11,1,0.64,1.0173,2.94,0.0,11.9,16.7,8.5,24.3,64.0,2.082032656280589,6.417967343719411,8.5,0,0
BASEL,2001-05-12,4,0.59,1.0166,3.06,0.0,13.7,17.3,8.5,24.6,59.0,0.9480997040050859,7.551900295994914,9.2,0,0
BASEL,2001-05-13,4,0.61,1.0119,2.74,0.11,10.3,17.9,9.2,25.2,61.0,2.071717488138923,7.128282511861077,12.4,0,0
BASEL,2001-05-14,8,0.82,1.01,1.28,1.9,1.4,15.7,12.4,21.7,82.0,9.412281607678237,2.9877183923217636,12.1,0,0
BASEL,2001-05-15,7,0.94,1.0107,0.86,0.96,1.4,13.5,12.1,15.9,94.0,11.162979146847537,0.9370208531524629,11.7,0,0
BASEL,2001-05-16,7,0.9,1.0119,1.41,2.32,3.5,14.7,11.7,20.1,90.0,10.113726112604494,1.586273887395505,11.8,0,0
BASEL,2001-05-17,7,0.94,1.0138,0.65,1.85,0.5,13.4,11.8,14.7,94.0,10.865224234867966,0.9347757651320343,7.1,0,0
BASEL,2001-05-18,7,0.78,1.0209,1.7,0.35,3.1,10.9,7.1,15.3,78.0,3.5258514484445334,3.5741485515554663,4.9,0,0
BASEL,2001-05-19,1,0.71,1.0241,3.25,0.0,13.7,12.2,4.9,18.8,71.0,0.08711068147326971,4.8128893185267305,6.4,0,0
BASEL,2001-05-20,3,0.72,1.0212,3.06,0.0,11.5,14.4,6.4,22.1,72.0,1.7231530628272536,4.676846937172747,8.3,0,0
BASEL,2001-05-21,5,0.69,1.0164,2.61,0.0,9.3,16.6,8.3,24.2,69.0,2.948865640408815,5.351134359591185,10.2,0,0
BASEL,2001-05-22,6,0.7,1.0161,2.83,0.0,10.5,16.1,10.2,21.6,70.0,4.973040434159708,5.226959565840291,10.0,0,0
BASEL,2001-05-23,3,0.67,1.0193,3.03,0.0,13.1,17.6,10.0,24.1,67.0,4.155614503226682,5.844385496773318,13.4,0,0
BASEL,2001-05-24,5,0.76,1.0195,2.12,0.68,4.8,18.5,13.4,24.9,76.0,9.25442830268633,4.14557169731367,13.7,0,0
BASEL,2001-05-25,5,0.75,1.0182,2.63,0.0,7.7,19.0,13.7,24.5,75.0,9.347517369043196,4.352482630956803,12.1,0,0
BASEL,2001-05-26,7,0.64,1.0205,2.99,0.0,12.2,19.8,12.1,26.0,64.0,5.495487547127259,6.604512452872741,13.9,0,0
BASEL,2001-05-27,5,0.62,1.0234,3.03,0.0,11.3,20.5,13.9,26.9,62.0,6.738257217833828,7.161742782166172,14.5,0,0
BASEL,2001-05-28,5,0.66,1.0242,2.99,0.0,12.6,21.8,14.5,27.8,66.0,8.222186004157342,6.277813995842658,15.2,0,0
BASEL,2001-05-29,6,0.64,1.0214,3.16,0.0,14.2,22.8,15.2,29.3,64.0,8.432767750229349,6.76723224977065,15.5,0,0
BASEL,2001-05-30,7,0.65,1.0164,3.1,0.03,13.6,22.7,15.5,28.0,65.0,8.94646608636748,6.553533913632521,11.7,0,0
BASEL,2001-05-31,6,0.67,1.0157,2.64,0.79,9.2,18.9,11.7,23.3,67.0,5.776076814178498,5.923923185821502,11.4,0,0
BASEL,2001-06-01,5,0.54,1.0213,2.88,0.0,8.7,15.2,11.4,19.3,54.0,2.4216715054560525,8.978328494543948,11.1,0,0
BASEL,2001-06-02,8,0.74,1.0154,0.69,1.75,0.3,12.6,11.1,17.5,74.0,6.640941190200022,4.459058809799978,6.2,0,0
BASEL,2001-06-03,7,0.81,1.0201,1.93,1.06,3.5,9.5,6.2,13.5,81.0,3.1841729636946527,3.0158270363053474,4.9,0,0
BASEL,2001-06-04,4,0.66,1.0269,3.21,0.0,13.0,11.0,4.9,16.4,66.0,-0.9144892425897212,5.814489242589722,6.1,0,0
BASEL,2001-06-05,5,0.64,1.0203,3.24,0.27,13.5,15.1,6.1,22.4,64.0,-0.19504999637635506,6.295049996376354,12.1,0,0
BASEL,2001-06-06,6,0.81,1.0173,1.68,0.77,2.5,14.8,12.1,19.5,81.0,8.937446987469247,3.1625530125307524,12.7,0,0
BASEL,2001-06-07,7,0.71,1.0166,2.41,0.0,5.3,16.3,12.7,21.0,71.0,7.575918794411119,5.1240812055888805,11.1,0,0
BASEL,2001-06-08,8,0.91,1.0143,0.45,1.36,0.0,13.7,11.1,15.3,91.0,9.685950015830944,1.414049984169056,10.7,0,0
BASEL,2001-06-09,8,0.98,1.0133,0.4,1.77,0.0,11.5,10.7,12.9,98.0,10.39670821552094,0.30329178447905925,11.7,0,0
BASEL,2001-06-10,8,0.88,1.0139,0.9,0.12,0.0,13.4,11.7,15.4,88.0,9.77798951588718,1.9220104841128194,7.4,0,0
BASEL,2001-06-11,3,0.66,1.0232,2.75,0.0,9.2,12.3,7.4,16.6,66.0,1.4665218150318975,5.933478184968103,5.9,0,0
BASEL,2001-06-12,1,0.61,1.021,3.44,0.0,14.5,13.9,5.9,21.9,61.0,-1.0416851415433723,6.941685141543372,9.0,0,0
BASEL,2001-06-13,7,0.62,1.0155,2.75,0.1,8.0,16.1,9.0,23.4,62.0,2.1106766689096372,6.889323331090363,10.7,0,0
BASEL,2001-06-14,3,0.7,1.0158,2.39,0.0,9.4,16.7,10.7,21.9,70.0,5.452157394428149,5.24784260557185,13.4,0,0
BASEL,2001-06-15,7,0.76,1.0136,2.12,0.69,6.1,17.3,13.4,26.3,76.0,9.25442830268633,4.14557169731367,13.0,0,0
BASEL,2001-06-16,7,0.87,1.0124,1.38,0.48,2.3,16.2,13.0,21.1,87.0,10.885819786673283,2.1141802133267174,12.1,0,0
BASEL,2001-06-17,5,0.72,1.015,2.15,0.17,4.1,15.3,12.1,19.5,72.0,7.204374282166274,4.895625717833726,11.3,0,0
BASEL,2001-06-18,7,0.8,1.0236,1.49,0.16,0.6,13.3,11.3,16.3,80.0,7.9747621700277715,3.325237829972229,11.2,0,0
BASEL,2001-06-19,7,0.76,1.0259,1.95,0.0,5.1,14.6,11.2,19.5,76.0,7.126163237286354,4.073836762713645,8.0,0,0
BASEL,2001-06-20,5,0.67,1.0215,3.28,0.0,12.0,15.6,8.0,22.6,67.0,2.2485162209343046,5.751483779065696,11.1,0,0
BASEL,2001-06-21,1,0.59,1.0155,3.34,0.0,14.4,19.2,11.1,25.9,59.0,3.3902509271368793,7.70974907286312,11.5,0,0
BASEL,2001-06-22,3,0.6,1.015,3.09,0.0,10.8,18.8,11.5,24.3,60.0,4.004779212193996,7.495220787806004,8.8,0,0
BASEL,2001-06-23,2,0.6,1.0186,3.41,0.0,14.6,17.2,8.8,24.2,60.0,1.4639252000496705,7.33607479995033,11.2,0,0
BASEL,2001-06-24,1,0.56,1.021,3.35,0.0,14.6,19.9,11.2,27.5,56.00000000000001,2.7469259975927853,8.453074002407213,12.8,0,0
BASEL,2001-06-25,1,0.6,1.0216,3.3,0.0,14.6,21.5,12.8,28.7,60.0,5.227562839528252,7.572437160471749,13.3,0,0
BASEL,2001-06-26,0,0.56,1.017,3.35,0.0,14.6,22.9,13.3,31.2,56.00000000000001,4.706147485481108,8.593852514518893,16.4,0,0
BASEL,2001-06-27,5,0.69,1.0146,2.36,2.68,7.0,21.5,16.4,27.8,69.0,10.694758635334184,5.705241364665815,15.4,0,0
BASEL,2001-06-28,7,0.85,1.0204,1.34,0.65,2.6,18.4,15.4,21.2,85.0,12.889057992527878,2.5109420074721225,13.4,0,0
BASEL,2001-06-29,1,0.71,1.0226,3.08,0.0,12.4,19.9,13.4,25.6,71.0,8.247524488636287,5.152475511363713,14.8,0,0
BASEL,2001-06-30,5,0.71,1.0217,2.45,0.01,7.5,21.0,14.8,27.2,71.0,9.590505395365847,5.209494604634154,15.4,0,0
BASEL,2001-07-01,4,0.66,1.0259,3.08,0.0,11.2,20.0,15.4,24.4,66.0,9.077861685703972,6.322138314296028,12.5,0,0
BASEL,2001-07-02,1,0.67,1.025,3.25,0.0,14.4,19.9,12.5,26.4,67.0,6.538465760445283,5.961534239554717,12.8,0,0
BASEL,2001-07-03,1,0.6,1.0169,3.31,0.0,14.8,20.6,12.8,27.7,60.0,5.227562839528252,7.572437160471749,16.8,0,0
BASEL,2001-07-04,4,0.54,1.0106,3.11,0.0,12.8,22.4,16.8,27.7,54.0,7.43550399167307,9.364496008326931,16.6,0,0
BASEL,2001-07-05,5,0.61,1.0104,2.59,0.0,8.3,23.3,16.6,29.8,61.0,9.044559238564368,7.555440761435634,17.2,0,0
BASEL,2001-07-06,4,0.66,1.0081,2.75,0.25,10.3,23.6,17.2,28.5,66.0,10.78875711109239,6.4112428889076085,15.5,0,0
BASEL,2001-07-07,8,0.82,1.0128,0.94,0.91,0.9,17.6,15.5,20.6,82.0,12.438210159996371,3.0617898400036285,14.8,0,0
BASEL,2001-07-08,6,0.73,1.016,1.7,0.18,3.0,19.0,14.8,22.6,73.0,10.005026043401193,4.794973956598808,13.9,0,0
BASEL,2001-07-09,6,0.7,1.017,2.66,0.0,6.9,19.1,13.9,24.4,70.0,8.517541261470546,5.382458738529454,13.2,0,0
BASEL,2001-07-10,7,0.62,1.0141,3.03,0.0,10.6,20.1,13.2,27.0,62.0,6.077488432283277,7.122511567716722,13.3,0,0
BASEL,2001-07-11,7,0.63,1.0176,1.37,0.0,3.2,18.7,13.3,21.5,63.0,6.403920428050633,6.896079571949367,13.0,0,0
BASEL,2001-07-12,5,0.68,1.0166,2.08,0.84,5.2,17.2,13.0,22.2,68.0,7.2312151455847795,5.7687848544152205,14.4,0,0
BASEL,2001-07-13,7,0.82,1.0134,1.79,0.09,3.7,17.9,14.4,22.3,82.0,11.364596139852319,3.0354038601476816,16.7,0,0
BASEL,2001-07-14,7,0.88,1.0109,1.0,1.36,0.6,19.2,16.7,23.2,88.0,14.700460563792992,1.999539436207007,10.9,0,0
BASEL,2001-07-15,8,0.97,1.016,0.49,2.65,0.0,13.3,10.9,17.1,97.0,10.442280964313975,0.4577190356860257,10.9,0,0
BASEL,2001-07-16,8,0.82,1.0166,1.46,0.05,0.4,14.1,10.9,17.3,82.0,7.947800902304461,2.952199097695539,11.4,0,0
BASEL,2001-07-17,4,0.75,1.0107,2.64,0.54,7.3,17.1,11.4,23.0,75.0,7.126115813857978,4.2738841861420225,12.7,0,0
BASEL,2001-07-18,5,0.67,1.0074,2.34,0.0,6.3,17.8,12.7,23.0,67.0,6.729044846379637,5.970955153620363,11.6,0,0
BASEL,2001-07-19,3,0.64,1.0076,2.23,0.1,7.2,17.3,11.6,22.1,64.0,5.021552151609031,6.578447848390969,13.7,0,0
BASEL,2001-07-20,7,0.79,1.0172,0.93,0.12,0.0,14.6,13.7,16.9,79.0,10.122454712037605,3.577545287962394,11.1,0,0
BASEL,2001-07-21,1,0.68,1.0213,3.16,0.0,14.1,17.8,11.1,23.7,68.0,5.417333476770364,5.682666523229636,12.1,0,0
BASEL,2001-07-22,1,0.64,1.0184,3.17,0.0,14.4,20.6,12.1,27.9,64.0,5.495487547127259,6.604512452872741,14.7,0,0
BASEL,2001-07-23,3,0.69,1.0158,2.64,0.07,9.7,20.7,14.7,29.7,69.0,9.069996875873617,5.630003124126382,16.2,0,0
BASEL,2001-07-24,7,0.8,1.0159,2.21,0.0,5.5,20.6,16.2,25.0,80.0,12.743510006003163,3.4564899939968363,15.3,0,0
BASEL,2001-07-25,3,0.77,1.0161,2.57,0.0,10.8,21.8,15.3,28.8,77.0,11.289240506312973,4.010759493687027,15.4,0,0
BASEL,2001-07-26,3,0.69,1.0159,2.84,0.0,11.8,22.6,15.4,29.4,69.0,9.739075544901116,5.660924455098884,16.4,0,0
BASEL,2001-07-27,3,0.68,1.016,2.62,0.0,11.5,23.6,16.4,30.0,68.0,10.4755301374252,5.924469862574799,16.6,0,0
BASEL,2001-07-28,7,0.79,1.0189,1.78,0.34,6.8,21.9,16.6,29.2,79.0,12.940042618051494,3.659957381948507,16.8,0,0
BASEL,2001-07-29,3,0.76,1.0211,2.6,0.0,11.4,22.6,16.8,28.3,76.0,12.54235444564433,4.257645554355671,17.3,0,0
BASEL,2001-07-30,2,0.66,1.0233,2.9,0.0,12.7,23.2,17.3,28.7,66.0,10.883789037146908,6.416210962853093,15.8,0,0
BASEL,2001-07-31,1,0.61,1.0222,2.93,0.0,13.4,23.7,15.8,31.0,61.0,8.291319834712155,7.508680165287846,16.9,0,0
BASEL,2001-08-01,1,0.69,1.0208,2.84,0.0,13.0,23.1,16.9,29.4,69.0,11.17253684892007,5.727463151079929,16.6,0,0
BASEL,2001-08-02,3,0.68,1.013,2.14,0.13,8.3,24.2,16.6,33.6,68.0,10.666309156845369,5.933690843154633,16.4,0,0
BASEL,2001-08-03,8,0.83,1.0157,0.83,0.06,0.1,20.0,16.4,23.4,83.0,13.502727810727437,2.8972721892725612,16.4,0,0
BASEL,2001-08-04,7,0.79,1.0197,1.5,0.01,3.4,18.2,16.4,21.8,79.0,12.745755904244902,3.6542440957550966,13.5,0,0
BASEL,2001-08-05,4,0.66,1.022,2.36,0.0,9.8,17.6,13.5,23.4,66.0,7.271256934531731,6.228743065468269,12.9,0,0
BASEL,2001-08-06,7,0.82,1.0191,1.31,0.29,2.3,17.0,12.9,21.2,82.0,9.90039520970137,2.99960479029863,17.0,0,0
BASEL,2001-08-07,6,0.72,1.0149,1.99,0.04,3.5,20.8,17.0,24.6,72.0,11.912384229772147,5.087615770227853,17.0,0,0
BASEL,2001-08-08,7,0.72,1.013,1.91,0.17,5.2,19.8,17.0,25.3,72.0,11.912384229772147,5.087615770227853,16.6,0,0
BASEL,2001-08-09,8,0.7,1.0174,1.16,0.0,1.2,18.7,16.6,21.6,70.0,11.102661688925366,5.497338311074635,11.3,0,0
BASEL,2001-08-10,1,0.63,1.0244,2.89,0.0,11.0,16.6,11.3,20.8,63.0,4.511894221113622,6.788105778886378,9.9,0,0
BASEL,2001-08-11,2,0.66,1.0276,2.87,0.0,12.4,15.6,9.9,22.2,66.0,3.8463573069162105,6.053642693083789,9.3,0,0
BASEL,2001-08-12,2,0.64,1.0224,2.87,0.0,11.7,17.1,9.3,25.6,64.0,2.840803053844532,6.459196946155469,12.0,0,0
BASEL,2001-08-13,3,0.61,1.018,2.78,0.0,12.7,19.9,12.0,27.9,61.0,4.711508755209139,7.288491244790861,14.4,0,0
BASEL,2001-08-14,0,0.59,1.0161,2.79,0.0,12.8,22.4,14.4,31.6,59.0,6.48762759582493,7.912372404175071,16.9,0,0
BASEL,2001-08-15,1,0.58,1.0163,2.67,0.0,12.1,24.9,16.9,33.4,57.99999999999999,8.579597105010402,8.320402894989597,17.9,0,0
BASEL,2001-08-16,7,0.66,1.0186,1.71,0.01,4.2,21.8,17.9,27.3,66.0,11.45394121205283,6.446058787947168,16.7,0,0
BASEL,2001-08-17,7,0.82,1.0168,1.26,0.0,0.9,20.1,16.7,24.1,82.0,13.609296811255252,3.0907031887447474,16.0,0,0
BASEL,2001-08-18,2,0.72,1.0123,2.47,1.42,10.6,22.4,16.0,29.3,72.0,10.951859770944694,5.048140229055306,16.1,0,0
BASEL,2001-08-19,6,0.76,1.0127,2.44,1.25,9.6,20.6,16.1,27.2,76.0,11.86554862367423,4.234451376325772,15.8,0,0
BASEL,2001-08-20,6,0.85,1.016,1.75,0.03,5.0,19.2,15.8,25.2,85.0,13.281154612870756,2.518845387129245,13.9,0,0
BASEL,2001-08-21,2,0.77,1.0189,2.44,0.0,9.7,19.8,13.9,26.2,77.0,9.933157562748304,3.966842437251696,14.1,0,0
BASEL,2001-08-22,1,0.74,1.0204,2.59,0.0,11.7,20.5,14.1,26.5,74.0,9.53374609205029,4.56625390794971,15.5,0,0
BASEL,2001-08-23,6,0.75,1.0193,2.36,0.0,9.6,21.5,15.5,27.6,75.0,11.085514738471614,4.414485261528386,16.5,0,0
BASEL,2001-08-24,2,0.71,1.0178,2.49,0.0,12.0,22.9,16.5,29.3,71.0,11.220854910823153,5.279145089176847,17.1,0,0
BASEL,2001-08-25,1,0.68,1.0175,2.48,0.0,11.9,23.5,17.1,30.7,68.0,11.143226073002339,5.956773926997663,16.9,0,0
BASEL,2001-08-26,3,0.62,1.0169,2.47,0.0,11.2,23.8,16.9,31.6,62.0,9.568938424770296,7.331061575229702,17.6,0,0
BASEL,2001-08-27,5,0.66,1.0161,2.46,0.0,10.3,22.8,17.6,30.6,66.0,11.168873563142776,6.431126436857225,14.2,0,0
BASEL,2001-08-28,5,0.69,1.0167,1.82,0.0,5.7,18.7,14.2,24.4,69.0,8.59203285584588,5.60796714415412,10.9,0,0
BASEL,2001-08-29,5,0.63,1.0123,2.4,0.49,11.4,18.4,10.9,26.2,63.0,4.133389545176406,6.766610454823594,15.3,0,0
BASEL,2001-08-30,8,0.84,1.0111,0.98,0.21,1.1,17.2,15.3,22.8,84.0,12.610273845456005,2.6897261545439957,12.5,0,0
BASEL,2001-08-31,7,0.84,1.013,0.81,0.46,0.7,15.5,12.5,18.5,84.0,9.869170300183331,2.630829699816669,11.1,0,0
BASEL,2001-09-01,7,0.81,1.0173,1.34,0.02,2.2,14.4,11.1,18.3,81.0,7.962557974662831,3.137442025337169,11.0,0,0
BASEL,2001-09-02,4,0.73,1.0191,2.32,0.0,9.7,15.3,11.0,21.9,73.0,6.34693421001248,4.65306578998752,9.8,0,0
BASEL,2001-09-03,3,0.7,1.0151,2.36,0.0,10.7,16.6,9.8,23.7,70.0,4.589717524269858,5.210282475730143,10.7,0,0
BASEL,2001-09-04,8,0.78,1.0133,0.83,0.32,0.4,14.3,10.7,17.8,78.0,7.020746448752339,3.67925355124766,8.2,0,0
BASEL,2001-09-05,7,0.78,1.0206,1.47,0.04,2.0,12.4,8.2,16.3,78.0,4.593895247467691,3.6061047525323087,5.9,0,0
BASEL,2001-09-06,5,0.85,1.0192,1.5,0.37,5.1,10.7,5.9,16.8,85.0,3.573148278139816,2.3268517218601845,12.2,0,0
BASEL,2001-09-07,7,0.81,1.0187,1.32,0.04,0.6,15.0,12.2,18.3,81.0,9.034930453761685,3.165069546238314,11.8,0,0
BASEL,2001-09-08,8,0.75,1.0142,0.4,0.63,0.0,15.2,11.8,17.1,75.0,7.5124970755094305,4.28750292449057,7.2,0,0
BASEL,2001-09-09,7,0.74,1.0159,1.71,0.04,5.3,9.8,7.2,15.7,74.0,2.8784250999975294,4.321574900002471,8.6,0,0
BASEL,2001-09-10,7,0.73,1.0184,0.97,0.0,0.6,10.4,8.6,13.5,73.0,4.035482616034304,4.564517383965696,8.3,0,0
BASEL,2001-09-11,5,0.69,1.0199,1.45,0.49,3.7,11.5,8.3,16.1,69.0,2.948865640408815,5.351134359591185,10.0,0,0
BASEL,2001-09-12,8,0.87,1.0206,0.53,0.14,0.1,12.4,10.0,16.7,87.0,7.935907394005029,2.064092605994971,9.5,0,0
BASEL,2001-09-13,7,0.78,1.0121,1.28,0.92,1.3,14.2,9.5,20.6,78.0,5.855948177874582,3.6440518221254177,9.9,0,0
BASEL,2001-09-14,7,0.81,1.0106,1.29,0.08,2.9,11.9,9.9,15.5,81.0,6.7925607043713505,3.10743929562865,8.2,0,0
BASEL,2001-09-15,5,0.74,1.0165,1.16,0.03,1.5,12.1,8.2,18.6,74.0,3.8433743942727743,4.356625605727225,8.3,0,0
BASEL,2001-09-16,7,0.81,1.0156,1.21,0.79,2.5,11.3,8.3,15.2,81.0,5.232342923286546,3.0676570767134548,6.6,0,0
BASEL,2001-09-17,7,0.89,1.0154,0.86,0.5,1.6,8.9,6.6,12.4,89.0,4.9174193289132475,1.6825806710867521,3.8,0,0
BASEL,2001-09-18,3,0.81,1.0152,1.72,0.0,7.2,8.6,3.8,15.4,81.0,0.8428732158201265,2.957126784179873,5.7,0,0
BASEL,2001-09-19,8,0.76,1.0135,0.6,0.28,0.4,10.9,5.7,15.4,76.0,1.8028055203471227,3.8971944796528772,11.7,0,0
BASEL,2001-09-20,8,0.78,1.016,0.39,1.58,0.0,14.0,11.7,16.9,78.0,7.991284346814045,3.708715653185954,10.1,0,0
BASEL,2001-09-21,7,0.89,1.0171,0.75,0.1,0.4,13.0,10.1,17.0,89.0,8.369033293077369,1.730966706922631,8.9,0,0
BASEL,2001-09-22,7,0.9,1.0146,0.7,0.03,0.0,11.5,8.9,14.7,90.0,7.349033439653747,1.5509665603462537,7.5,0,0
BASEL,2001-09-23,8,0.95,1.0079,0.43,1.54,0.0,9.1,7.5,11.1,95.0,6.751052369727231,0.7489476302727693,8.5,0,0
BASEL,2001-09-24,7,0.88,1.0117,0.98,0.0,2.1,12.2,8.5,17.0,88.0,6.626809714590031,1.8731902854099687,7.2,0,0
BASEL,2001-09-25,7,0.88,1.0188,1.0,0.0,0.8,10.8,7.2,16.5,88.0,5.346464886571423,1.8535351134285776,8.3,0,0
BASEL,2001-09-26,4,0.8,1.0221,1.44,0.0,5.3,12.3,8.3,17.9,80.0,5.053883407563095,3.2461165924369055,8.1,0,0
BASEL,2001-09-27,5,0.8,1.02,1.61,0.0,7.9,12.9,8.1,19.7,80.0,4.8591247317787705,3.240875268221229,8.5,0,0
BASEL,2001-09-28,4,0.81,1.0172,1.76,0.0,9.1,13.9,8.5,21.6,81.0,5.427383986539568,3.072616013460432,10.5,0,0
BASEL,2001-09-29,7,0.87,1.0153,0.55,0.46,0.0,13.7,10.5,17.2,87.0,8.427600808709245,2.0723991912907547,11.9,0,0
BASEL,2001-09-30,6,0.85,1.0168,1.21,0.07,4.0,15.2,11.9,20.5,85.0,9.457688025585917,2.4423119744140838,11.6,0,0
BASEL,2001-10-01,7,0.84,1.0155,0.9,0.0,0.3,16.6,11.6,22.0,84.0,8.987964295403698,2.612035704596302,13.6,0,0
BASEL,2001-10-02,1,0.75,1.0145,1.68,0.0,10.6,20.1,13.6,26.9,75.0,9.250949325664573,4.349050674335427,12.7,0,0
BASEL,2001-10-03,5,0.87,1.0151,0.5,2.73,1.7,15.8,12.7,19.8,87.0,10.590855339743703,2.1091446602562964,9.3,0,0
BASEL,2001-10-04,3,0.83,1.0186,1.3,0.0,5.1,13.8,9.3,18.1,83.0,6.561503060014825,2.7384969399851755,9.1,0,0
BASEL,2001-10-05,6,0.86,1.0136,1.17,0.33,1.8,13.0,9.1,18.2,86.0,6.882233595369864,2.2177664046301357,13.1,0,0
BASEL,2001-10-06,4,0.85,1.0124,1.42,0.69,6.6,17.1,13.1,22.5,85.0,10.634263800384234,2.4657361996157654,12.8,0,0
BASEL,2001-10-07,6,0.92,1.0109,0.66,0.5,2.5,15.4,12.8,18.5,92.0,11.531880803588095,1.2681191964119058,11.3,0,0
BASEL,2001-10-08,7,0.88,1.0138,0.64,0.28,2.6,12.2,11.3,16.9,88.0,9.384126121499117,1.915873878500884,10.2,0,0
BASEL,2001-10-09,5,0.83,1.0186,1.19,0.01,4.8,13.5,10.2,18.1,83.0,7.441621477100682,2.758378522899317,10.3,0,0
BASEL,2001-10-10,3,0.83,1.0276,1.41,0.0,8.5,13.8,10.3,19.4,83.0,7.539408023010263,2.760591976989738,8.5,0,0
BASEL,2001-10-11,1,0.86,1.0318,1.38,0.0,7.7,13.0,8.5,20.0,86.0,6.292955577044945,2.2070444229550548,9.3,0,0
BASEL,2001-10-12,2,0.88,1.0282,1.44,0.0,8.6,13.8,9.3,19.7,88.0,7.414663092709376,1.8853369072906245,10.5,0,0
BASEL,2001-10-13,0,0.82,1.0242,1.4,0.0,8.6,15.0,10.5,22.5,82.0,7.557237268984456,2.942762731015544,11.4,0,0
BASEL,2001-10-14,4,0.83,1.021,1.25,0.0,6.6,16.0,11.4,23.0,83.0,8.615002094423893,2.784997905576107,11.8,0,0
BASEL,2001-10-15,5,0.78,1.0191,1.32,0.0,8.2,16.4,11.8,23.0,78.0,8.0883317711098,3.7116682288902005,11.4,0,0
BASEL,2001-10-16,5,0.82,1.0259,1.24,0.0,7.2,15.6,11.4,20.5,82.0,8.435984455650445,2.9640155443495555,10.8,0,0
BASEL,2001-10-17,6,0.84,1.0208,1.25,0.0,7.7,14.7,10.8,20.4,84.0,8.204614103096198,2.595385896903803,9.0,0,0
BASEL,2001-10-18,6,0.86,1.016,1.07,0.0,4.4,14.0,9.0,19.7,86.0,6.784022380309749,2.2159776196902508,11.7,0,0
BASEL,2001-10-19,1,0.83,1.0142,1.25,0.0,8.6,14.8,11.7,20.8,83.0,8.908327499907571,2.791672500092428,9.6,0,0
BASEL,2001-10-20,5,0.87,1.008,0.8,0.12,2.4,13.0,9.6,17.2,87.0,7.542540752292782,2.057459247707218,11.4,0,0
BASEL,2001-10-21,5,0.8,1.0097,0.75,0.08,1.6,13.5,11.4,18.0,80.0,8.072108608096901,3.3278913919030995,9.1,0,0
BASEL,2001-10-22,2,0.75,1.017,1.14,0.0,6.1,13.2,9.1,18.4,75.0,4.904010329436774,4.195989670563225,8.8,0,0
BASEL,2001-10-23,8,0.87,1.0196,0.52,0.45,1.0,11.6,8.8,14.5,87.0,6.755775707188162,2.0442242928118386,10.4,0,0
BASEL,2001-10-24,7,0.86,1.0262,0.72,0.65,1.9,12.1,10.4,15.9,86.0,8.158914312670676,2.241085687329324,8.7,0,0
BASEL,2001-10-25,7,0.89,1.0275,0.42,0.02,0.5,11.9,8.7,15.1,89.0,6.988469441788216,1.7115305582117832,8.0,0,0
BASEL,2001-10-26,4,0.86,1.0232,1.13,0.0,8.7,11.1,8.0,15.3,86.0,5.801870893123633,2.198129106876367,7.7,0,0
BASEL,2001-10-27,7,0.87,1.0234,0.9,0.0,3.7,12.0,7.7,16.5,87.0,5.673904616994104,2.026095383005896,9.8,0,0
BASEL,2001-10-28,7,0.84,1.0264,0.9,0.0,3.4,13.4,9.8,18.3,84.0,7.225352281874899,2.5746477181251013,9.3,0,0
BASEL,2001-10-29,7,0.86,1.0276,0.98,0.0,6.1,13.3,9.3,20.1,86.0,7.078653879959754,2.2213461200402467,8.7,0,0
BASEL,2001-10-30,3,0.84,1.0263,1.02,0.0,7.3,13.4,8.7,20.0,84.0,6.148069196535497,2.5519308034645025,6.4,0,0
BASEL,2001-10-31,3,0.82,1.0252,0.92,0.57,5.8,11.8,6.4,20.1,82.0,3.553099301415502,2.8469006985844985,2.5,1,0
BASEL,2001-11-01,0,0.85,1.0368,0.9,0.0,5.7,6.9,2.5,11.3,85.0,0.23734650501561244,2.2626534949843875,1.1,1,1
BASEL,2001-11-02,5,0.85,1.0387,0.98,0.0,6.3,5.5,1.1,11.3,85.0,-1.1364775059453973,2.2364775059453974,1.3,1,1
BASEL,2001-11-03,1,0.82,1.0322,1.06,0.0,8.1,6.2,1.3,12.9,82.0,-1.4298475901727932,2.729847590172793,2.6,1,0
BASEL,2001-11-04,0,0.88,1.0246,0.98,0.0,7.2,7.0,2.6,13.2,88.0,0.8151877695127708,1.7848122304872294,4.4,0,0
BASEL,2001-11-05,7,0.89,1.024,0.3,0.0,0.0,7.4,4.4,9.5,89.0,2.747484744180181,1.6525152558198193,4.6,0,0
BASEL,2001-11-06,7,0.76,1.0213,0.48,0.24,0.4,7.3,4.6,9.6,76.0,0.7376717003279204,3.8623282996720794,8.2,0,0
BASEL,2001-11-07,8,0.8,1.0151,0.43,0.33,0.0,10.4,8.2,13.2,80.0,4.956504592022673,3.243495407977326,3.1,0,0
BASEL,2001-11-08,7,0.74,1.0034,0.29,0.99,0.0,8.6,3.1,12.2,74.0,-1.079321297544722,4.179321297544722,-0.1,1,1
BASEL,2001-11-09,7,0.81,1.0144,0.64,0.01,2.6,2.8,-0.1,5.9,81.0,-2.962954423544575,2.8629544235445747,-2.4,1,1
BASEL,2001-11-10,6,0.78,1.0276,0.78,0.0,4.9,1.6,-2.4,5.2,78.0,-5.703997922857489,3.3039979228574894,-3.3,1,1
BASEL,2001-11-11,5,0.92,1.0242,0.5,0.0,1.7,-1.7,-3.3,0.4,92.0,-4.410711218047231,1.1107112180472312,-3.0,1,1
BASEL,2001-11-12,5,0.83,1.0173,0.68,0.13,2.3,0.1,-3.0,4.3,83.0,-5.473912733810085,2.473912733810085,1.2,1,0
BASEL,2001-11-13,8,0.94,1.0149,0.12,0.65,0.0,2.4,1.2,4.2,94.0,0.3428283912642411,0.8571716087357588,-1.0,1,1
BASEL,2001-11-14,7,0.84,1.026,0.69,0.0,1.5,1.5,-1.0,4.0,84.0,-3.3559230894776486,2.3559230894776486,-3.0,1,1
BASEL,2001-11-15,0,0.81,1.0341,0.83,0.0,7.8,0.3,-3.0,4.8,81.0,-5.793904882814233,2.7939048828142328,-4.4,1,1
BASEL,2001-11-16,4,0.86,1.0378,0.53,0.0,3.6,-0.5,-4.4,3.6,86.0,-6.382752440097736,1.9827524400977357,-0.1,1,1
BASEL,2001-11-17,4,0.79,1.0329,0.76,0.0,5.2,1.8,-0.1,4.1,79.0,-3.2980617655655,3.1980617655655,-1.7,1,1
BASEL,2001-11-18,7,0.92,1.0245,0.57,0.0,3.6,-0.2,-1.7,3.7,92.0,-2.8258898461758917,1.1258898461758917,-1.1,1,1
BASEL,2001-11-19,8,0.92,1.0238,0.07,0.0,0.0,0.5,-1.1,1.4,92.0,-2.23160826195136,1.13160826195136,-0.2,1,1
BASEL,2001-11-20,6,0.84,1.0307,0.7,0.0,5.9,3.1,-0.2,6.5,84.0,-2.5717953388440224,2.3717953388440223,-2.5,1,1
BASEL,2001-11-21,5,0.84,1.0342,0.43,0.0,0.8,1.4,-2.5,5.1,84.0,-4.826304824640666,2.3263048246406663,-3.0,1,1
BASEL,2001-11-22,7,0.84,1.0259,0.35,0.25,0.6,2.7,-3.0,7.3,84.0,-5.316473292729578,2.3164732927295777,-0.4,1,1
BASEL,2001-11-23,5,0.87,1.0251,0.31,0.36,0.7,1.1,-0.4,3.5,87.0,-2.295067204519243,1.895067204519243,0.2,1,1
BASEL,2001-11-24,8,0.88,1.0274,0.27,0.12,0.0,2.2,0.2,4.5,88.0,-1.5494683647062715,1.7494683647062714,2.3,1,0
BASEL,2001-11-25,8,0.95,1.022,0.24,0.24,0.0,4.5,2.3,6.0,95.0,1.5824351849183893,0.7175648150816105,5.8,0,0
BASEL,2001-11-26,8,0.89,1.0144,0.25,0.2,0.0,7.8,5.8,9.4,89.0,4.128383351647474,1.6716166483525257,1.2,1,1
BASEL,2001-11-27,6,0.9,1.0151,0.18,0.34,0.0,5.7,1.2,8.1,90.0,-0.2559078454387646,1.4559078454387646,0.5,1,1
BASEL,2001-11-28,7,0.87,1.0218,0.16,0.38,0.0,3.6,0.5,6.4,87.0,-1.409411351023894,1.909411351023894,0.0,1,1
BASEL,2001-11-29,4,0.88,1.0254,0.63,0.87,5.0,3.9,0.0,8.2,88.0,-1.7465388798158472,1.7465388798158472,5.1,0,0
BASEL,2001-11-30,8,0.97,1.0183,0.08,2.41,0.0,8.1,5.1,10.9,97.0,4.663370829874707,0.43662917012529245,9.0,0,0
BASEL,2001-12-01,8,0.92,1.0218,0.22,0.0,0.0,10.2,9.0,11.8,92.0,7.769968402339401,1.2300315976605987,7.4,0,0
BASEL,2001-12-02,7,0.89,1.0243,0.35,0.0,0.7,9.5,7.4,11.5,89.0,5.706419715526094,1.6935802844739065,8.4,0,0
BASEL,2001-12-03,8,0.88,1.024,0.12,0.05,0.0,9.0,8.4,9.9,88.0,6.528325303242914,1.8716746967570863,8.0,0,0
BASEL,2001-12-04,8,0.76,1.0218,0.14,0.06,0.0,9.8,8.0,10.9,76.0,4.029405468525603,3.970594531474397,7.6,0,0
BASEL,2001-12-05,8,0.84,1.0251,0.18,0.17,0.0,8.7,7.6,12.9,84.0,5.07068648808743,2.5293135119125694,4.2,0,0
BASEL,2001-12-06,7,0.78,1.0297,0.22,0.02,0.3,8.1,4.2,12.7,78.0,0.7094277539200492,3.490572246079951,-0.2,1,1
BASEL,2001-12-07,8,0.93,1.0361,0.27,0.0,0.6,2.3,-0.2,4.3,93.0,-1.1929957074948228,0.9929957074948228,-2.1,1,1
BASEL,2001-12-08,7,0.86,1.0371,0.32,0.0,1.8,0.9,-2.1,3.4,86.0,-4.121869876242064,2.021869876242064,-4.0,1,1
BASEL,2001-12-09,5,0.88,1.0378,0.53,0.0,4.3,-2.0,-4.0,1.9,88.0,-5.688460951666166,1.6884609516661664,-5.1,1,1
BASEL,2001-12-10,1,0.79,1.0393,0.51,0.0,3.8,-2.0,-5.1,0.4,79.0,-8.16574779822723,3.06574779822723,-3.9,1,1
BASEL,2001-12-11,6,0.79,1.0354,0.43,0.0,1.5,-0.9,-3.9,2.0,79.0,-6.997251611654512,3.0972516116545123,-0.5,1,1
BASEL,2001-12-12,8,0.89,1.0281,0.16,0.0,0.0,0.7,-0.5,2.6,89.0,-2.0865189728652385,1.5865189728652385,-9.2,1,1
BASEL,2001-12-13,7,0.74,1.0274,0.33,0.0,0.8,-0.3,-9.2,3.2,74.0,-12.966607731700226,3.7666077317002262,-10.2,1,1
BASEL,2001-12-14,0,0.46,1.0337,0.59,0.0,6.5,-8.0,-10.2,-5.3,46.0,-19.586423448330574,9.386423448330575,-9.7,1,1
BASEL,2001-12-15,1,0.68,1.0328,0.57,0.0,4.6,-7.6,-9.7,-5.5,68.0,-14.48135711204604,4.78135711204604,-9.8,1,1
BASEL,2001-12-16,0,0.67,1.0324,0.61,0.0,6.8,-4.5,-9.8,0.6,67.0,-14.756731151837752,4.956731151837751,-7.6,1,1
BASEL,2001-12-17,2,0.8,1.0356,0.57,0.0,6.2,-3.7,-7.6,0.1,80.0,-10.442481844491505,2.8424818444915054,-7.6,1,1
BASEL,2001-12-18,8,0.86,1.0358,0.29,0.0,0.0,-3.0,-7.6,-0.5,86.0,-9.528958488622855,1.9289584886228557,-3.8,1,1
BASEL,2001-12-19,6,0.76,1.0322,0.2,0.0,0.0,-2.1,-3.8,-0.7,76.0,-7.401163710179142,3.601163710179142,-7.4,1,1
BASEL,2001-12-20,5,0.86,1.0283,0.22,0.06,0.1,-2.3,-7.4,-0.1,86.0,-9.332299118684968,1.932299118684968,-6.4,1,1
BASEL,2001-12-21,5,0.68,1.0225,0.53,0.11,3.5,-2.3,-6.4,1.6,68.0,-11.319273326898333,4.919273326898333,-1.4,1,1
BASEL,2001-12-22,8,0.81,1.0123,0.13,0.02,0.0,0.7,-1.4,2.1,81.0,-4.231898202354312,2.831898202354312,-9.4,1,1
BASEL,2001-12-23,7,0.76,1.0189,0.36,0.1,1.2,-3.0,-9.4,-1.0,76.0,-12.83205595957842,3.4320559595784204,-13.0,1,1
BASEL,2001-12-24,3,0.73,1.0217,0.65,0.0,6.6,-7.6,-13.0,-2.0,73.0,-16.805209718608502,3.805209718608502,-2.1,1,1
BASEL,2001-12-25,8,0.68,1.009,0.38,0.42,0.0,3.7,-2.1,6.2,68.0,-7.20186052433286,5.10186052433286,-1.9,1,1
BASEL,2001-12-26,7,0.81,1.0094,0.23,0.13,0.0,0.7,-1.9,3.7,81.0,-4.719998057542611,2.819998057542611,-4.6,1,1
BASEL,2001-12-27,7,0.72,1.0177,0.53,0.09,3.4,-0.3,-4.6,4.4,72.0,-8.868519552994922,4.268519552994922,2.7,1,1
BASEL,2001-12-28,8,0.71,1.0125,0.2,0.12,0.0,6.8,2.7,9.0,71.0,-2.026844847841712,4.726844847841712,4.1,0,0
BASEL,2001-12-29,8,0.73,1.0014,0.12,1.42,0.0,8.6,4.1,11.1,73.0,-0.30073998162925214,4.400739981629251,-3.1,1,1
BASEL,2001-12-30,4,0.78,1.0143,0.5,0.01,5.1,-0.2,-3.1,3.7,78.0,-6.384506070788819,3.284506070788819,-5.6,1,1
BASEL,2001-12-31,4,0.81,1.0293,0.51,0.01,3.5,-2.1,-5.6,0.5,81.0,-8.332706528068195,2.7327065280681957,-8.5,1,1
BASEL,2002-01-01,1,0.76,1.0406,0.68,0.0,7.7,-4.7,-8.5,-0.1,76.0,-11.95896388113376,3.4589638811337604,-7.4,1,1
BASEL,2002-01-02,0,0.75,1.0366,0.67,0.0,7.5,-3.7,-7.4,0.5,75.0,-11.057850055322465,3.6578500553224647,-8.4,1,1
BASEL,2002-01-03,3,0.84,1.032,0.62,0.0,5.8,-5.3,-8.4,-1.2,84.0,-10.611606522777212,2.2116065227772115,-9.2,1,1
BASEL,2002-01-04,2,0.79,1.0363,0.48,0.0,2.1,-5.0,-9.2,-1.9,79.0,-12.159309057586391,2.959309057586392,-10.0,1,1
BASEL,2002-01-05,0,0.83,1.0401,0.61,0.0,6.3,-5.8,-10.0,-0.8,83.0,-12.32927525734894,2.3292752573489395,-8.7,1,1
BASEL,2002-01-06,3,0.87,1.0379,0.64,0.0,5.6,-5.4,-8.7,-2.3,87.0,-10.465311822262935,1.7653118222629356,-7.2,1,1
BASEL,2002-01-07,6,0.92,1.032,0.34,0.0,0.3,-4.4,-7.2,-2.3,92.0,-8.274142856142804,1.074142856142804,-5.3,1,1
BASEL,2002-01-08,6,0.94,1.036,0.57,0.0,4.6,-3.7,-5.3,-1.1,94.0,-6.111241435201416,0.8112414352014161,-7.0,1,1
BASEL,2002-01-09,0,0.88,1.0403,0.62,0.0,6.2,-4.0,-7.0,-0.5,88.0,-8.645542360034282,1.6455423600342822,-5.7,1,1
BASEL,2002-01-10,0,0.87,1.0386,0.65,0.0,6.6,-3.5,-5.7,-0.7,87.0,-7.511684539903336,1.8116845399033359,-5.0,1,1
BASEL,2002-01-11,4,0.83,1.0367,0.64,0.01,6.3,-2.3,-5.0,0.6,83.0,-7.432147865217048,2.432147865217048,-0.9,1,1
BASEL,2002-01-12,5,0.86,1.0356,0.38,0.0,1.8,0.6,-0.9,3.4,86.0,-2.942429350945766,2.042429350945766,-3.3,1,1
BASEL,2002-01-13,3,0.9,1.0316,0.65,0.0,6.2,-0.4,-3.3,2.4,90.0,-4.701737390990589,1.401737390990589,-2.5,1,1
BASEL,2002-01-14,8,0.87,1.0298,0.23,0.0,0.0,-0.6,-2.5,0.2,87.0,-4.361806181494744,1.8618061814947442,-4.7,1,1
BASEL,2002-01-15,7,0.85,1.023,0.6,0.0,3.8,-2.0,-4.7,1.1,85.0,-6.82964164967446,2.1296416496744595,-1.9,1,1
BASEL,2002-01-16,8,0.88,1.0244,0.09,0.02,0.0,-0.6,-1.9,0.6,88.0,-3.6188303107603126,1.7188303107603127,0.2,1,1
BASEL,2002-01-17,8,0.91,1.0268,0.15,0.0,0.0,1.1,0.2,2.4,91.0,-1.0931861476874953,1.2931861476874953,-0.9,1,1
BASEL,2002-01-18,7,0.76,1.0258,0.58,0.0,3.2,1.9,-0.9,4.3,76.0,-4.590310623513943,3.6903106235139433,-0.5,1,1
BASEL,2002-01-19,8,0.83,1.0249,0.25,0.02,0.0,2.5,-0.5,5.8,83.0,-3.0266134681715235,2.5266134681715235,3.2,0,0
BASEL,2002-01-20,8,0.74,1.0266,0.4,0.08,0.3,6.6,3.2,9.5,74.0,-0.9827630675690874,4.182763067569088,2.3,1,1
BASEL,2002-01-21,6,0.82,1.0215,0.62,0.0,4.2,6.1,2.3,10.1,82.0,-0.45260774486325334,2.752607744863253,-1.1,1,1
BASEL,2002-01-22,5,0.79,1.0175,0.32,0.0,1.2,3.8,-1.1,9.7,79.0,-4.271378359086343,3.171378359086343,0.8,1,1
BASEL,2002-01-23,7,0.83,1.0111,0.29,0.36,0.0,4.1,0.8,7.0,83.0,-1.7542349991750468,2.554234999175047,5.5,0,0
BASEL,2002-01-24,7,0.74,1.0095,0.36,0.06,0.3,8.8,5.5,10.9,74.0,1.2376921203295241,4.262307879670476,3.7,0,0
BASEL,2002-01-25,8,0.75,1.0232,0.6,0.2,2.1,7.4,3.7,10.7,75.0,-0.31587528315976304,4.0158752831597635,3.6,0,0
BASEL,2002-01-26,7,0.56,1.0222,0.79,0.03,5.1,10.7,3.6,15.1,56.00000000000001,-4.352984176676952,7.952984176676953,8.9,0,0
BASEL,2002-01-27,8,0.65,1.0198,0.08,0.19,0.0,10.8,8.9,14.6,65.0,2.6794698724431525,6.220530127556848,7.3,0,0
BASEL,2002-01-28,5,0.67,1.0289,0.39,0.0,0.8,12.4,7.3,15.8,67.0,1.5808601090297687,5.719139890970231,1.2,1,1
BASEL,2002-01-29,5,0.82,1.0306,0.59,0.0,3.4,7.4,1.2,11.8,82.0,-1.5275767120463086,2.7275767120463086,1.9,1,1
BASEL,2002-01-30,5,0.75,1.0247,0.82,0.0,5.6,6.9,1.9,12.9,75.0,-2.0567005932785203,3.95670059327852,1.7,1,1
BASEL,2002-01-31,8,0.78,1.0245,0.51,0.0,0.3,7.2,1.7,11.4,78.0,-1.7193059169882956,3.4193059169882956,5.5,0,0
BASEL,2002-02-01,6,0.8,1.0279,0.35,0.0,0.0,8.9,5.5,12.2,80.0,2.3268816194314708,3.1731183805685292,4.9,0,0
BASEL,2002-02-02,1,0.67,1.0278,0.94,0.0,8.2,9.4,4.9,14.6,67.0,-0.70892283888258,5.60892283888258,2.5,1,1
BASEL,2002-02-03,1,0.65,1.0223,0.96,0.0,7.8,8.9,2.5,15.2,65.0,-3.405703937870574,5.905703937870574,4.7,0,0
BASEL,2002-02-04,4,0.63,1.0248,0.98,0.0,7.8,9.3,4.7,12.9,63.0,-1.737675323130889,6.43767532313089,6.8,0,0
BASEL,2002-02-05,7,0.66,1.0136,0.45,0.21,0.2,12.1,6.8,17.1,66.0,0.8951864056265173,5.904813594373483,5.0,0,0
BASEL,2002-02-06,8,0.9,1.0088,0.19,0.73,0.0,6.5,5.0,9.0,90.0,3.4975534086344218,1.5024465913655782,2.8,1,1
BASEL,2002-02-07,6,0.78,1.0234,0.69,0.12,3.2,5.5,2.8,8.9,78.0,-0.6505738490047437,3.4505738490047433,2.7,1,0
BASEL,2002-02-08,8,0.91,1.028,0.29,0.58,0.0,4.7,2.7,6.7,91.0,1.3795672756687363,1.320432724331264,6.1,0,0
BASEL,2002-02-09,8,0.79,1.0188,0.56,0.32,0.1,9.7,6.1,13.1,79.0,2.7340406346014268,3.365959365398573,5.6,0,0
BASEL,2002-02-10,7,0.72,1.0194,0.5,0.13,0.6,7.3,5.6,9.2,72.0,0.9534663466389202,4.64653365336108,7.5,0,0
BASEL,2002-02-11,7,0.6,1.0199,0.61,0.0,1.6,10.6,7.5,14.2,60.0,0.23996014146128097,7.260039858538719,10.7,0,0
BASEL,2002-02-12,7,0.57,1.022,0.76,0.0,1.9,13.0,10.7,15.9,56.99999999999999,2.5288453926331016,8.171154607366898,9.7,0,0
BASEL,2002-02-13,8,0.6,1.0181,0.68,0.0,1.4,12.6,9.7,15.3,60.0,2.311060578047303,7.3889394219526965,3.9,0,0
BASEL,2002-02-14,8,0.88,1.0148,0.09,0.04,0.0,6.3,3.9,9.3,88.0,2.0958966985701912,1.8041033014298087,0.8,1,1
BASEL,2002-02-15,6,0.75,1.0219,0.33,0.0,0.0,2.5,0.8,4.3,75.0,-3.120750933026145,3.920750933026145,-0.4,1,1
BASEL,2002-02-16,8,0.78,1.0252,0.49,0.0,0.0,1.4,-0.4,4.6,78.0,-3.7600021658215774,3.3600021658215775,-1.3,1,1
BASEL,2002-02-17,3,0.8,1.0235,1.04,0.0,6.6,2.5,-1.3,8.2,80.0,-4.29924913547747,2.99924913547747,-1.9,1,1
BASEL,2002-02-18,5,0.81,1.0238,0.75,0.11,2.5,3.7,-1.9,9.4,81.0,-4.719998057542611,2.819998057542611,2.3,1,1
BASEL,2002-02-19,7,0.7,1.0271,0.43,0.03,0.0,4.5,2.3,6.6,70.0,-2.6024196393931187,4.902419639393118,3.6,0,0
BASEL,2002-02-20,8,0.76,1.0089,0.27,1.3,0.0,6.7,3.6,8.2,76.0,-0.23076555565820406,3.8307655556582043,-1.9,1,1
BASEL,2002-02-21,7,0.8,1.0159,0.55,0.07,1.8,1.2,-1.9,5.0,80.0,-4.884139933330872,2.9841399333308725,-3.5,1,1
BASEL,2002-02-22,8,0.78,1.0173,0.42,0.3,0.0,0.6,-3.5,8.3,78.0,-6.77339339734782,3.27339339734782,2.6,1,1
BASEL,2002-02-23,7,0.74,1.0102,0.33,0.53,0.0,6.4,2.6,8.8,74.0,-1.562133326870138,4.162133326870138,1.3,1,1
BASEL,2002-02-24,7,0.67,1.0167,0.78,0.02,0.6,3.7,1.3,6.1,67.0,-4.145561904106584,5.445561904106584,4.8,0,0
BASEL,2002-02-25,8,0.7,1.0138,0.39,0.0,0.0,8.3,4.8,10.4,70.0,-0.20402057981155602,5.004020579811556,8.9,0,0
BASEL,2002-02-26,8,0.58,1.0092,0.4,0.45,0.0,11.9,8.9,13.3,57.99999999999999,1.086243061376001,7.813756938624,5.3,0,0
BASEL,2002-02-27,8,0.82,1.0079,0.66,1.58,1.4,7.5,5.3,13.3,82.0,2.478551463486975,2.821448536513025,4.0,0,0
BASEL,2002-02-28,6,0.63,1.0105,1.25,0.01,5.0,7.1,4.0,11.6,63.0,-2.4010386376817974,6.401038637681797,4.9,0,0
BASEL,2002-03-01,7,0.78,1.0115,0.86,1.64,3.6,6.8,4.9,9.9,78.0,1.3893433758053297,3.5106566241946706,2.0,1,0
BASEL,2002-03-02,8,0.92,1.0129,0.26,0.16,0.0,3.4,2.0,5.0,92.0,0.8386169518231685,1.1613830481768315,-0.5,1,1
BASEL,2002-03-03,6,0.85,1.0207,0.84,0.0,3.3,3.1,-0.5,6.4,85.0,-2.7067468326689803,2.2067468326689803,-2.0,1,1
BASEL,2002-03-04,3,0.8,1.0201,1.52,0.0,8.1,3.1,-2.0,9.7,80.0,-4.98162539528639,2.9816253952863896,-1.3,1,1
BASEL,2002-03-05,5,0.78,1.0128,1.28,0.0,4.0,3.7,-1.3,9.2,78.0,-4.6347428358627205,3.3347428358627207,0.0,1,1
BASEL,2002-03-06,1,0.75,1.0137,1.46,0.01,8.2,4.8,0.0,12.4,75.0,-3.8947070769142456,3.8947070769142456,6.3,0,0
BASEL,2002-03-07,7,0.71,1.0225,0.63,0.0,0.1,9.6,6.3,12.1,71.0,1.4319591246467764,4.868040875353223,4.0,0,0
BASEL,2002-03-08,6,0.74,1.0251,1.6,0.0,9.1,9.4,4.0,15.1,74.0,-0.2103473333812189,4.210347333381219,1.6,1,1
BASEL,2002-03-09,6,0.71,1.0183,1.31,0.0,4.7,8.3,1.6,14.6,71.0,-3.0841079253195964,4.684107925319596,4.9,0,0
BASEL,2002-03-10,2,0.64,1.0212,1.76,0.0,9.8,8.7,4.9,13.7,64.0,-1.3340254711791715,6.234025471179172,2.9,1,1
BASEL,2002-03-11,6,0.54,1.0191,1.74,0.0,9.4,11.0,2.9,20.0,54.0,-5.486364725265235,8.386364725265235,6.4,0,0
BASEL,2002-03-12,7,0.48,1.016,1.45,0.0,5.5,12.6,6.4,19.4,48.0,-3.8079726869949186,10.20797268699492,6.8,0,0
BASEL,2002-03-13,3,0.52,1.0133,1.73,0.0,10.0,13.8,6.8,20.9,52.0,-2.3658188693105213,9.16581886931052,5.2,0,0
BASEL,2002-03-14,7,0.86,1.0102,0.28,0.01,0.0,6.5,5.2,10.7,86.0,3.0514661829067333,2.148533817093267,3.9,0,0
BASEL,2002-03-15,6,0.84,1.0139,1.15,0.0,1.8,8.1,3.9,13.1,84.0,1.4460315326984428,2.453968467301557,3.7,0,0
BASEL,2002-03-16,6,0.71,1.0156,1.53,0.0,6.1,10.2,3.7,16.8,71.0,-1.065861668791396,4.765861668791397,5.2,0,0
BASEL,2002-03-17,7,0.67,1.0134,1.41,0.0,4.5,11.5,5.2,17.5,67.0,-0.422642689592774,5.622642689592774,7.7,0,0
BASEL,2002-03-18,7,0.59,1.0109,1.18,0.06,2.4,12.6,7.7,18.6,59.0,0.19635021817963424,7.503649781820366,12.7,0,0
BASEL,2002-03-19,8,0.72,1.0095,0.7,0.32,0.0,14.6,12.7,16.6,72.0,7.781059771209822,4.918940228790177,11.7,0,0
BASEL,2002-03-20,7,0.69,1.0206,0.81,0.02,0.6,14.5,11.7,17.4,69.0,6.201578985883733,5.498421014116266,10.7,0,0
BASEL,2002-03-21,7,0.68,1.023,1.31,0.09,1.7,13.8,10.7,17.8,68.0,5.03538301917885,5.664616980821149,7.6,0,0
BASEL,2002-03-22,8,0.77,1.0251,0.61,0.16,0.0,9.7,7.6,11.9,77.0,3.8278386428674622,3.7721613571325374,2.0,1,1
BASEL,2002-03-23,4,0.67,1.029,1.7,0.0,5.5,5.1,2.0,8.9,67.0,-3.477141796933183,5.477141796933183,1.3,1,1
BASEL,2002-03-24,7,0.62,1.0311,0.88,0.0,1.0,4.8,1.3,7.7,62.0,-5.171616549620429,6.471616549620429,-2.5,1,1
BASEL,2002-03-25,2,0.6,1.0284,2.07,0.0,7.6,2.6,-2.5,8.4,60.0,-9.188018239364178,6.688018239364178,-3.4,1,1
BASEL,2002-03-26,1,0.64,1.0274,2.14,0.0,10.9,3.0,-3.4,9.3,64.0,-9.219873383585371,5.819873383585371,-3.1,1,1
BASEL,2002-03-27,1,0.62,1.0279,2.09,0.0,10.2,3.4,-3.1,11.0,62.0,-9.3386345008202,6.238634500820201,-1.2,1,1
BASEL,2002-03-28,0,0.5,1.026,2.19,0.0,10.7,6.0,-1.2,13.3,50.0,-10.281566160314824,9.081566160314825,3.8,0,0
BASEL,2002-03-29,0,0.48,1.0232,2.2,0.0,11.0,9.9,3.8,17.2,48.0,-6.196125514242217,9.996125514242216,2.8,1,1
BASEL,2002-03-30,8,0.66,1.0244,0.66,0.0,0.0,6.6,2.8,11.0,66.0,-2.9154476455649263,5.715447645564926,3.0,1,0
BASEL,2002-03-31,1,0.57,1.0206,2.06,0.0,10.1,9.7,3.0,17.1,56.99999999999999,-4.68025252899749,7.68025252899749,3.4,0,0
BASEL,2002-04-01,1,0.5,1.0176,2.22,0.0,11.2,11.2,3.4,19.1,50.0,-6.031236444666599,9.431236444666599,4.6,0,0
BASEL,2002-04-02,3,0.46,1.0142,2.3,0.0,11.5,12.6,4.6,20.3,46.0,-6.018912438246376,10.618912438246376,5.2,0,0
BASEL,2002-04-03,1,0.48,1.0053,2.22,0.0,11.0,12.8,5.2,20.5,48.0,-4.909932650639314,10.109932650639315,3.2,0,0
BASEL,2002-04-04,2,0.52,1.0041,2.2,0.0,10.6,11.1,3.2,19.5,52.0,-5.702806367910151,8.902806367910152,2.6,1,1
BASEL,2002-04-05,1,0.47,1.0053,2.3,0.0,10.8,10.1,2.6,16.7,47.0,-7.570997531802829,10.17099753180283,3.8,0,0
BASEL,2002-04-06,3,0.38,1.0119,2.44,0.0,10.8,8.2,3.8,14.1,38.0,-9.206435130326268,13.006435130326267,-0.3,1,1
BASEL,2002-04-07,6,0.48,1.017,1.82,0.16,3.1,5.8,-0.3,13.9,48.0,-9.966386449033257,9.666386449033256,3.9,0,0
BASEL,2002-04-08,7,0.59,1.0171,1.11,0.0,0.2,7.8,3.9,11.3,59.0,-3.376507479946203,7.276507479946202,-1.4,1,1
BASEL,2002-04-09,3,0.49,1.0141,2.15,0.0,8.1,6.6,-1.4,15.1,49.0,-10.72033969823155,9.32033969823155,1.4,1,1
BASEL,2002-04-10,5,0.49,1.0086,1.99,0.0,6.6,7.3,1.4,14.3,49.0,-8.13807033901127,9.53807033901127,4.4,0,0
BASEL,2002-04-11,3,0.58,1.0033,2.31,0.0,8.0,10.3,4.4,15.6,57.99999999999999,-3.1355424094122886,7.5355424094122885,4.3,0,0
BASEL,2002-04-12,7,0.71,0.997,1.36,0.78,1.6,9.5,4.3,13.8,71.0,-0.48934720673413495,4.789347206734135,6.0,0,0
BASEL,2002-04-13,8,0.96,1.0009,0.23,1.95,0.0,7.6,6.0,9.4,96.0,5.410840946810143,0.5891590531898574,2.6,1,0
BASEL,2002-04-14,7,0.92,1.0116,0.45,0.55,0.0,5.3,2.6,7.1,92.0,1.4328096477615544,1.1671903522384457,2.2,1,1
BASEL,2002-04-15,7,0.79,1.0163,1.51,0.04,3.1,5.7,2.2,10.4,79.0,-1.059852040566421,3.259852040566421,0.0,1,1
BASEL,2002-04-16,6,0.81,1.0178,1.37,0.02,2.1,4.9,0.0,10.0,81.0,-2.865350293846592,2.865350293846592,5.1,0,0
BASEL,2002-04-17,8,0.74,1.0185,1.15,0.0,0.5,8.6,5.1,11.7,74.0,0.8515788766182724,4.2484211233817275,3.4,0,0
BASEL,2002-04-18,6,0.66,1.0193,2.18,0.05,6.9,10.0,3.4,16.7,66.0,-2.3436605111229984,5.743660511122998,4.0,0,0
BASEL,2002-04-19,5,0.74,1.0232,1.62,0.01,4.7,8.8,4.0,14.4,74.0,-0.2103473333812189,4.210347333381219,2.4,1,1
BASEL,2002-04-20,7,0.8,1.0292,1.99,0.11,3.5,7.0,2.4,13.1,80.0,-0.6932547436827012,3.093254743682701,4.1,0,0
BASEL,2002-04-21,7,0.78,1.0328,1.14,0.0,0.3,9.2,4.1,15.2,78.0,0.6122923155298186,3.4877076844701813,4.7,0,0
BASEL,2002-04-22,5,0.68,1.0314,2.39,0.0,8.0,12.2,4.7,18.6,68.0,-0.6972419442761646,5.397241944276165,6.3,0,0
BASEL,2002-04-23,4,0.62,1.0293,2.26,0.0,6.1,14.0,6.3,21.0,62.0,-0.4414090059303791,6.741409005930379,10.0,0,0
BASEL,2002-04-24,8,0.8,1.027,0.88,0.04,0.0,13.1,10.0,16.5,80.0,6.709163448406177,3.2908365515938227,11.2,0,0
BASEL,2002-04-25,6,0.65,1.0212,2.03,0.0,5.1,16.6,11.2,22.5,65.0,4.864383495688729,6.33561650431127,9.1,0,0
BASEL,2002-04-26,8,0.77,1.0134,0.95,0.53,1.9,12.7,9.1,19.7,77.0,5.281923380423645,3.8180766195763542,6.6,0,0
BASEL,2002-04-27,4,0.62,1.0166,2.05,0.0,6.1,9.6,6.6,13.7,62.0,-0.15776687250089835,6.757766872500898,4.4,0,0
BASEL,2002-04-28,7,0.55,1.0097,1.84,0.0,3.3,11.7,4.4,18.3,55.00000000000001,-3.8452211721073026,8.245221172107303,8.2,0,0
BASEL,2002-04-29,7,0.57,1.0135,1.62,0.03,2.9,11.8,8.2,14.9,56.99999999999999,0.1898415279278361,8.010158472072163,6.8,0,0
BASEL,2002-04-30,6,0.56,1.0132,2.88,0.0,11.4,14.0,6.8,21.3,56.00000000000001,-1.361752473956059,8.161752473956058,8.3,0,0
BASEL,2002-05-01,8,0.84,1.0118,0.45,2.55,0.0,10.5,8.3,15.1,84.0,5.756305193558173,2.5436948064418274,8.0,0,0
BASEL,2002-05-02,8,0.92,1.0115,0.7,1.88,0.0,8.9,8.0,10.3,92.0,6.7798954144402,1.2201045855597998,6.4,0,0
BASEL,2002-05-03,8,0.96,1.0126,0.2,1.16,0.0,6.9,6.4,8.2,96.0,5.808907658128274,0.5910923418717262,5.1,0,0
BASEL,2002-05-04,8,0.94,1.0141,0.26,1.85,0.0,7.0,5.1,8.2,94.0,4.214665464154154,0.8853345358458453,3.5,0,0
BASEL,2002-05-05,8,0.79,1.018,1.41,0.0,0.4,7.3,3.5,10.1,79.0,0.2049650781141699,3.29503492188583,1.2,1,1
BASEL,2002-05-06,5,0.8,1.0217,1.88,0.0,4.9,7.9,1.2,14.3,80.0,-1.862609545195115,3.062609545195115,5.3,0,0
BASEL,2002-05-07,7,0.83,1.0176,2.46,0.0,7.2,11.4,5.3,17.7,83.0,2.6490051504807806,2.6509948495192193,8.4,0,0
BASEL,2002-05-08,7,0.89,1.0094,1.16,0.0,0.0,12.5,8.4,16.9,89.0,6.692620153104896,1.7073798468951047,10.7,0,0
BASEL,2002-05-09,7,0.78,1.0085,1.99,0.38,2.3,16.0,10.7,22.4,78.0,7.020746448752339,3.67925355124766,9.2,0,0
BASEL,2002-05-10,3,0.67,1.009,3.03,0.0,11.6,15.2,9.2,22.2,67.0,3.3928623938767117,5.8071376061232876,10.7,0,0
BASEL,2002-05-11,7,0.77,1.0117,1.25,0.0,0.3,14.0,10.7,17.3,77.0,6.83264573680583,3.8673542631941693,10.6,0,0
BASEL,2002-05-12,7,0.79,1.0157,1.65,2.51,1.2,13.4,10.6,17.9,79.0,7.109527286593475,3.4904727134065245,10.6,0,0
BASEL,2002-05-13,7,0.76,1.0163,2.18,0.12,5.3,15.1,10.6,20.7,76.0,6.545620433598358,4.054379566401642,9.9,0,0
BASEL,2002-05-14,2,0.62,1.023,2.98,0.0,11.4,15.3,9.9,20.6,62.0,2.9610252603648193,6.9389747396351815,7.8,0,0
BASEL,2002-05-15,3,0.57,1.0264,3.17,0.0,12.9,16.1,7.8,22.8,56.99999999999999,-0.18454286959891392,7.984542869598914,8.8,0,0
BASEL,2002-05-16,1,0.56,1.0207,3.15,0.0,13.5,19.0,8.8,27.4,56.00000000000001,0.5064404330860071,8.293559566913993,12.2,0,0
BASEL,2002-05-17,3,0.55,1.0128,3.01,0.0,12.6,21.8,12.2,29.5,55.00000000000001,3.424558551739346,8.775441448260654,11.6,0,0
BASEL,2002-05-18,8,0.77,1.0179,0.76,0.61,0.0,15.1,11.6,19.7,77.0,7.704790389229202,3.895209610770798,10.8,0,0
BASEL,2002-05-19,8,0.81,1.0224,0.92,0.0,0.2,13.7,10.8,17.0,81.0,7.670071999949916,3.129928000050085,9.1,0,0
BASEL,2002-05-20,2,0.66,1.0157,3.27,0.0,13.6,16.0,9.1,22.8,66.0,3.0849377980167265,6.015062201983273,10.7,0,0
BASEL,2002-05-21,2,0.57,1.0072,3.08,0.0,13.3,19.1,10.7,26.2,56.99999999999999,2.5288453926331016,8.171154607366898,12.3,0,0
BASEL,2002-05-22,7,0.65,1.0047,1.58,0.0,1.8,18.2,12.3,23.8,65.0,5.908978882661099,6.3910211173389015,10.1,0,0
BASEL,2002-05-23,8,0.89,1.0108,0.32,1.98,0.0,11.3,10.1,13.6,89.0,8.369033293077369,1.730966706922631,9.5,0,0
BASEL,2002-05-24,6,0.76,1.0145,2.3,0.0,5.4,14.3,9.5,19.3,76.0,5.481172965644094,4.018827034355906,6.7,0,0
BASEL,2002-05-25,6,0.85,1.0171,0.9,0.88,3.5,11.2,6.7,15.2,85.0,4.357913553896894,2.3420864461031066,5.8,0,0
BASEL,2002-05-26,7,0.78,1.0125,2.37,0.14,6.4,11.9,5.8,17.2,78.0,2.263437177656025,3.5365628223439747,8.9,0,0
BASEL,2002-05-27,8,0.86,1.0107,0.83,0.18,0.0,10.7,8.9,12.3,86.0,6.685810450062433,2.2141895499375677,8.1,0,0
BASEL,2002-05-28,6,0.73,1.0136,1.92,0.0,3.4,12.4,8.1,17.6,73.0,3.5538251196833386,4.546174880316661,9.1,0,0
BASEL,2002-05-29,7,0.72,1.0204,1.64,0.01,2.9,12.7,9.1,16.8,72.0,4.3201322506545,4.7798677493455,6.9,0,0
BASEL,2002-05-30,5,0.65,1.0242,3.21,0.0,11.5,14.4,6.9,20.9,65.0,0.7787091198598106,6.12129088014019,8.7,0,0
BASEL,2002-05-31,1,0.6,1.0248,3.33,0.0,13.6,16.9,8.7,23.4,60.0,1.3697876825664237,7.330212317433576,8.4,0,0
BASEL,2002-06-01,2,0.63,1.022,3.32,0.0,14.1,17.7,8.4,25.4,63.0,1.766983979578264,6.633016020421737,9.8,0,0
BASEL,2002-06-02,3,0.59,1.0176,3.18,0.0,11.7,19.0,9.8,27.4,59.0,2.1693730561150204,7.63062694388498,12.7,0,0
BASEL,2002-06-03,7,0.72,1.0129,1.26,0.01,1.1,17.4,12.7,21.3,72.0,7.781059771209822,4.918940228790177,14.1,0,0
BASEL,2002-06-04,3,0.81,1.0073,2.3,0.12,7.5,19.8,14.1,27.2,81.0,10.886928587724277,3.2130714122757222,13.0,0,0
BASEL,2002-06-05,8,0.92,1.0001,0.84,1.58,1.0,15.3,13.0,21.8,92.0,11.729860188044524,1.2701398119554757,13.1,0,0
BASEL,2002-06-06,7,0.85,1.0015,1.85,0.19,3.2,15.9,13.1,19.6,85.0,10.634263800384234,2.4657361996157654,12.2,0,0
BASEL,2002-06-07,7,0.78,1.0082,1.37,0.0,1.7,14.4,12.2,18.6,78.0,8.476509895672597,3.723490104327402,12.0,0,0
BASEL,2002-06-08,7,0.75,1.0092,2.13,0.49,2.9,15.5,12.0,20.9,75.0,7.70567972281074,4.29432027718926,13.2,0,0
BASEL,2002-06-09,8,0.9,1.0106,0.92,1.24,0.3,15.2,13.2,18.2,90.0,11.59464906145262,1.6053509385473799,9.8,0,0
BASEL,2002-06-10,7,0.75,1.0172,1.55,0.0,0.8,13.1,9.8,15.9,75.0,5.580377841004344,4.219622158995657,9.7,0,0
BASEL,2002-06-11,6,0.71,1.0204,2.14,0.0,5.3,14.5,9.7,19.5,71.0,4.696738127440621,5.003261872559379,9.4,0,0
BASEL,2002-06-12,4,0.67,1.0198,3.15,0.0,11.6,17.7,9.4,25.5,67.0,3.5835613202063468,5.816438679793654,13.5,0,0
BASEL,2002-06-13,6,0.65,1.0196,3.14,0.0,10.4,20.9,13.5,27.0,65.0,7.048269507207899,6.451730492792101,13.3,0,0
BASEL,2002-06-14,1,0.64,1.0176,3.28,0.0,13.9,22.9,13.3,30.3,64.0,6.632727861309134,6.667272138690866,18.0,0,0
BASEL,2002-06-15,7,0.64,1.0167,2.88,0.0,7.6,23.9,18.0,30.6,64.0,11.084139342433124,6.915860657566876,18.3,0,0
BASEL,2002-06-16,5,0.74,1.019,2.38,0.0,6.6,23.3,18.3,29.4,74.0,13.58157354621295,4.7184264537870515,17.7,0,0
BASEL,2002-06-17,2,0.61,1.0181,3.13,0.0,13.2,25.8,17.7,34.2,61.0,10.0800335391705,7.619966460829499,18.5,0,0
BASEL,2002-06-18,2,0.56,1.0174,3.11,0.0,12.5,26.8,18.5,34.5,56.00000000000001,9.552725567097282,8.947274432902718,18.5,0,0
BASEL,2002-06-19,3,0.65,1.0181,3.11,0.22,12.6,25.1,18.5,31.6,65.0,11.79230610773384,6.70769389226616,18.2,0,0
BASEL,2002-06-20,7,0.8,1.0194,2.02,2.06,4.0,23.3,18.2,28.0,80.0,14.689217663981037,3.5107823360189627,18.0,0,0
BASEL,2002-06-21,6,0.76,1.0204,2.79,0.0,8.3,23.0,18.0,28.6,76.0,13.702448100201634,4.297551899798366,18.7,0,0
BASEL,2002-06-22,3,0.74,1.0206,3.11,0.0,10.6,24.2,18.7,29.4,74.0,13.966953250913066,4.733046749086933,18.6,0,0
BASEL,2002-06-23,1,0.69,1.0178,3.17,1.29,13.6,24.6,18.6,30.6,69.0,12.796667050662034,5.8033329493379675,17.4,0,0
BASEL,2002-06-24,8,0.89,1.0223,0.89,0.7,0.1,18.9,17.4,20.4,89.0,15.565922568604185,1.834077431395814,13.9,0,0
BASEL,2002-06-25,1,0.66,1.0244,3.04,0.0,11.7,19.1,13.9,25.2,66.0,7.6516510893822725,6.248348910617728,12.4,0,0
BASEL,2002-06-26,1,0.63,1.0212,3.34,0.0,14.3,20.1,12.4,26.8,63.0,5.552611159970486,6.847388840029514,14.4,0,0
BASEL,2002-06-27,5,0.66,1.015,2.15,0.03,6.8,19.8,14.4,26.1,66.0,8.127101544402993,6.272898455597007,11.3,0,0
BASEL,2002-06-28,6,0.59,1.0178,2.52,0.0,6.0,16.0,11.3,20.4,59.0,3.578043202278751,7.7219567977212495,9.3,0,0
BASEL,2002-06-29,1,0.6,1.0216,3.33,0.0,13.5,15.6,9.3,21.6,60.0,1.9345786927023307,7.3654213072976695,8.8,0,0
BASEL,2002-06-30,4,0.58,1.0179,3.33,0.0,13.5,16.5,8.8,23.9,57.99999999999999,0.9924786479524632,7.807521352047537,11.9,0,0
BASEL,2002-07-01,5,0.55,1.0113,2.95,0.07,10.1,19.7,11.9,26.1,55.00000000000001,3.145246328291342,8.75475367170866,15.1,0,0
BASEL,2002-07-02,8,0.74,1.0107,0.58,0.01,0.0,16.6,15.1,18.0,74.0,10.497736629145102,4.602263370854898,12.8,0,0
BASEL,2002-07-03,6,0.68,1.0089,1.78,0.6,5.1,17.8,12.8,24.0,68.0,7.040310026330329,5.759689973669672,10.4,0,0
BASEL,2002-07-04,4,0.73,1.0199,1.74,0.0,3.5,14.7,10.4,18.4,73.0,5.769149565156976,4.630850434843024,9.1,0,0
BASEL,2002-07-05,1,0.65,1.0156,3.34,0.43,14.0,17.2,9.1,24.7,65.0,2.869503173441458,6.230496826558541,13.8,0,0
BASEL,2002-07-06,7,0.82,1.017,1.45,0.09,2.6,16.1,13.8,21.0,82.0,10.778940943773707,3.021059056226294,13.6,0,0
BASEL,2002-07-07,2,0.71,1.0189,2.76,0.0,8.8,19.4,13.6,25.2,71.0,8.439397717333962,5.160602282666037,13.7,0,0
BASEL,2002-07-08,1,0.67,1.0141,3.13,0.0,13.6,21.9,13.7,29.8,67.0,7.681831392997263,6.018168607002736,17.5,0,0
BASEL,2002-07-09,6,0.77,1.0109,2.01,0.7,5.4,21.5,17.5,28.3,77.0,13.419747361006793,4.080252638993207,12.1,0,0
BASEL,2002-07-10,7,0.85,1.0137,0.94,0.21,1.6,15.9,12.1,21.0,85.0,9.653791675412373,2.4462083245876265,11.2,0,0
BASEL,2002-07-11,4,0.7,1.0206,2.59,0.0,8.2,17.2,11.2,23.3,70.0,5.931233607222268,5.2687663927777315,12.1,0,0
BASEL,2002-07-12,2,0.64,1.0183,3.17,0.83,12.6,19.6,12.1,26.6,64.0,5.495487547127259,6.604512452872741,15.2,0,0
BASEL,2002-07-13,8,0.8,1.0165,1.83,0.89,1.4,17.6,15.2,23.0,80.0,11.770499681448602,3.4295003185513977,14.9,0,0
BASEL,2002-07-14,7,0.85,1.0193,1.7,0.06,1.8,17.4,14.9,21.4,85.0,12.39891992664017,2.50108007335983,16.6,0,0
BASEL,2002-07-15,8,0.9,1.0145,0.53,0.75,0.0,17.8,16.6,19.9,90.0,14.950988327367698,1.6490116726323034,15.5,0,0
BASEL,2002-07-16,8,0.95,1.0121,0.3,1.51,0.0,16.1,15.5,17.7,95.0,14.701463734543877,0.7985362654561232,14.4,0,0
BASEL,2002-07-17,8,0.94,1.0145,0.39,2.64,0.0,16.2,14.4,17.3,94.0,13.4456776826745,0.9543223173255004,13.8,0,0
BASEL,2002-07-18,7,0.76,1.0165,2.15,0.0,3.7,17.9,13.8,23.0,76.0,9.641319439420169,4.158680560579832,11.6,0,0
BASEL,2002-07-19,3,0.72,1.017,3.13,0.0,11.2,17.7,11.6,23.8,72.0,6.723761565872234,4.876238434127766,12.0,0,0
BASEL,2002-07-20,2,0.68,1.0161,3.09,0.0,12.7,19.8,12.0,27.0,68.0,6.276619453333785,5.723380546666215,15.8,0,0
BASEL,2002-07-21,7,0.7,1.0149,1.48,0.0,1.7,20.2,15.8,24.4,70.0,10.33682380363142,5.463176196368581,13.1,0,0
BASEL,2002-07-22,4,0.63,1.0191,3.02,0.0,11.6,18.4,13.1,23.7,63.0,6.214755086333541,6.885244913666459,12.2,0,0
BASEL,2002-07-23,2,0.64,1.0161,3.08,0.0,12.7,19.1,12.2,26.4,64.0,5.590268606851892,6.609731393148107,15.5,0,0
BASEL,2002-07-24,6,0.68,1.0162,1.72,0.0,1.9,19.0,15.5,22.1,68.0,9.616937891399882,5.883062108600118,14.8,0,0
BASEL,2002-07-25,7,0.66,1.0175,1.62,0.0,0.8,18.4,14.8,21.0,66.0,8.507428121921198,6.292571878078803,14.4,0,0
BASEL,2002-07-26,8,0.71,1.0197,1.2,0.01,0.2,18.0,14.4,21.6,71.0,9.206827918572962,5.193172081427038,13.4,0,0
BASEL,2002-07-27,1,0.69,1.0184,2.92,0.0,13.0,20.8,13.4,27.8,69.0,7.82720255425746,5.57279744574254,15.2,0,0
BASEL,2002-07-28,1,0.67,1.0173,3.06,0.0,13.7,22.1,15.2,28.8,67.0,9.11067104084683,6.089328959153169,17.0,0,0
BASEL,2002-07-29,1,0.67,1.0155,2.9,0.0,12.6,23.4,17.0,30.4,67.0,10.824740006252933,6.175259993747067,17.3,0,0
BASEL,2002-07-30,2,0.69,1.0107,2.14,0.21,9.0,23.5,17.3,29.6,69.0,11.554729025709307,5.745270974290694,16.5,0,0
BASEL,2002-07-31,7,0.82,1.0105,1.69,0.38,2.7,19.8,16.5,25.1,82.0,13.414125023765903,3.0858749762340967,12.5,0,0
BASEL,2002-08-01,5,0.86,1.0137,1.29,0.6,1.5,16.6,12.5,22.5,86.0,10.220989426802234,2.279010573197766,11.2,0,0
BASEL,2002-08-02,5,0.69,1.015,2.69,0.44,9.5,18.4,11.2,25.6,69.0,5.723361418707854,5.476638581292145,15.3,0,0
BASEL,2002-08-03,8,0.86,1.0148,1.46,0.57,1.5,18.4,15.3,22.5,86.0,12.96993249390792,2.33006750609208,14.6,0,0
BASEL,2002-08-04,7,0.92,1.0146,0.96,1.48,1.4,17.2,14.6,20.1,92.0,13.31363765191772,1.28636234808228,13.0,0,0
BASEL,2002-08-05,6,0.78,1.0146,2.28,0.41,7.4,17.8,13.0,23.8,78.0,9.252810600526566,3.7471893994734344,14.9,0,0
BASEL,2002-08-06,7,0.88,1.0143,1.11,1.79,1.2,16.6,14.9,20.1,88.0,12.928546195204515,1.9714538047954857,14.0,0,0
BASEL,2002-08-07,7,0.83,1.0165,1.37,0.46,2.4,16.9,14.0,21.8,83.0,11.156893213135623,2.843106786864377,12.4,0,0
BASEL,2002-08-08,3,0.76,1.0132,2.55,0.0,7.3,17.5,12.4,23.7,76.0,8.287111422648866,4.112888577351134,13.0,0,0
BASEL,2002-08-09,8,0.88,1.0085,1.18,0.56,0.8,15.8,13.0,21.1,88.0,11.057978308328751,1.9420216916712487,12.1,0,0
BASEL,2002-08-10,8,0.94,1.006,0.48,2.1,0.0,13.5,12.1,14.9,94.0,11.162979146847537,0.9370208531524629,12.0,0,0
BASEL,2002-08-11,8,0.9,1.0074,0.33,0.72,0.0,14.2,12.0,16.8,90.0,10.409919766494383,1.590080233505617,14.7,0,0
BASEL,2002-08-12,5,0.77,1.0142,1.32,0.08,2.3,16.4,14.7,20.3,77.0,10.708091236011638,3.991908763988361,13.2,0,0
BASEL,2002-08-13,5,0.72,1.0202,2.42,0.0,8.1,18.1,13.2,23.0,72.0,8.261589541860934,4.9384104581390655,11.1,0,0
BASEL,2002-08-14,1,0.7,1.0192,2.77,0.0,12.6,18.0,11.1,25.9,70.0,5.835421624211876,5.2645783757881235,12.3,0,0
BASEL,2002-08-15,1,0.72,1.017,2.79,0.0,12.7,19.6,12.3,26.8,72.0,7.3966088109718235,4.903391189028177,14.2,0,0
BASEL,2002-08-16,1,0.7,1.017,2.75,0.0,12.7,20.9,14.2,27.6,70.0,8.80483547804999,5.39516452195001,14.7,0,0
BASEL,2002-08-17,1,0.73,1.0148,2.66,0.0,12.4,21.5,14.7,27.6,73.0,9.908787256788687,4.791212743211313,15.4,0,0
BASEL,2002-08-18,1,0.67,1.0132,2.69,0.0,12.4,22.0,15.4,29.3,67.0,9.301152159553316,6.098847840446684,16.3,0,0
BASEL,2002-08-19,5,0.64,1.0146,2.4,0.0,8.9,23.0,16.3,30.9,64.0,9.474565352787952,6.825434647212049,16.5,0,0
BASEL,2002-08-20,7,0.84,1.0161,1.03,0.3,1.2,19.5,16.5,25.9,84.0,13.784835059246012,2.715164940753988,13.5,0,0
BASEL,2002-08-21,6,0.71,1.0167,1.98,0.0,6.2,18.5,13.5,22.4,71.0,8.343461886962176,5.156538113037824,10.9,0,0
BASEL,2002-08-22,1,0.73,1.0159,2.49,0.0,11.2,17.2,10.9,23.9,73.0,6.250640391430028,4.649359608569973,14.7,0,0
BASEL,2002-08-23,7,0.76,1.0159,1.96,0.0,6.1,19.5,14.7,25.5,76.0,10.511750097824851,4.188249902175148,15.9,0,0
BASEL,2002-08-24,7,0.78,1.0187,1.84,0.0,4.8,19.9,15.9,24.8,78.0,12.066279984400273,3.8337200155997273,15.6,0,0
BASEL,2002-08-25,6,0.82,1.0191,1.89,0.0,4.1,19.5,15.6,24.7,82.0,12.535805841067885,3.064194158932114,14.4,0,0
BASEL,2002-08-26,7,0.82,1.0155,1.26,0.6,1.2,18.3,14.4,23.8,82.0,11.364596139852319,3.0354038601476816,15.5,0,0
BASEL,2002-08-27,8,0.84,1.0155,1.0,0.72,0.1,18.0,15.5,21.2,84.0,12.806042273736795,2.6939577262632053,15.7,0,0
BASEL,2002-08-28,5,0.78,1.0144,2.16,0.0,7.2,19.4,15.7,24.5,78.0,11.872278842598352,3.8277211574016476,17.3,0,0
BASEL,2002-08-29,6,0.82,1.0163,1.65,0.0,3.2,20.1,17.3,25.1,82.0,14.194789805117097,3.105210194882904,16.3,0,0
BASEL,2002-08-30,3,0.83,1.0184,1.64,0.0,5.7,20.3,16.3,25.6,83.0,13.404994790281318,2.8950052097186827,17.4,0,0
BASEL,2002-08-31,7,0.86,1.0191,1.13,0.2,0.3,19.1,17.4,24.6,86.0,15.031272074152316,2.3687279258476828,14.7,0,0
BASEL,2002-09-01,8,0.89,1.0237,0.22,0.01,0.0,15.5,14.7,18.4,89.0,12.904404534467613,1.7955954655323865,14.3,0,0
BASEL,2002-09-02,7,0.79,1.0232,0.75,0.0,0.0,16.2,14.3,18.4,79.0,10.705479826392438,3.594520173607563,13.7,0,0
BASEL,2002-09-03,8,0.92,1.0165,0.45,1.29,0.0,14.6,13.7,16.6,92.0,12.422775430836332,1.2772245691636677,14.4,0,0
BASEL,2002-09-04,7,0.84,1.0146,1.42,0.0,1.5,17.7,14.4,23.1,84.0,11.729275195985975,2.670724804014025,13.2,0,0
BASEL,2002-09-05,7,0.8,1.0153,1.57,0.0,4.4,17.4,13.2,23.0,80.0,9.82416595728508,3.375834042714919,14.3,0,0
BASEL,2002-09-06,5,0.78,1.0177,1.52,0.0,2.9,17.9,14.3,22.2,78.0,10.51414131543332,3.78585868456668,12.8,0,0
BASEL,2002-09-07,5,0.83,1.0145,1.77,0.2,5.5,16.6,12.8,23.4,83.0,9.983786409623885,2.8162135903761154,13.1,0,0
BASEL,2002-09-08,3,0.75,1.012,2.11,0.0,10.7,18.8,13.1,25.4,75.0,8.76808915710702,4.331910842892979,14.2,0,0
BASEL,2002-09-09,7,0.84,1.0132,1.09,1.92,1.0,17.1,14.2,22.8,84.0,11.533488668452387,2.6665113315476123,10.8,0,0
BASEL,2002-09-10,7,0.89,1.0211,0.97,0.24,1.0,14.4,10.8,17.7,89.0,9.059274356372095,1.740725643627906,10.4,0,0
BASEL,2002-09-11,8,0.92,1.0224,0.66,0.18,1.0,12.9,10.4,15.2,92.0,9.156003353995931,1.243996646004069,11.4,0,0
BASEL,2002-09-12,5,0.78,1.0192,1.38,0.0,5.3,15.2,11.4,21.1,78.0,7.7001351300234475,3.699864869976553,7.5,0,0
BASEL,2002-09-13,1,0.69,1.0199,2.12,0.0,11.8,13.1,7.5,20.5,69.0,2.1832370659440525,5.316762934055948,6.4,0,0
BASEL,2002-09-14,0,0.73,1.0201,2.05,0.0,11.4,12.9,6.4,20.1,73.0,1.9159185019114207,4.48408149808858,9.6,0,0
BASEL,2002-09-15,7,0.76,1.0187,1.56,0.0,4.4,14.2,9.6,19.7,76.0,5.5779472812895365,4.022052718710463,6.3,0,0
BASEL,2002-09-16,6,0.75,1.0178,1.96,0.0,10.7,12.2,6.3,19.2,75.0,2.1978878460619526,4.102112153938047,6.0,0,0
BASEL,2002-09-17,1,0.76,1.0167,2.04,0.0,11.6,13.0,6.0,20.5,76.0,2.0932698097464693,3.9067301902535307,9.2,0,0
BASEL,2002-09-18,2,0.76,1.0146,1.92,0.0,10.5,16.0,9.2,24.0,76.0,5.190842381188737,4.009157618811262,15.3,0,0
BASEL,2002-09-19,8,0.92,1.0153,0.55,0.53,0.1,17.0,15.3,19.6,92.0,14.006508087404946,1.293491912595055,14.4,0,0
BASEL,2002-09-20,6,0.84,1.017,1.24,0.02,2.4,18.0,14.4,22.5,84.0,11.729275195985975,2.670724804014025,12.2,0,0
BASEL,2002-09-21,7,0.82,1.0147,1.07,0.0,1.3,14.3,12.2,18.1,82.0,9.217029638640176,2.9829703613598237,10.0,0,0
BASEL,2002-09-22,7,0.74,1.0102,1.33,1.02,3.5,13.1,10.0,18.0,74.0,5.579932766086768,4.420067233913232,7.5,0,0
BASEL,2002-09-23,8,0.93,1.0107,0.45,1.6,0.0,9.2,7.5,10.9,93.0,6.441716052181722,1.0582839478182784,5.3,0,0
BASEL,2002-09-24,8,0.94,1.0141,0.21,1.84,0.0,6.3,5.3,7.6,94.0,4.4132089857446495,0.8867910142553503,5.1,0,0
BASEL,2002-09-25,8,0.91,1.0187,0.35,0.02,0.0,6.4,5.1,8.3,91.0,3.7531448130758944,1.3468551869241052,6.4,0,0
BASEL,2002-09-26,8,0.89,1.0198,0.47,1.16,0.0,8.9,6.4,11.1,89.0,4.720163671314584,1.6798363286854165,8.6,0,0
BASEL,2002-09-27,6,0.84,1.0235,1.4,0.0,4.3,10.8,8.6,15.3,84.0,6.050129430814334,2.549870569185666,5.2,0,0
BASEL,2002-09-28,6,0.83,1.0271,1.43,0.0,4.2,9.9,5.2,14.4,83.0,2.5511746984412036,2.6488253015587966,2.3,1,1
BASEL,2002-09-29,0,0.73,1.0284,1.86,0.0,10.4,8.7,2.3,16.8,73.0,-2.036051611912733,4.336051611912733,4.6,0,0
BASEL,2002-09-30,1,0.75,1.0266,1.8,0.0,11.0,10.7,4.6,19.1,75.0,0.5543754268372494,4.04562457316275,6.1,0,0
BASEL,2002-10-01,5,0.77,1.0243,1.81,0.0,10.1,11.6,6.1,20.3,77.0,2.373480411831773,3.7265195881682267,7.2,0,0
BASEL,2002-10-02,6,0.82,1.0237,1.49,0.0,6.8,12.2,7.2,19.9,82.0,4.334517697170552,2.865482302829448,8.4,0,0
BASEL,2002-10-03,7,0.79,1.0244,1.51,0.02,6.6,13.9,8.4,20.8,79.0,4.970679058527285,3.4293209414727155,10.1,0,0
BASEL,2002-10-04,8,0.92,1.025,0.56,0.89,0.0,13.6,10.1,18.0,92.0,8.859002467159161,1.2409975328408382,8.7,0,0
BASEL,2002-10-05,6,0.8,1.0246,1.36,0.9,5.3,11.7,8.7,15.9,80.0,5.4433882230261705,3.2566117769738288,9.6,0,0
BASEL,2002-10-06,8,0.91,1.015,0.33,1.73,0.5,11.0,9.6,13.6,91.0,8.202901187635494,1.397098812364506,5.2,0,0
BASEL,2002-10-07,7,0.87,1.0171,1.0,0.01,3.1,9.0,5.2,13.8,87.0,3.214808851855326,1.9851911481446742,4.6,0,0
BASEL,2002-10-08,7,0.83,1.013,1.33,0.01,6.0,9.1,4.6,14.4,83.0,1.96417353888142,2.6358264611185795,4.7,0,0
BASEL,2002-10-09,4,0.84,1.0084,1.21,0.0,4.5,8.5,4.7,13.0,84.0,2.2298362584472713,2.470163741552729,4.9,0,0
BASEL,2002-10-10,8,0.88,1.0069,0.75,0.0,0.0,7.6,4.9,10.1,88.0,3.080987382437477,1.8190126175625232,8.4,0,0
BASEL,2002-10-11,8,0.9,1.0099,0.26,0.0,0.0,9.4,8.4,11.2,90.0,6.855296767228497,1.5447032327715036,8.3,0,0
BASEL,2002-10-12,8,0.87,1.0125,0.66,0.24,1.9,9.8,8.3,13.6,87.0,6.2640260474635525,2.035973952536448,7.9,0,0
BASEL,2002-10-13,4,0.77,1.0136,1.28,0.38,6.9,10.4,7.9,14.8,77.0,4.1186774673882,3.7813225326118003,9.3,0,0
BASEL,2002-10-14,8,0.93,1.0142,0.17,0.83,0.0,10.6,9.3,12.3,93.0,8.226155434023203,1.0738445659767972,9.0,0,0
BASEL,2002-10-15,8,0.93,1.013,0.56,3.04,0.1,12.1,9.0,14.7,93.0,7.928756722587763,1.0712432774122371,11.9,0,0
BASEL,2002-10-16,7,0.84,1.0061,0.92,2.59,3.5,15.9,11.9,22.5,84.0,9.281707037230904,2.6182929627690967,8.3,0,0
BASEL,2002-10-17,8,0.85,1.0056,0.37,1.14,0.0,10.8,8.3,12.4,85.0,5.927296414323702,2.372703585676299,4.7,0,0
BASEL,2002-10-18,6,0.76,1.0137,0.47,0.47,0.9,7.4,4.7,10.8,76.0,0.8345084177719212,3.865491582228079,3.4,0,0
BASEL,2002-10-19,5,0.82,1.0208,0.63,0.01,2.0,6.6,3.4,11.4,82.0,0.622248212125184,2.777751787874816,3.0,1,0
BASEL,2002-10-20,5,0.82,1.0174,0.82,0.0,3.6,6.8,3.0,12.1,82.0,0.2314045749280244,2.7685954250719758,6.6,0,0
BASEL,2002-10-21,8,0.88,1.0066,0.45,1.42,0.8,9.7,6.6,14.3,88.0,4.7555018051859,1.8444981948140997,10.9,0,0
BASEL,2002-10-22,7,0.74,1.0002,0.49,0.03,0.6,13.7,10.9,17.9,74.0,6.4480430744671535,4.451956925532847,6.2,0,0
BASEL,2002-10-23,7,0.75,1.0074,0.39,0.74,0.7,10.7,6.2,16.7,75.0,2.101221302911586,4.098778697088415,5.1,0,0
BASEL,2002-10-24,7,0.78,1.0155,0.81,0.75,2.9,8.7,5.1,12.4,78.0,1.5835945533369022,3.5164054466630974,8.2,0,0
BASEL,2002-10-25,8,0.79,1.0093,0.32,0.29,0.0,13.0,8.2,17.5,79.0,4.776211887142687,3.423788112857312,8.3,0,0
BASEL,2002-10-26,3,0.57,1.0207,1.08,0.0,6.6,13.1,8.3,16.7,56.99999999999999,0.2834314279610156,8.016568572038985,7.1,0,0
BASEL,2002-10-27,6,0.63,1.0202,0.41,0.0,1.4,14.1,7.1,21.6,63.0,0.5359409017427774,6.564059098257222,4.3,0,0
BASEL,2002-10-28,3,0.68,1.0325,1.11,0.0,7.3,9.2,4.3,12.9,68.0,-1.079641622069195,5.379641622069195,2.3,1,1
BASEL,2002-10-29,5,0.72,1.0229,0.88,0.0,4.8,7.4,2.3,12.4,72.0,-2.2225134242046107,4.522513424204611,4.0,0,0
BASEL,2002-10-30,4,0.73,1.0168,1.05,0.0,6.9,10.5,4.0,18.7,73.0,-0.3971338474276183,4.397133847427618,7.3,0,0
BASEL,2002-10-31,5,0.82,1.0187,0.88,0.0,4.2,11.4,7.3,18.1,82.0,4.432190796592079,2.867809203407921,9.4,0,0
BASEL,2002-11-01,8,0.85,1.0211,0.39,0.03,0.0,12.7,9.4,15.2,85.0,7.006132916716567,2.3938670832834337,10.2,0,0
BASEL,2002-11-02,8,0.92,1.0165,0.11,2.84,0.0,12.1,10.2,13.6,92.0,8.958003162931647,1.2419968370683527,9.2,0,0
BASEL,2002-11-03,7,0.84,1.0117,0.38,0.29,0.3,13.0,9.2,16.3,84.0,6.637755675376826,2.5622443246231734,8.0,0,0
BASEL,2002-11-04,7,0.83,1.0175,0.31,0.3,0.2,9.2,8.0,10.3,83.0,5.290095354426736,2.709904645573264,5.0,0,0
BASEL,2002-11-05,7,0.88,1.0246,0.53,0.48,1.0,7.9,5.0,10.3,88.0,3.1794931017738817,1.8205068982261183,3.1,0,0
BASEL,2002-11-06,5,0.85,1.0215,0.58,0.16,3.5,5.8,3.1,9.5,85.0,0.8260820448272297,2.27391795517277,1.9,1,1
BASEL,2002-11-07,6,0.86,1.0148,0.17,0.76,0.0,5.0,1.9,7.3,86.0,-0.19080237347155846,2.090802373471558,3.3,0,0
BASEL,2002-11-08,6,0.73,1.0189,0.56,0.08,1.3,5.6,3.3,8.4,73.0,-1.0719315408107422,4.371931540810742,6.4,0,0
BASEL,2002-11-09,8,0.8,1.0066,0.16,0.69,0.0,9.4,6.4,11.5,80.0,3.2035072517072964,3.196492748292704,3.1,0,0
BASEL,2002-11-10,7,0.93,1.0116,0.32,0.7,0.0,5.9,3.1,8.5,93.0,2.0792770512476784,1.0207229487523217,6.0,0,0
BASEL,2002-11-11,6,0.82,1.0108,0.34,0.57,2.4,10.5,6.0,14.4,82.0,3.16236770189138,2.83763229810862,2.9,1,0
BASEL,2002-11-12,3,0.84,1.0141,0.88,0.46,6.5,6.6,2.9,12.5,84.0,0.4662014801875444,2.4337985198124557,5.9,0,0
BASEL,2002-11-13,7,0.85,1.0032,0.38,0.19,2.2,7.8,5.9,12.0,85.0,3.573148278139816,2.3268517218601845,5.1,0,0
BASEL,2002-11-14,8,0.88,0.995,0.12,3.04,0.0,6.8,5.1,9.0,88.0,3.2779982122146314,1.8220017877853683,6.3,0,0
BASEL,2002-11-15,7,0.9,0.9953,0.38,0.27,0.2,8.5,6.3,10.9,90.0,4.781465223913241,1.5185347760867591,7.1,0,0
BASEL,2002-11-16,8,0.94,0.9989,0.07,1.29,0.0,8.8,7.1,10.0,94.0,6.200047010846624,0.899952989153376,5.1,0,0
BASEL,2002-11-17,4,0.87,1.0131,0.7,0.0,4.7,9.0,5.1,13.3,87.0,3.116436416117651,1.9835635838823484,4.7,0,0
BASEL,2002-11-18,6,0.92,1.0143,0.27,0.5,0.0,6.4,4.7,7.9,92.0,3.5123705890420647,1.1876294109579355,4.8,0,0
BASEL,2002-11-19,8,0.95,1.0125,0.15,0.16,0.0,7.0,4.8,7.9,95.0,4.067430872529222,0.7325691274707777,4.1,0,0
BASEL,2002-11-20,5,0.84,1.0121,0.69,0.0,5.5,6.5,4.1,8.5,84.0,1.6419876569079364,2.4580123430920633,2.7,1,0
BASEL,2002-11-21,7,0.83,1.0004,0.45,0.44,0.9,6.7,2.7,10.4,83.0,0.10512787882225887,2.5948721211777412,5.4,0,0
BASEL,2002-11-22,6,0.84,1.0053,0.34,0.03,1.0,6.8,5.4,10.0,84.0,2.915622146583562,2.4843778534164382,3.9,0,0
BASEL,2002-11-23,6,0.8,1.01,0.51,1.38,3.7,6.8,3.9,9.4,80.0,0.7682270115839744,3.1317729884160252,6.7,0,0
BASEL,2002-11-24,8,0.96,1.0093,0.16,1.28,0.0,7.4,6.7,8.2,96.0,6.107455618452938,0.5925443815470626,6.3,0,0
BASEL,2002-11-25,8,0.94,1.0064,0.11,0.47,0.0,7.0,6.3,8.2,94.0,5.405908703744702,0.894091296255298,7.1,0,0
BASEL,2002-11-26,8,0.95,1.0147,0.17,0.26,0.0,7.8,7.1,8.7,95.0,6.35349020548598,0.7465097945140196,6.9,0,0
BASEL,2002-11-27,4,0.88,1.0163,0.59,0.0,4.3,8.6,6.9,10.9,88.0,5.050986085426468,1.8490139145735327,6.2,0,0
BASEL,2002-11-28,7,0.89,1.0153,0.55,0.58,3.1,7.9,6.2,9.9,89.0,4.522905789262485,1.6770942107375149,6.2,0,0
BASEL,2002-11-29,6,0.86,1.0163,0.39,0.0,0.6,8.4,6.2,11.0,86.0,4.033817964075664,2.1661820359243364,4.6,0,0
BASEL,2002-11-30,6,0.9,1.0221,0.2,0.48,0.1,6.5,4.6,8.4,90.0,3.1024864890293697,1.49751351097063,3.1,0,0
BASEL,2002-12-01,7,0.88,1.0152,0.57,0.45,4.5,4.8,3.1,7.5,88.0,1.3077803067883669,1.7922196932116332,4.7,0,0
BASEL,2002-12-02,8,0.83,1.0083,0.15,0.08,0.0,6.2,4.7,7.5,83.0,2.0620092616436745,2.6379907383563257,4.4,0,0
BASEL,2002-12-03,8,0.92,1.0111,0.18,0.21,0.0,5.0,4.4,6.0,92.0,3.2153012630494437,1.1846987369505566,4.2,0,0
BASEL,2002-12-04,8,0.9,1.0164,0.09,0.0,0.0,4.8,4.2,5.5,90.0,2.7074115076802747,1.4925884923197255,3.9,0,0
BASEL,2002-12-05,8,0.9,1.016,0.09,0.0,0.0,4.3,3.9,5.8,90.0,2.41109998100048,1.4889000189995198,2.2,1,0
BASEL,2002-12-06,8,0.89,1.0193,0.06,0.1,0.0,3.8,2.2,5.9,89.0,0.5772809550461124,1.6227190449538877,1.3,1,0
BASEL,2002-12-07,8,0.92,1.0195,0.1,0.02,0.0,2.3,1.3,3.4,92.0,0.1453739234759035,1.1546260765240965,1.3,1,1
BASEL,2002-12-08,8,0.79,1.021,0.09,0.0,0.0,2.3,1.3,3.2,79.0,-1.935603782384451,3.235603782384451,-1.7,1,1
BASEL,2002-12-09,8,0.78,1.0211,0.08,0.04,0.0,-0.4,-1.7,1.4,78.0,-5.02354662606058,3.3235466260605797,-1.6,1,1
BASEL,2002-12-10,7,0.79,1.0225,0.41,0.0,2.2,-0.9,-1.6,0.2,79.0,-4.758078012584202,3.1580780125842023,-2.6,1,1
BASEL,2002-12-11,7,0.83,1.0223,0.4,0.0,0.8,-1.9,-2.6,-0.5,83.0,-5.082307921525214,2.4823079215252135,-2.5,1,1
BASEL,2002-12-12,6,0.84,1.0231,0.5,0.0,4.0,-0.5,-2.5,2.1,84.0,-4.826304824640666,2.3263048246406663,-1.0,1,1
BASEL,2002-12-13,4,0.9,1.0259,0.48,0.0,3.8,1.8,-1.0,4.7,90.0,-2.429296980857534,1.4292969808575342,-0.1,1,1
BASEL,2002-12-14,7,0.88,1.0207,0.42,0.26,1.7,1.3,-0.1,3.1,88.0,-1.8450750511348533,1.7450750511348532,1.5,1,1
BASEL,2002-12-15,7,0.88,1.0172,0.38,0.3,1.6,4.4,1.5,8.9,88.0,-0.2685694082308013,1.7685694082308012,6.4,0,0
BASEL,2002-12-16,8,0.85,1.0179,0.16,1.37,0.0,7.1,6.4,8.4,85.0,4.063632345100895,2.3363676548991057,4.2,0,0
BASEL,2002-12-17,8,0.89,1.0196,0.27,0.0,0.0,6.3,4.2,7.8,89.0,2.550204615524066,1.6497953844759343,2.3,1,0
BASEL,2002-12-18,8,0.88,1.027,0.2,0.0,0.0,2.8,2.3,4.4,88.0,0.5196249388185067,1.780375061181493,-0.1,1,1
BASEL,2002-12-19,3,0.76,1.0289,0.47,0.0,4.3,1.6,-0.1,3.1,76.0,-3.8150916783085473,3.7150916783085473,0.1,1,1
BASEL,2002-12-20,8,0.85,1.0246,0.23,0.53,0.0,2.6,0.1,4.9,85.0,-2.117872740127909,2.217872740127909,4.4,0,0
BASEL,2002-12-21,8,0.96,1.0214,0.11,0.31,0.0,6.8,4.4,9.8,96.0,3.8185425097472834,0.581457490252717,6.5,0,0
BASEL,2002-12-22,8,0.9,1.0158,0.07,0.44,0.0,9.0,6.5,14.0,90.0,4.978982561457552,1.5210174385424482,8.0,0,0
BASEL,2002-12-23,7,0.93,1.0146,0.32,0.0,0.0,10.6,8.0,12.9,93.0,6.937405000522048,1.0625949994779518,7.2,0,0
BASEL,2002-12-24,7,0.9,1.0158,0.29,0.0,0.0,9.3,7.2,11.9,90.0,5.670277373813793,1.5297226261862074,6.4,0,0
BASEL,2002-12-25,7,0.9,1.0176,0.28,0.04,0.0,8.3,6.4,10.4,90.0,4.8802241445802,1.5197758554198,5.7,0,0
BASEL,2002-12-26,8,0.87,1.0127,0.16,0.07,0.1,7.5,5.7,12.9,87.0,3.7066611008769446,1.9933388991230556,6.7,0,0
BASEL,2002-12-27,7,0.82,1.002,0.36,0.0,1.0,8.2,6.7,10.4,82.0,3.8461382001040767,2.8538617998959235,5.2,0,0
BASEL,2002-12-28,8,0.9,1.0041,0.1,0.26,0.0,7.3,5.2,9.3,90.0,3.6950838453600445,1.5049161546399556,6.1,0,0
BASEL,2002-12-29,8,0.79,1.0126,0.16,0.17,0.0,7.8,6.1,13.0,79.0,2.7340406346014268,3.365959365398573,9.7,0,0
BASEL,2002-12-30,8,0.65,1.0077,0.15,0.0,0.0,12.5,9.7,14.7,65.0,3.439556426971203,6.260443573028796,8.1,0,0
BASEL,2002-12-31,7,0.77,1.0099,0.18,0.09,0.0,9.3,8.1,10.9,77.0,4.31256393974066,3.7874360602593393,7.2,0,0
BASEL,2003-01-01,7,0.77,1.0104,0.47,0.25,2.5,8.3,7.2,14.6,77.0,3.4400365260278836,3.7599634739721166,8.7,0,0
BASEL,2003-01-02,8,0.65,0.9995,0.08,0.68,0.0,14.1,8.7,15.9,65.0,2.489428795738658,6.210571204261342,7.1,0,0
BASEL,2003-01-03,7,0.64,1.0036,0.17,0.86,0.4,9.2,7.1,10.9,64.0,0.753875105716891,6.3461248942831086,-0.3,1,1
BASEL,2003-01-04,7,0.85,1.004,0.15,0.39,0.0,5.3,-0.3,7.5,85.0,-2.5104523889835746,2.2104523889835748,-2.9,1,1
BASEL,2003-01-05,8,0.81,1.0123,0.09,0.1,0.0,-2.1,-2.9,-0.3,81.0,-5.696272037875488,2.796272037875488,-4.7,1,1
BASEL,2003-01-06,8,0.87,1.012,0.23,0.03,0.0,-3.6,-4.7,-2.4,87.0,-6.527274664490789,1.8272746644907887,-6.6,1,1
BASEL,2003-01-07,7,0.86,1.0152,0.19,0.05,0.0,-4.3,-6.6,-2.8,86.0,-8.54569029710357,1.945690297103571,-7.5,1,1
BASEL,2003-01-08,7,0.73,1.0124,0.35,0.0,0.0,-4.8,-7.5,-3.6,73.0,-11.492115601555156,3.992115601555156,-7.1,1,1
BASEL,2003-01-09,8,0.75,1.0146,0.29,0.0,0.0,-5.6,-7.1,-4.9,75.0,-10.767310173247777,3.6673101732477775,-8.5,1,1
BASEL,2003-01-10,8,0.77,1.022,0.2,0.02,0.0,-7.4,-8.5,-5.7,77.0,-11.796574899035749,3.2965748990357486,-7.9,1,1
BASEL,2003-01-11,7,0.69,1.0289,0.28,0.0,0.1,-5.0,-7.9,-2.7,69.0,-12.576255772494353,4.676255772494352,-11.2,1,1
BASEL,2003-01-12,1,0.7,1.0344,0.7,0.0,7.1,-8.0,-11.2,-4.6,70.0,-15.571431787346944,4.371431787346944,-11.2,1,1
BASEL,2003-01-13,6,0.77,1.0367,0.3,0.3,0.0,-5.9,-11.2,-1.3,77.0,-14.419909930940962,3.219909930940963,-1.6,1,1
BASEL,2003-01-14,6,0.92,1.0372,0.52,0.06,1.3,2.0,-1.6,4.3,92.0,-2.7268419143612377,1.1268419143612376,-1.8,1,1
BASEL,2003-01-15,2,0.89,1.0318,0.69,0.0,7.2,1.5,-1.8,6.3,89.0,-3.3692339767014268,1.5692339767014267,-1.8,1,1
BASEL,2003-01-16,7,0.88,1.0318,0.31,0.0,0.1,2.7,-1.8,5.0,88.0,-3.5202831732707063,1.7202831732707062,-0.2,1,1
BASEL,2003-01-17,3,0.82,1.0254,0.7,0.0,6.8,2.5,-0.2,5.8,82.0,-2.895882506534022,2.695882506534022,-0.2,1,1
BASEL,2003-01-18,3,0.82,1.0213,0.66,0.0,5.2,2.6,-0.2,7.0,82.0,-2.895882506534022,2.695882506534022,-0.8,1,1
BASEL,2003-01-19,4,0.88,1.0141,0.54,0.05,3.3,1.4,-0.8,4.0,88.0,-2.534845307827243,1.734845307827243,0.3,1,1
BASEL,2003-01-20,5,0.85,1.0097,0.63,0.11,4.1,3.9,0.3,8.0,85.0,-1.9215875348127145,2.2215875348127145,2.2,1,0
BASEL,2003-01-21,7,0.91,0.998,0.12,0.79,0.0,3.3,2.2,4.6,91.0,0.8850391902001518,1.3149608097998484,3.3,0,0
BASEL,2003-01-22,6,0.72,1.0026,0.36,0.09,1.2,6.8,3.3,8.8,72.0,-1.2599215257797625,4.559921525779762,3.9,0,0
BASEL,2003-01-23,7,0.83,1.0193,0.33,0.68,0.5,4.8,3.9,6.6,83.0,1.2792988810176542,2.6207011189823457,0.3,1,1
BASEL,2003-01-24,8,0.84,1.035,0.22,0.0,0.0,2.4,0.3,5.0,84.0,-2.081742283361468,2.3817422833614676,-0.6,1,1
BASEL,2003-01-25,6,0.82,1.0351,0.33,0.0,0.9,1.1,-0.6,3.3,82.0,-3.2868606525588313,2.686860652558831,0.0,1,1
BASEL,2003-01-26,8,0.86,1.0329,0.22,0.14,0.0,2.3,0.0,3.9,86.0,-2.057916616042053,2.057916616042053,2.5,1,0
BASEL,2003-01-27,8,0.94,1.0311,0.22,0.05,0.0,4.4,2.5,9.1,94.0,1.6334911449056988,0.8665088550943012,3.5,0,0
BASEL,2003-01-28,8,0.73,1.0204,0.54,0.44,2.6,6.5,3.5,9.6,73.0,-0.8791249436602675,4.379124943660267,0.7,1,1
BASEL,2003-01-29,8,0.8,1.0054,0.2,0.14,0.0,2.1,0.7,4.1,80.0,-2.349885160772753,3.049885160772753,-1.7,1,1
BASEL,2003-01-30,8,0.8,1.0037,0.31,0.07,0.0,0.5,-1.7,2.1,80.0,-4.6891721486129025,2.9891721486129024,-9.2,1,1
BASEL,2003-01-31,5,0.79,1.0153,0.46,0.02,0.1,-4.6,-9.2,-1.2,79.0,-12.159309057586391,2.959309057586392,-10.8,1,1
BASEL,2003-02-01,3,0.72,1.0238,0.94,0.2,7.0,-5.8,-10.8,-1.9,72.0,-14.846441814180224,4.046441814180223,-4.6,1,1
BASEL,2003-02-02,7,0.83,1.0168,0.55,0.2,0.9,-0.8,-4.6,5.3,83.0,-7.040472693743261,2.4404726937432617,3.5,0,0
BASEL,2003-02-03,8,0.8,1.0014,0.22,1.07,0.0,4.9,3.5,7.5,80.0,0.3785215452454558,3.121478454754544,-2.1,1,1
BASEL,2003-02-04,8,0.88,0.9978,0.37,1.45,0.7,0.4,-2.1,3.7,88.0,-3.815926413601302,1.7159264136013017,-0.6,1,1
BASEL,2003-02-05,7,0.79,1.0089,0.7,0.01,2.4,0.1,-0.6,1.9,79.0,-3.7847062775277407,3.1847062775277406,-3.9,1,1
BASEL,2003-02-06,7,0.78,1.0216,0.8,0.03,3.7,0.2,-3.9,2.6,78.0,-7.162299291198725,3.2622992911987247,-5.3,1,1
BASEL,2003-02-07,7,0.78,1.0269,0.69,0.0,1.7,-1.6,-5.3,1.8,78.0,-8.5236161563003,3.2236161563002996,-0.1,1,1
BASEL,2003-02-08,8,0.79,1.0255,0.42,0.0,0.0,1.5,-0.1,3.5,79.0,-3.2980617655655,3.1980617655655,-1.0,1,1
BASEL,2003-02-09,8,0.83,1.0214,0.38,0.0,0.0,1.3,-1.0,3.2,83.0,-3.5160293604311157,2.5160293604311157,-2.4,1,1
BASEL,2003-02-10,7,0.83,1.0238,0.69,0.0,3.2,-0.1,-2.4,3.5,83.0,-4.886510791516194,2.4865107915161944,-1.4,1,1
BASEL,2003-02-11,8,0.72,1.0273,0.34,0.0,0.0,0.3,-1.4,1.3,72.0,-5.785418144402119,4.385418144402118,-3.8,1,1
BASEL,2003-02-12,8,0.72,1.0279,0.29,0.0,0.0,-2.8,-3.8,-1.4,72.0,-8.097598887837984,4.297598887837984,-4.4,1,1
BASEL,2003-02-13,8,0.66,1.0253,0.33,0.0,0.0,-3.0,-4.4,-1.7,66.0,-9.78218549741923,5.382185497419229,-6.5,1,1
BASEL,2003-02-14,8,0.69,1.0269,0.47,0.0,0.0,-4.0,-6.5,-1.4,69.0,-11.232820470689989,4.732820470689989,-5.0,1,1
BASEL,2003-02-15,4,0.63,1.0302,1.02,0.0,6.1,-2.5,-5.0,0.5,63.0,-10.939069424440554,5.939069424440554,-6.0,1,1
BASEL,2003-02-16,7,0.63,1.0296,0.42,0.0,0.1,-2.6,-6.0,0.2,63.0,-11.888780123016023,5.888780123016023,-3.6,1,1
BASEL,2003-02-17,4,0.59,1.0304,1.0,0.0,5.5,-2.4,-3.6,-0.5,59.0,-10.438143070429295,6.838143070429295,-6.8,1,1
BASEL,2003-02-18,1,0.65,1.026,1.13,0.0,6.6,-3.8,-6.8,-1.0,65.0,-12.262445906773332,5.462445906773332,-5.7,1,1
BASEL,2003-02-19,0,0.61,1.019,1.28,0.0,8.9,-2.7,-5.7,0.7,61.0,-12.00486853330563,6.304868533305631,-6.0,1,1
BASEL,2003-02-20,0,0.69,1.0165,1.28,0.0,8.7,-2.0,-6.0,3.4,69.0,-10.753102860498437,4.753102860498437,-5.1,1,1
BASEL,2003-02-21,0,0.69,1.0221,1.25,0.0,8.2,-0.1,-5.1,6.6,69.0,-9.889718185060538,4.789718185060538,-3.7,1,1
BASEL,2003-02-22,0,0.74,1.0272,1.29,0.0,8.3,-0.2,-3.7,4.8,74.0,-7.648547964986401,3.9485479649864006,-3.5,1,1
BASEL,2003-02-23,0,0.76,1.0317,1.29,0.0,8.4,0.7,-3.5,6.5,76.0,-7.110336041427944,3.610336041427944,-1.9,1,1
BASEL,2003-02-24,1,0.63,1.0285,1.4,0.0,9.4,3.7,-1.9,10.4,63.0,-7.996289731224927,6.0962897312249265,-1.5,1,1
BASEL,2003-02-25,1,0.58,1.0218,1.38,0.0,8.7,3.8,-1.5,10.9,57.99999999999999,-8.67817892734619,7.17817892734619,0.5,1,1
BASEL,2003-02-26,3,0.55,1.0164,1.18,0.0,4.8,6.7,0.5,13.9,55.00000000000001,-7.4860969164252245,7.9860969164252245,-1.2,1,1
BASEL,2003-02-27,4,0.56,1.0185,1.27,0.0,7.5,5.4,-1.2,13.8,56.00000000000001,-8.844737776625518,7.644737776625518,2.9,1,1
BASEL,2003-02-28,6,0.59,1.025,1.27,0.0,7.1,8.4,2.9,14.2,59.0,-4.317295863688059,7.21729586368806,4.2,0,0
BASEL,2003-03-01,8,0.66,1.0208,1.13,0.24,4.1,9.5,4.2,15.7,66.0,-1.5813831187408014,5.781383118740802,4.8,0,0
BASEL,2003-03-02,6,0.82,1.0156,0.57,0.52,1.4,7.3,4.8,10.5,82.0,1.9900832864566946,2.809916713543305,1.8,1,1
BASEL,2003-03-03,7,0.78,1.0209,0.57,0.0,0.4,5.3,1.8,8.8,78.0,-1.622142659797352,3.422142659797352,-0.3,1,1
BASEL,2003-03-04,5,0.75,1.0235,1.56,0.0,8.5,5.4,-0.3,11.3,75.0,-4.1849626381195115,3.8849626381195117,5.2,0,0
BASEL,2003-03-05,3,0.64,1.0187,1.46,0.0,8.4,10.3,5.2,16.9,64.0,-1.049254458714518,6.2492544587145185,4.4,0,0
BASEL,2003-03-06,8,0.8,1.0174,0.33,0.32,0.0,6.9,4.4,11.6,80.0,1.2553353225321453,3.144664677467855,1.7,1,1
BASEL,2003-03-07,5,0.69,1.0231,1.48,0.0,8.0,6.3,1.7,10.8,69.0,-3.3708114736997112,5.070811473699711,2.7,1,1
BASEL,2003-03-08,6,0.67,1.026,1.21,0.0,4.4,6.8,2.7,11.8,67.0,-2.8088108900933864,5.508810890093386,3.2,0,0
BASEL,2003-03-09,6,0.59,1.0263,1.49,0.0,6.1,8.8,3.2,16.5,59.0,-4.035034717780092,7.235034717780092,3.2,0,0
BASEL,2003-03-10,1,0.53,1.027,1.74,0.0,10.5,10.8,3.2,19.2,53.0,-5.452791669178242,8.652791669178242,7.3,0,0
BASEL,2003-03-11,7,0.44,1.022,1.28,0.0,4.3,14.2,7.3,22.0,44.0,-4.143764226985361,11.443764226985362,4.5,0,0
BASEL,2003-03-12,6,0.67,1.0242,0.26,0.37,0.0,10.3,4.5,15.6,67.0,-1.0906551695295794,5.59065516952958,3.8,0,0
BASEL,2003-03-13,7,0.72,1.0303,1.22,0.0,4.0,7.0,3.8,12.1,72.0,-0.778682253938879,4.5786822539388785,0.3,1,1
BASEL,2003-03-14,0,0.48,1.0289,1.88,0.0,11.0,5.0,0.3,10.0,48.0,-9.414309765787445,9.714309765787446,-1.5,1,1
BASEL,2003-03-15,1,0.56,1.0344,1.76,0.0,9.0,3.7,-1.5,9.6,56.00000000000001,-9.125668073649779,7.625668073649779,-1.3,1,1
BASEL,2003-03-16,0,0.52,1.0378,1.88,0.0,10.9,4.6,-1.3,12.2,52.0,-9.879227581210388,8.579227581210388,-1.6,1,1
BASEL,2003-03-17,4,0.53,1.0323,1.8,0.0,10.5,5.7,-1.6,13.0,53.0,-9.917361013248563,8.317361013248563,-0.7,1,1
BASEL,2003-03-18,0,0.65,1.029,1.78,0.0,8.6,5.9,-0.7,12.5,65.0,-6.4512816071752095,5.751281607175209,-1.4,1,1
BASEL,2003-03-19,1,0.58,1.0273,1.85,0.0,10.5,6.5,-1.4,14.3,57.99999999999999,-8.584165831760972,7.184165831760971,0.1,1,1
BASEL,2003-03-20,1,0.53,1.0249,1.96,0.0,10.7,8.0,0.1,16.1,53.0,-8.335428176955853,8.435428176955853,-0.2,1,1
BASEL,2003-03-21,6,0.63,1.0224,1.69,0.0,6.3,4.8,-0.2,11.8,63.0,-6.383356466582678,6.183356466582678,-0.6,1,1
BASEL,2003-03-22,0,0.54,1.0228,1.86,0.0,10.1,6.6,-0.6,13.7,54.0,-8.748278657981139,8.14827865798114,1.5,1,1
BASEL,2003-03-23,0,0.42,1.0264,1.99,0.0,11.2,8.7,1.5,16.9,42.0,-10.009446450152712,11.509446450152712,2.6,1,1
BASEL,2003-03-24,0,0.5,1.0278,1.91,0.0,10.6,10.9,2.6,19.2,50.0,-6.769968426928197,9.369968426928198,4.0,0,0
BASEL,2003-03-25,0,0.49,1.0222,1.91,0.0,10.6,11.9,4.0,19.7,49.0,-5.742408144129148,9.742408144129147,3.4,0,0
BASEL,2003-03-26,1,0.46,1.0179,2.0,0.0,10.5,11.6,3.4,20.0,46.0,-7.1162742858824855,10.516274285882485,4.5,0,0
BASEL,2003-03-27,7,0.47,1.0167,1.7,0.0,6.5,12.7,4.5,20.5,47.0,-5.829016384069761,10.32901638406976,10.1,0,0
BASEL,2003-03-28,7,0.54,1.0136,0.96,0.02,0.0,14.6,10.1,19.3,54.0,1.213467386701549,8.886532613298451,8.7,0,0
BASEL,2003-03-29,8,0.61,1.0139,1.35,0.12,2.4,14.4,8.7,19.1,61.0,1.6001442774976287,7.099855722502371,10.3,0,0
BASEL,2003-03-30,8,0.74,1.0142,1.33,0.01,2.6,13.9,10.3,18.7,74.0,5.869315376434193,4.430684623565807,5.1,0,0
BASEL,2003-03-31,6,0.68,1.0195,1.22,0.0,2.7,11.6,5.1,15.8,68.0,-0.31487036595800416,5.414870365958004,1.8,1,1
BASEL,2003-04-01,3,0.52,1.0173,2.08,1.16,10.0,10.6,1.8,19.6,52.0,-7.001519355628504,8.801519355628503,3.5,0,0
BASEL,2003-04-02,7,0.72,1.009,1.27,0.13,2.8,6.6,3.5,11.6,72.0,-1.067421283280852,4.5674212832808525,1.8,1,1
BASEL,2003-04-03,6,0.66,1.0182,0.89,0.0,0.5,4.9,1.8,8.0,66.0,-3.8685768866133166,5.668576886613317,-0.7,1,1
BASEL,2003-04-04,3,0.65,1.0261,1.45,0.0,3.5,4.6,-0.7,10.9,65.0,-6.4512816071752095,5.751281607175209,-1.2,1,1
BASEL,2003-04-05,3,0.59,1.0235,2.25,0.0,11.8,6.6,-1.2,13.6,59.0,-8.176982105600205,6.976982105600205,3.6,0,0
BASEL,2003-04-06,5,0.47,1.0209,1.66,0.0,4.3,6.0,3.6,10.1,47.0,-6.654020033306729,10.254020033306729,-0.6,1,1
BASEL,2003-04-07,5,0.44,1.022,1.79,0.0,6.3,2.2,-0.6,6.3,44.0,-11.333823255877348,10.733823255877349,-3.8,1,1
BASEL,2003-04-08,1,0.4,1.02,2.33,0.0,11.4,2.6,-3.8,10.1,40.0,-15.405674169838104,11.605674169838103,1.3,1,1
BASEL,2003-04-09,7,0.57,1.0114,1.21,0.07,0.7,4.3,1.3,8.0,56.99999999999999,-6.273855306305154,7.573855306305154,-0.5,1,1
BASEL,2003-04-10,8,0.85,1.0066,0.56,1.12,0.7,0.8,-0.5,3.7,85.0,-2.7067468326689803,2.2067468326689803,-0.8,1,1
BASEL,2003-04-11,6,0.69,1.0116,2.21,0.04,7.6,4.9,-0.8,11.1,69.0,-5.766556342955028,4.966556342955029,4.9,0,0
BASEL,2003-04-12,7,0.8,1.0168,0.77,0.25,1.9,7.2,4.9,12.4,80.0,1.7424174999156175,3.157582500084383,3.1,0,0
BASEL,2003-04-13,3,0.6,1.0194,2.6,0.0,10.9,10.8,3.1,18.8,60.0,-3.905543696717295,7.005543696717295,6.3,0,0
BASEL,2003-04-14,7,0.46,1.0151,2.21,0.0,10.2,13.9,6.3,20.8,46.0,-4.465131670633763,10.765131670633764,4.4,0,0
BASEL,2003-04-15,0,0.48,1.0179,2.61,0.0,12.4,13.9,4.4,23.0,48.0,-5.644824427328836,10.044824427328837,7.0,0,0
BASEL,2003-04-16,1,0.46,1.0196,2.61,0.0,12.3,15.5,7.0,22.9,46.0,-3.8256171996751456,10.825617199675145,6.0,0,0
BASEL,2003-04-17,0,0.48,1.0227,2.48,0.0,11.7,14.0,6.0,21.8,48.0,-4.1752423284962115,10.17524232849621,4.9,0,0
BASEL,2003-04-18,1,0.42,1.0205,2.67,0.0,12.1,12.8,4.9,20.6,42.0,-6.930871954034065,11.830871954034066,2.6,1,1
BASEL,2003-04-19,5,0.55,1.0117,2.54,0.07,8.2,8.2,2.6,14.2,55.00000000000001,-5.525128820049906,8.125128820049905,5.2,0,0
BASEL,2003-04-20,7,0.63,1.0087,2.09,0.0,5.6,11.8,5.2,20.0,63.0,-1.2639066779494161,6.463906677949416,10.9,0,0
BASEL,2003-04-21,6,0.67,1.0137,2.17,0.18,6.8,13.2,10.9,19.8,67.0,5.013571683949103,5.886428316050897,8.2,0,0
BASEL,2003-04-22,5,0.72,1.0143,2.65,0.0,9.7,14.1,8.2,19.8,72.0,3.454594807160226,4.745405192839773,7.4,0,0
BASEL,2003-04-23,4,0.7,1.0139,2.54,0.0,9.3,13.5,7.4,20.4,70.0,2.2892321998944967,5.110767800105504,6.9,0,0
BASEL,2003-04-24,1,0.56,1.0159,2.69,0.0,11.8,15.2,6.9,22.9,56.00000000000001,-1.2683185979526745,8.168318597952675,9.6,0,0
BASEL,2003-04-25,7,0.54,1.0144,2.27,0.0,8.2,16.5,9.6,25.5,54.0,0.748652434883704,8.851347565116296,10.9,0,0
BASEL,2003-04-26,8,0.8,1.0131,0.39,0.54,0.0,13.0,10.9,15.4,80.0,7.585365975758285,3.314634024241715,10.4,0,0
BASEL,2003-04-27,6,0.6,1.0158,1.67,0.0,3.2,13.9,10.4,18.3,60.0,2.9698163949714775,7.430183605028523,9.8,0,0
BASEL,2003-04-28,6,0.49,1.0086,2.44,0.02,7.6,17.9,9.8,27.0,49.0,-0.4057177896356926,10.205717789635694,12.8,0,0
BASEL,2003-04-29,7,0.7,1.0138,1.6,0.44,3.8,16.3,12.8,22.1,70.0,7.464003725676166,5.3359962743238345,10.0,0,0
BASEL,2003-04-30,8,0.82,1.0141,0.34,1.33,0.0,14.1,10.0,19.9,82.0,7.069011737626746,2.930988262373254,7.4,0,0
BASEL,2003-05-01,6,0.65,1.0215,2.24,0.0,6.5,13.1,7.4,18.8,65.0,1.2539722313569857,6.146027768643014,7.3,0,0
BASEL,2003-05-02,8,0.74,1.0166,0.97,2.18,1.9,11.9,7.3,18.5,74.0,2.974926287032958,4.325073712967042,7.9,0,0
BASEL,2003-05-03,5,0.59,1.0238,2.88,0.0,10.0,13.4,7.9,18.8,59.0,0.38430163965835434,7.515698360341646,5.5,0,0
BASEL,2003-05-04,2,0.52,1.0185,3.08,0.0,13.2,16.7,5.5,26.9,52.0,-3.570417098975439,9.070417098975438,12.5,0,0
BASEL,2003-05-05,7,0.6,1.0123,1.67,0.0,2.6,18.7,12.5,25.5,60.0,4.945416056084643,7.554583943915357,11.8,0,0
BASEL,2003-05-06,7,0.64,1.0161,2.13,0.0,3.7,18.3,11.8,25.4,64.0,5.21113232945018,6.588867670549821,11.9,0,0
BASEL,2003-05-07,6,0.74,1.0188,2.41,0.0,6.7,17.4,11.9,24.5,74.0,7.41247807481363,4.48752192518637,14.3,0,0
BASEL,2003-05-08,7,0.76,1.0183,2.36,1.35,6.6,18.1,14.3,25.3,76.0,10.124904744490152,4.175095255509849,12.9,0,0
BASEL,2003-05-09,6,0.8,1.0186,1.94,0.07,3.0,16.4,12.9,21.3,80.0,9.532179888657717,3.367820111342283,12.2,0,0
BASEL,2003-05-10,7,0.77,1.0198,1.74,0.0,1.9,15.1,12.2,19.3,77.0,8.286165498916027,3.913834501083972,11.9,0,0
BASEL,2003-05-11,5,0.76,1.0193,2.34,0.69,7.2,16.2,11.9,20.7,76.0,7.803405277633564,4.0965947223664365,12.0,0,0
BASEL,2003-05-12,6,0.73,1.0182,2.28,0.08,5.5,15.9,12.0,20.6,73.0,7.309792716438565,4.690207283561435,7.0,0,0
BASEL,2003-05-13,6,0.73,1.0189,0.94,0.12,2.0,11.4,7.0,14.8,73.0,2.4940510427997906,4.505948957200209,4.8,0,0
BASEL,2003-05-14,5,0.69,1.0235,2.23,0.09,6.1,9.5,4.8,14.9,69.0,-0.4015593361063726,5.2015593361063726,3.2,0,0
BASEL,2003-05-15,2,0.61,1.0228,3.02,0.0,11.3,10.1,3.2,16.9,61.0,-3.590803045043783,6.790803045043783,3.5,0,0
BASEL,2003-05-16,5,0.59,1.0155,3.14,0.0,12.1,12.5,3.5,20.5,59.0,-3.7527946850266956,7.2527946850266956,11.3,0,0
BASEL,2003-05-17,7,0.73,1.0153,1.05,0.24,0.8,14.1,11.3,16.6,73.0,6.635806973004088,4.664193026995913,11.4,0,0
BASEL,2003-05-18,7,0.83,1.0174,1.33,0.05,0.6,15.5,11.4,19.7,83.0,8.615002094423893,2.784997905576107,12.6,0,0
BASEL,2003-05-19,7,0.76,1.0157,1.35,0.99,1.6,17.1,12.6,25.2,76.0,8.480584975253874,4.119415024746125,9.3,0,0
BASEL,2003-05-20,4,0.73,1.0213,2.06,0.51,5.6,12.0,9.3,15.5,73.0,4.709742228664508,4.590257771335493,8.2,0,0
BASEL,2003-05-21,6,0.73,1.0268,1.5,0.02,0.9,11.1,8.2,14.1,73.0,3.6501595183487847,4.549840481651215,9.5,0,0
BASEL,2003-05-22,8,0.91,1.0269,0.57,0.64,0.1,11.7,9.5,15.2,91.0,8.10402765195627,1.3959723480437294,12.6,0,0
BASEL,2003-05-23,4,0.74,1.0169,3.07,0.0,10.6,18.6,12.6,25.0,74.0,8.087499911240366,4.512500088759634,13.6,0,0
BASEL,2003-05-24,7,0.67,1.0075,2.92,0.29,8.2,19.2,13.6,26.2,67.0,7.586560903709197,6.013439096290803,11.8,0,0
BASEL,2003-05-25,8,0.82,1.0165,0.5,0.05,0.0,12.5,11.8,14.4,82.0,8.826514508726653,2.9734854912733475,11.4,0,0
BASEL,2003-05-26,8,0.88,1.0203,0.51,0.08,0.0,12.9,11.4,14.5,88.0,9.482592882892208,1.9174071171077927,13.5,0,0
BASEL,2003-05-27,8,0.91,1.021,0.55,0.12,0.0,15.3,13.5,18.1,91.0,12.058616752987549,1.4413832470124515,14.4,0,0
BASEL,2003-05-28,8,0.87,1.0186,1.38,0.47,1.4,16.8,14.4,22.4,87.0,12.262241827498675,2.137758172501325,14.7,0,0
BASEL,2003-05-29,6,0.82,1.015,2.34,0.0,4.8,19.2,14.7,23.8,82.0,11.657411150982904,3.042588849017095,14.3,0,0
BASEL,2003-05-30,4,0.68,1.0136,2.89,0.0,10.6,21.0,14.3,27.9,68.0,8.471927597855816,5.828072402144185,15.0,0,0
BASEL,2003-05-31,4,0.68,1.0129,2.79,0.0,10.9,21.6,15.0,28.1,68.0,9.13988091638472,5.860119083615279,15.2,0,0
BASEL,2003-06-01,1,0.64,1.0107,3.15,0.0,12.8,22.7,15.2,29.3,64.0,8.432767750229349,6.76723224977065,16.9,0,0
BASEL,2003-06-02,5,0.75,1.0121,1.91,0.82,7.9,19.8,16.9,27.0,75.0,12.436992642315957,4.463007357684042,15.7,0,0
BASEL,2003-06-03,6,0.72,1.0134,2.66,0.03,9.3,21.7,15.7,28.4,72.0,10.663673051812278,5.036326948187721,17.3,0,0
BASEL,2003-06-04,5,0.67,1.015,2.72,0.0,10.5,23.7,17.3,30.6,67.0,11.110361061213094,6.189638938786906,17.1,0,0
BASEL,2003-06-05,6,0.64,1.0188,2.79,0.23,8.8,22.9,17.1,28.0,64.0,10.232084050326245,6.8679159496737565,18.4,0,0
BASEL,2003-06-06,6,0.78,1.0201,1.97,0.0,3.0,21.8,18.4,26.4,78.0,14.490904013817282,3.9090959861827166,18.5,0,0
BASEL,2003-06-07,4,0.73,1.0172,2.32,0.0,4.9,22.6,18.5,29.1,73.0,13.56484377997059,4.935156220029411,18.3,0,0
BASEL,2003-06-08,4,0.66,1.0151,2.5,0.0,6.7,23.5,18.3,28.8,66.0,11.834005159945226,6.465994840054774,17.3,0,0
BASEL,2003-06-09,5,0.66,1.019,2.9,0.0,8.2,22.1,17.3,27.1,66.0,10.883789037146908,6.416210962853093,16.3,0,0
BASEL,2003-06-10,5,0.61,1.016,3.04,0.0,12.5,24.7,16.3,32.7,61.0,8.76211096336089,7.537889036639111,20.6,0,0
BASEL,2003-06-11,6,0.6,1.0188,2.88,0.0,10.3,25.8,20.6,31.3,60.0,12.556215382030796,8.043784617969205,18.1,0,0
BASEL,2003-06-12,5,0.62,1.0176,2.73,0.0,10.3,24.5,18.1,34.9,62.0,10.700673143978648,7.399326856021354,20.1,0,0
BASEL,2003-06-13,6,0.64,1.0199,2.36,0.02,8.0,25.0,20.1,29.6,64.0,13.071637611882016,7.028362388117985,18.4,0,0
BASEL,2003-06-14,5,0.71,1.0182,2.62,0.15,7.6,24.2,18.4,33.6,71.0,13.042474414261692,5.357525585738307,18.9,0,0
BASEL,2003-06-15,7,0.7,1.0164,2.93,0.0,9.1,24.0,18.9,30.3,70.0,13.303865497973126,5.596134502026873,17.8,0,0
BASEL,2003-06-16,2,0.65,1.0128,3.11,0.0,11.4,23.4,17.8,29.3,65.0,11.128432854410557,6.671567145589444,16.2,0,0
BASEL,2003-06-17,2,0.58,1.0119,3.12,0.02,11.5,23.6,16.2,30.4,57.99999999999999,7.924543058081035,8.275456941918964,17.6,0,0
BASEL,2003-06-18,5,0.6,1.0205,2.94,0.0,7.6,20.5,17.6,25.4,60.0,9.739134642465535,7.8608653575344665,15.2,0,0
BASEL,2003-06-19,1,0.58,1.0239,3.35,0.0,13.6,21.2,15.2,26.9,57.99999999999999,6.988547317976625,8.211452682023374,17.8,0,0
BASEL,2003-06-20,3,0.61,1.02,2.84,0.0,9.8,23.5,17.8,28.5,61.0,10.174154370748113,7.625845629251888,12.9,0,0
BASEL,2003-06-21,1,0.55,1.0176,3.41,0.0,14.0,20.0,12.9,27.2,55.00000000000001,4.076195501587882,8.82380449841212,14.0,0,0
BASEL,2003-06-22,2,0.45,1.0112,3.4,0.0,14.4,24.5,14.0,33.9,45.0,2.251968051900738,11.748031948099262,19.6,0,0
BASEL,2003-06-23,4,0.44,1.0108,2.88,0.01,9.5,27.7,19.6,35.9,44.0,7.0078734612933555,12.592126538706646,19.7,0,0
BASEL,2003-06-24,2,0.59,1.0165,2.89,0.0,11.0,25.7,19.7,32.3,59.0,11.45687958262669,8.243120417373309,18.5,0,0
BASEL,2003-06-25,4,0.61,1.0173,2.86,0.0,9.8,23.6,18.5,30.4,61.0,10.832938625290486,7.6670613747095135,17.1,0,0
BASEL,2003-06-26,5,0.65,1.0143,2.54,0.05,6.2,21.6,17.1,31.7,65.0,10.464464608365812,6.635535391634189,16.5,0,0
BASEL,2003-06-27,6,0.65,1.0141,2.89,0.0,10.4,22.6,16.5,27.9,65.0,9.89527334699127,6.604726653008729,17.4,0,0
BASEL,2003-06-28,6,0.64,1.0133,2.4,0.0,6.4,22.0,17.4,27.2,64.0,10.51612050747469,6.883879492525308,15.4,0,0
BASEL,2003-06-29,3,0.58,1.0079,3.1,0.0,13.1,23.8,15.4,31.8,57.99999999999999,7.175765692710319,8.22423430728968,18.6,0,0
BASEL,2003-06-30,4,0.56,1.0043,2.73,0.77,8.4,25.8,18.6,33.9,56.00000000000001,9.64586165775726,8.954138342242741,13.6,0,0
BASEL,2003-07-01,8,0.87,1.0078,0.82,0.83,0.1,15.0,13.6,19.3,87.0,11.475730821137223,2.124269178862777,15.1,0,0
BASEL,2003-07-02,5,0.58,1.0086,2.84,0.19,7.3,18.7,15.1,24.6,57.99999999999999,6.894934525091998,8.205065474908002,14.2,0,0
BASEL,2003-07-03,7,0.72,1.0131,1.91,0.16,3.2,17.6,14.2,22.8,72.0,9.222536001198224,4.977463998801776,13.2,0,0
BASEL,2003-07-04,7,0.77,1.0176,1.43,0.38,1.2,14.7,13.2,19.1,77.0,9.255026859448083,3.944973140551916,13.2,0,0
BASEL,2003-07-05,5,0.67,1.0186,2.08,0.0,5.4,17.3,13.2,21.5,67.0,7.2054608021459945,5.994539197854005,11.5,0,0
BASEL,2003-07-06,2,0.65,1.0194,3.23,0.0,12.1,18.6,11.5,26.3,65.0,5.1492964540057775,6.3507035459942225,13.8,0,0
BASEL,2003-07-07,3,0.62,1.0211,3.13,0.0,10.4,20.8,13.8,28.2,62.0,6.64386808478394,7.1561319152160605,14.9,0,0
BASEL,2003-07-08,4,0.59,1.0199,3.04,0.0,11.1,21.5,14.9,27.7,59.0,6.956705083564238,7.943294916435763,14.6,0,0
BASEL,2003-07-09,5,0.58,1.0181,2.84,0.0,9.0,21.7,14.6,28.7,57.99999999999999,6.426834501787549,8.173165498212452,14.7,0,0
BASEL,2003-07-10,2,0.6,1.0182,3.19,0.0,13.1,22.0,14.7,29.8,60.0,7.014018170561921,7.685981829438078,16.0,0,0
BASEL,2003-07-11,3,0.53,1.0179,3.21,0.0,14.0,23.3,16.0,30.4,53.0,6.421543749423315,9.578456250576686,16.8,0,0
BASEL,2003-07-12,5,0.57,1.018,2.86,0.0,10.7,23.3,16.8,30.5,56.99999999999999,8.229520276840137,8.570479723159863,14.4,0,0
BASEL,2003-07-13,1,0.52,1.0162,3.23,0.0,13.9,22.4,14.4,30.4,52.0,4.666849052380437,9.733150947619563,14.3,0,0
BASEL,2003-07-14,1,0.46,1.0113,3.26,0.0,14.4,23.7,14.3,32.4,46.0,2.8339717954676416,11.466028204532359,18.9,0,0
BASEL,2003-07-15,1,0.44,1.0089,2.8,0.07,11.9,27.2,18.9,33.9,44.0,6.374627861718657,12.525372138281341,18.0,0,0
BASEL,2003-07-16,6,0.7,1.0099,1.73,0.4,4.0,23.7,18.0,30.7,70.0,12.44262737401121,5.557372625988791,17.7,0,0
BASEL,2003-07-17,7,0.58,1.0199,1.54,0.0,3.4,20.6,17.7,24.5,57.99999999999999,9.328086175179221,8.371913824820778,14.0,0,0
BASEL,2003-07-18,3,0.54,1.0219,3.25,0.0,13.3,21.9,14.0,28.4,54.0,4.836716668447578,9.163283331552421,15.0,0,0
BASEL,2003-07-19,2,0.52,1.0181,3.19,0.0,14.1,24.1,15.0,32.5,52.0,5.221362506503555,9.778637493496445,18.0,0,0
BASEL,2003-07-20,5,0.45,1.013,2.86,0.01,10.4,27.3,18.0,36.3,45.0,5.884589756523158,12.115410243476841,18.2,0,0
BASEL,2003-07-21,6,0.67,1.0161,1.97,1.38,4.9,23.7,18.2,29.1,67.0,11.967126358148288,6.232873641851711,17.3,0,0
BASEL,2003-07-22,3,0.61,1.0182,2.52,0.0,7.8,23.5,17.3,30.1,61.0,9.703528221741523,7.596471778258477,18.8,0,0
BASEL,2003-07-23,4,0.66,1.017,2.5,0.01,8.4,24.0,18.8,28.4,66.0,12.30904291125378,6.490957088746221,16.9,0,0
BASEL,2003-07-24,7,0.8,1.0166,0.87,0.24,1.3,18.3,16.9,21.9,80.0,13.424555152290209,3.47544484770979,14.9,0,0
BASEL,2003-07-25,6,0.63,1.0142,2.68,0.0,8.1,21.4,14.9,28.4,63.0,7.916945047473796,6.983054952526205,19.5,0,0
BASEL,2003-07-26,5,0.58,1.012,2.16,0.0,4.7,24.1,19.5,29.5,57.99999999999999,11.011624728418752,8.488375271581248,17.2,0,0
BASEL,2003-07-27,8,0.85,1.0143,0.53,1.35,0.6,20.2,17.2,25.9,85.0,14.653395966228437,2.546604033771562,15.4,0,0
BASEL,2003-07-28,5,0.63,1.022,2.57,0.0,7.0,19.5,15.4,24.9,63.0,8.38965658089,7.010343419110001,14.6,0,0
BASEL,2003-07-29,1,0.56,1.0232,3.02,0.0,12.4,20.5,14.6,26.5,56.00000000000001,5.918436476731156,8.681563523268844,13.6,0,0
BASEL,2003-07-30,5,0.62,1.018,2.66,0.44,9.9,20.4,13.6,27.3,62.0,6.455083411231104,7.144916588768895,16.0,0,0
BASEL,2003-07-31,6,0.86,1.0173,1.86,1.31,4.9,18.2,16.0,22.1,86.0,13.657080703821357,2.3429192961786427,15.2,0,0
BASEL,2003-08-01,1,0.71,1.0181,2.74,0.0,10.5,21.7,15.2,28.4,71.0,9.97415779288672,5.2258422071132795,16.4,0,0
BASEL,2003-08-02,2,0.64,1.0186,2.92,0.0,13.0,23.9,16.4,31.7,64.0,9.569262202267428,6.830737797732571,19.0,0,0
BASEL,2003-08-03,2,0.57,1.019,2.96,0.0,12.9,26.6,19.0,34.4,56.99999999999999,10.283244025025196,8.716755974974804,19.5,0,0
BASEL,2003-08-04,1,0.55,1.0202,2.8,0.0,12.8,27.5,19.5,35.6,55.00000000000001,10.21390501522566,9.28609498477434,20.6,0,0
BASEL,2003-08-05,2,0.52,1.0201,2.77,0.0,12.4,28.6,20.6,36.6,52.0,10.39191192424833,10.208088075751672,20.8,0,0
BASEL,2003-08-06,3,0.52,1.0196,2.45,0.0,8.6,28.2,20.8,35.7,52.0,10.57641053741212,10.223589462587881,19.5,0,0
BASEL,2003-08-07,1,0.48,1.0184,2.66,0.0,11.4,28.5,19.5,36.8,48.0,8.192351843161118,11.307648156838882,20.0,0,0
BASEL,2003-08-08,5,0.42,1.0174,2.57,0.0,10.6,27.6,20.0,37.0,42.0,6.690928788146224,13.309071211853777,19.6,0,0
BASEL,2003-08-09,2,0.45,1.017,2.51,0.0,10.6,28.5,19.6,36.7,45.0,7.336131081381663,12.26386891861834,19.9,0,0
BASEL,2003-08-10,0,0.42,1.0154,2.68,0.0,11.9,28.6,19.9,36.9,42.0,6.60098937894017,13.299010621059828,17.8,0,0
BASEL,2003-08-11,1,0.43,1.0175,2.78,0.0,12.6,26.7,17.8,35.8,43.0,5.048731243974457,12.751268756025544,18.4,0,0
BASEL,2003-08-12,1,0.4,1.0201,2.69,0.0,12.7,28.1,18.4,36.7,40.0,4.5519496506825465,13.848050349317452,20.7,0,0
BASEL,2003-08-13,3,0.39,1.0177,2.56,0.0,11.2,29.0,20.7,38.6,39.0,6.241379647007452,14.458620352992547,20.0,0,0
BASEL,2003-08-14,7,0.63,1.0151,1.23,0.19,2.3,23.7,20.0,29.5,63.0,12.736176689213007,7.263823310786993,17.6,0,0
BASEL,2003-08-15,5,0.71,1.0147,1.33,0.0,1.0,21.0,17.6,25.2,71.0,12.275545650975578,5.324454349024423,16.1,0,0
BASEL,2003-08-16,5,0.63,1.0142,2.44,0.6,7.9,23.6,16.1,31.4,63.0,9.05136582618408,7.0486341738159215,18.1,0,0
BASEL,2003-08-17,3,0.71,1.0144,2.29,0.81,8.3,24.1,18.1,31.1,71.0,12.754887874625545,5.345112125374456,18.0,0,0
BASEL,2003-08-18,3,0.7,1.0179,2.04,0.23,7.5,21.9,18.0,27.9,70.0,12.44262737401121,5.557372625988791,16.4,0,0
BASEL,2003-08-19,2,0.59,1.0198,2.62,0.0,11.5,22.4,16.4,29.1,59.0,8.363587239838887,8.036412760161111,16.5,0,0
BASEL,2003-08-20,6,0.74,1.0179,1.76,0.3,4.4,20.0,16.5,26.3,74.0,11.847090150443321,4.6529098495566785,17.2,0,0
BASEL,2003-08-21,5,0.68,1.0165,2.13,0.0,8.0,22.5,17.2,28.1,68.0,11.238604205351724,5.961395794648276,15.5,0,0
BASEL,2003-08-22,1,0.55,1.0181,2.59,0.0,11.6,22.3,15.5,29.8,55.00000000000001,6.495439477512473,9.004560522487527,13.7,0,0
BASEL,2003-08-23,0,0.55,1.0183,2.64,0.0,12.7,21.6,13.7,30.5,55.00000000000001,4.820766504203279,8.87923349579672,14.6,0,0
BASEL,2003-08-24,3,0.57,1.0152,2.46,0.0,11.1,22.1,14.6,30.7,56.99999999999999,6.174600474884725,8.425399525115274,15.2,0,0
BASEL,2003-08-25,4,0.53,1.0124,2.58,0.0,12.0,21.6,15.2,28.9,53.0,5.6807232770223575,9.519276722977642,14.6,0,0
BASEL,2003-08-26,2,0.49,1.0126,2.5,0.0,12.0,22.3,14.6,30.5,49.0,4.003059956563822,10.596940043436177,14.5,0,0
BASEL,2003-08-27,7,0.49,1.0111,2.26,0.01,9.7,22.1,14.5,30.3,49.0,3.911282286939147,10.588717713060852,14.4,0,0
BASEL,2003-08-28,7,0.64,1.0063,1.36,0.95,3.5,21.0,14.4,28.9,64.0,7.674944436901153,6.725055563098848,15.3,0,0
BASEL,2003-08-29,7,0.72,1.0049,1.43,0.29,3.4,19.6,15.3,26.9,72.0,10.279402995757412,5.020597004242589,14.6,0,0
BASEL,2003-08-30,7,0.83,1.0135,0.78,1.92,0.6,17.3,14.6,20.4,83.0,11.74339923488563,2.8566007651143703,9.9,0,0
BASEL,2003-08-31,5,0.72,1.0191,2.03,0.58,7.2,14.8,9.9,19.9,72.0,5.089396235620076,4.810603764379924,8.6,0,0
BASEL,2003-09-01,6,0.69,1.0199,1.58,0.0,2.5,13.7,8.6,19.3,69.0,3.2359484299955508,5.364051570004449,7.4,0,0
BASEL,2003-09-02,3,0.65,1.024,2.24,0.0,9.9,13.5,7.4,19.1,65.0,1.2539722313569857,6.146027768643014,6.1,0,0
BASEL,2003-09-03,1,0.61,1.0272,2.49,0.0,12.2,13.9,6.1,21.4,61.0,-0.8529256483276408,6.952925648327641,6.2,0,0
BASEL,2003-09-04,0,0.57,1.0271,2.47,0.0,12.3,15.0,6.2,24.4,56.99999999999999,-1.6824773284144159,7.882477328414416,9.1,0,0
BASEL,2003-09-05,7,0.66,1.0216,1.61,0.07,4.8,15.2,9.1,23.1,66.0,3.0849377980167265,6.015062201983273,14.8,0,0
BASEL,2003-09-06,6,0.83,1.0193,1.17,0.23,1.1,17.4,14.8,22.0,83.0,11.938894223505491,2.86110577649451,14.3,0,0
BASEL,2003-09-07,6,0.83,1.0146,1.45,2.31,3.3,17.9,14.3,24.0,83.0,11.450150172078663,2.8498498279213376,13.6,0,0
BASEL,2003-09-08,7,0.8,1.0093,1.63,0.16,4.5,15.8,13.6,20.3,80.0,10.21346610144634,3.38653389855366,12.6,0,0
BASEL,2003-09-09,7,0.82,1.0098,1.08,0.19,0.9,15.0,12.6,19.7,82.0,9.607529846246381,2.9924701537536187,13.6,0,0
BASEL,2003-09-10,7,0.71,1.0177,1.2,0.27,0.7,15.8,13.6,18.6,71.0,8.439397717333962,5.160602282666037,11.8,0,0
BASEL,2003-09-11,5,0.71,1.0202,1.31,0.43,3.1,15.2,11.8,19.2,71.0,6.712312842293554,5.087687157706447,10.0,0,0
BASEL,2003-09-12,4,0.68,1.027,2.06,0.0,8.8,15.2,10.0,21.2,68.0,4.366902213843833,5.633097786156167,10.4,0,0
BASEL,2003-09-13,7,0.73,1.0284,1.76,0.0,4.9,15.3,10.4,20.4,73.0,5.769149565156976,4.630850434843024,7.2,0,0
BASEL,2003-09-14,1,0.67,1.0273,2.19,0.0,11.8,13.3,7.2,22.1,67.0,1.4854733942534548,5.714526605746546,8.4,0,0
BASEL,2003-09-15,0,0.7,1.0252,2.17,0.0,11.6,14.9,8.4,22.2,70.0,3.2478819077438064,5.1521180922561935,9.1,0,0
BASEL,2003-09-16,5,0.65,1.0244,2.1,0.0,10.3,14.9,9.1,23.6,65.0,2.869503173441458,6.230496826558541,9.9,0,0
BASEL,2003-09-17,4,0.63,1.0229,2.07,0.0,11.5,16.7,9.9,25.6,63.0,3.1869827926278598,6.713017207372141,10.7,0,0
BASEL,2003-09-18,1,0.65,1.0212,2.05,0.0,11.5,18.0,10.7,26.8,65.0,4.389489713262776,6.310510286737223,12.4,0,0
BASEL,2003-09-19,6,0.6,1.0212,2.04,0.0,11.0,18.8,12.4,28.3,60.0,4.851362588278796,7.548637411721204,12.3,0,0
BASEL,2003-09-20,1,0.58,1.0226,1.99,0.0,11.5,19.1,12.3,28.7,57.99999999999999,4.272800042292104,8.027199957707897,12.3,0,0
BASEL,2003-09-21,1,0.58,1.0217,1.99,0.0,11.5,18.7,12.3,27.9,57.99999999999999,4.272800042292104,8.027199957707897,12.6,0,0
BASEL,2003-09-22,3,0.57,1.0137,1.77,0.13,9.1,19.1,12.6,26.9,56.99999999999999,4.305452786677531,8.294547213322469,10.4,0,0
BASEL,2003-09-23,6,0.74,1.0173,0.77,0.05,0.8,14.6,10.4,19.9,74.0,5.965773466993453,4.434226533006547,6.9,0,0
BASEL,2003-09-24,5,0.76,1.0278,1.06,0.0,2.2,10.8,6.9,15.7,76.0,2.9645938964042964,3.935406103595704,3.8,0,0
BASEL,2003-09-25,1,0.68,1.0261,1.92,0.0,11.0,11.8,3.8,20.7,68.0,-1.5576807389159808,5.357680738915981,10.0,0,0
BASEL,2003-09-26,4,0.69,1.021,1.57,0.0,7.0,16.5,10.0,23.6,69.0,4.575466754724626,5.424533245275374,9.6,0,0
BASEL,2003-09-27,5,0.74,1.0177,1.23,0.01,2.9,14.4,9.6,21.0,74.0,5.194069827606302,4.405930172393697,12.3,0,0
BASEL,2003-09-28,7,0.91,1.013,0.4,0.78,0.2,14.4,12.3,16.3,91.0,10.872315903627486,1.4276840963725146,6.4,0,0
BASEL,2003-09-29,2,0.73,1.0159,1.78,0.0,9.6,12.1,6.4,17.0,73.0,1.9159185019114207,4.48408149808858,4.4,0,0
BASEL,2003-09-30,2,0.7,1.0139,1.73,0.0,10.5,11.3,4.4,19.6,70.0,-0.5876958535093013,4.987695853509302,9.9,0,0
BASEL,2003-10-01,7,0.9,1.0109,0.22,1.2,0.0,12.4,9.9,13.5,90.0,8.336469007992424,1.5635309920075766,12.5,0,0
BASEL,2003-10-02,6,0.82,1.0124,1.34,0.6,5.4,17.3,12.5,23.6,82.0,9.509906193264365,2.9900938067356346,13.8,0,0
BASEL,2003-10-03,7,0.86,1.0109,0.82,0.3,1.6,16.8,13.8,20.7,86.0,11.49735411594086,2.3026458840591406,9.8,0,0
BASEL,2003-10-04,8,0.89,1.0085,0.25,0.92,0.0,12.8,9.8,14.9,89.0,8.073207355526003,1.7267926444739974,6.2,0,0
BASEL,2003-10-05,8,0.88,1.011,0.43,0.86,0.0,7.2,6.2,9.8,88.0,4.3615142415641115,1.8384857584358887,5.3,0,0
BASEL,2003-10-06,4,0.69,1.0176,1.67,0.21,8.2,9.3,5.3,14.0,69.0,0.07719980639487488,5.222800193605125,2.7,1,1
BASEL,2003-10-07,8,0.81,1.0112,0.4,2.5,0.0,8.0,2.7,11.9,81.0,-0.23041294556502404,2.930412945565024,5.1,0,0
BASEL,2003-10-08,6,0.67,1.0185,1.16,0.0,4.4,9.3,5.1,13.0,67.0,-0.5180675872033393,5.618067587203339,11.8,0,0
BASEL,2003-10-09,7,0.83,1.02,0.33,0.01,0.0,14.0,11.8,15.3,83.0,9.006100879741782,2.793899120258219,9.1,0,0
BASEL,2003-10-10,8,0.8,1.0231,0.53,0.0,0.1,12.9,9.1,15.6,80.0,5.832876324578357,3.267123675421643,7.7,0,0
BASEL,2003-10-11,5,0.8,1.0245,1.43,0.0,7.8,11.7,7.7,17.4,80.0,4.469594843432069,3.2304051565679313,5.4,0,0
BASEL,2003-10-12,7,0.86,1.0235,0.9,0.0,2.2,10.9,5.4,15.0,86.0,3.247942262763526,2.152057737236474,5.0,0,0
BASEL,2003-10-13,5,0.82,1.0218,1.23,0.0,5.5,9.9,5.0,16.6,82.0,2.1854733580767713,2.8145266419232287,5.7,0,0
BASEL,2003-10-14,7,0.75,1.0236,1.15,0.0,3.4,9.0,5.7,14.7,75.0,1.6178686049609725,4.082131395039028,4.1,0,0
BASEL,2003-10-15,2,0.61,1.0253,1.5,0.0,9.9,8.3,4.1,13.1,61.0,-2.740918122566353,6.840918122566352,0.9,1,1
BASEL,2003-10-16,2,0.71,1.025,1.38,0.0,8.0,6.4,0.9,12.4,71.0,-3.7570107685035166,4.6570107685035165,0.2,1,1
BASEL,2003-10-17,4,0.71,1.0217,1.37,0.0,7.7,4.7,0.2,11.9,71.0,-4.429990679251418,4.629990679251418,0.7,1,1
BASEL,2003-10-18,4,0.75,1.0144,1.29,0.0,8.0,4.5,0.7,8.8,75.0,-3.2174907831299695,3.9174907831299697,1.0,1,1
BASEL,2003-10-19,5,0.82,1.0079,1.24,0.58,7.0,5.5,1.0,11.5,82.0,-1.7230377581542875,2.7230377581542875,6.3,0,0
BASEL,2003-10-20,8,0.94,0.9997,0.21,1.79,0.0,7.5,6.3,9.2,94.0,5.405908703744702,0.894091296255298,3.0,1,0
BASEL,2003-10-21,7,0.87,1.0098,0.4,0.15,0.2,5.6,3.0,8.4,87.0,1.0504623348653477,1.9495376651346523,1.3,1,1
BASEL,2003-10-22,3,0.8,1.0115,1.21,0.0,6.9,4.7,1.3,10.2,80.0,-1.7651575597904896,3.0651575597904896,0.7,1,1
BASEL,2003-10-23,8,0.92,1.0086,0.13,1.47,0.0,2.0,0.7,5.1,92.0,-0.448850001209275,1.1488500012092748,-2.3,1,1
BASEL,2003-10-24,7,0.94,1.0193,0.31,0.06,0.4,-0.3,-2.3,2.1,94.0,-3.132283385431474,0.8322833854314742,-3.4,1,1
BASEL,2003-10-25,2,0.83,1.0246,1.18,0.0,7.4,0.6,-3.4,6.3,83.0,-5.865531616415965,2.4655316164159653,-2.0,1,1
BASEL,2003-10-26,5,0.78,1.0173,0.91,0.0,1.9,2.1,-2.0,6.7,78.0,-5.315161649495669,3.3151616494956686,-3.5,1,1
BASEL,2003-10-27,3,0.83,1.0198,1.15,0.0,7.6,1.7,-3.5,7.8,83.0,-5.963438535643959,2.4634385356439594,-2.2,1,1
BASEL,2003-10-28,0,0.76,1.0171,1.12,0.0,7.9,3.9,-2.2,10.6,76.0,-5.850215523484597,3.650215523484597,3.6,0,0
BASEL,2003-10-29,7,0.87,1.0035,0.15,0.51,0.0,6.1,3.6,9.2,87.0,1.6407704371052239,1.9592295628947762,3.7,0,0
BASEL,2003-10-30,7,0.78,0.9956,0.59,0.33,1.7,6.0,3.7,10.0,78.0,0.22373897297996692,3.4762610270200334,5.9,0,0
BASEL,2003-10-31,8,0.83,0.9856,0.31,0.83,0.0,8.2,5.9,11.2,83.0,3.235969416472549,2.664030583527451,6.6,0,0
BASEL,2003-11-01,6,0.87,0.9983,0.77,0.03,3.1,9.0,6.6,12.6,87.0,4.591953446620234,2.0080465533797653,5.5,0,0
BASEL,2003-11-02,7,0.8,1.0109,0.69,0.0,3.7,8.6,5.5,12.6,80.0,2.3268816194314708,3.1731183805685292,4.6,0,0
BASEL,2003-11-03,5,0.76,1.0194,0.56,0.37,1.8,10.5,4.6,15.1,76.0,0.7376717003279204,3.8623282996720794,4.0,0,0
BASEL,2003-11-04,1,0.82,1.0311,1.0,0.0,8.4,8.4,4.0,15.0,82.0,1.2084856535503896,2.7915143464496106,0.1,1,1
BASEL,2003-11-05,0,0.82,1.031,1.03,0.0,8.4,6.1,0.1,13.7,82.0,-2.6026587072477314,2.7026587072477315,1.2,1,1
BASEL,2003-11-06,3,0.88,1.0297,0.94,0.0,7.5,5.2,1.2,9.8,88.0,-0.5641523382584038,1.7641523382584037,0.4,1,1
BASEL,2003-11-07,3,0.74,1.0237,0.89,0.0,6.9,6.2,0.4,9.8,74.0,-3.686919752406125,4.086919752406125,-0.4,1,1
BASEL,2003-11-08,7,0.91,1.0209,0.38,0.0,0.0,1.6,-0.4,4.5,91.0,-1.6866890063071664,1.2866890063071663,-0.9,1,1
BASEL,2003-11-09,6,0.75,1.0247,0.71,0.0,4.5,6.5,-0.9,11.9,75.0,-4.76550977660939,3.86550977660939,3.7,0,0
BASEL,2003-11-10,5,0.79,1.0231,0.78,0.0,4.8,6.6,3.7,11.4,79.0,0.39953579587524396,3.300464204124756,3.9,0,0
BASEL,2003-11-11,8,0.88,1.0232,0.29,0.0,0.0,5.1,3.9,7.2,88.0,2.0958966985701912,1.8041033014298087,2.4,1,0
BASEL,2003-11-12,8,0.88,1.0221,0.25,0.99,0.0,5.3,2.4,8.2,88.0,0.6181464914238477,1.7818535085761522,4.2,0,0
BASEL,2003-11-13,7,0.85,1.0271,0.29,0.0,0.8,7.7,4.2,10.8,85.0,1.9053585806873885,2.2946414193126117,0.8,1,1
BASEL,2003-11-14,5,0.87,1.0237,0.58,0.01,1.0,5.8,0.8,9.7,87.0,-1.1142046548482152,1.9142046548482152,3.1,0,0
BASEL,2003-11-15,6,0.8,1.018,0.75,0.0,3.6,7.7,3.1,12.6,80.0,-0.01120064899755375,3.1112006489975537,4.9,0,0
BASEL,2003-11-16,8,0.81,1.0143,0.36,0.96,0.0,9.0,4.9,11.6,81.0,1.9160396619037223,2.983960338096278,1.9,1,1
BASEL,2003-11-17,6,0.82,1.0278,0.5,0.01,1.1,5.5,1.9,7.8,82.0,-0.8434924746146225,2.7434924746146225,2.2,1,1
BASEL,2003-11-18,5,0.74,1.0299,0.47,0.0,0.7,7.1,2.2,11.1,74.0,-1.9484080074731809,4.148408007473181,4.2,0,0
BASEL,2003-11-19,8,0.9,1.0274,0.24,0.0,0.0,6.6,4.2,8.3,90.0,2.7074115076802747,1.4925884923197255,4.6,0,0
BASEL,2003-11-20,3,0.88,1.0207,0.75,0.0,6.7,7.0,4.6,10.9,88.0,2.78546657099786,1.8145334290021395,3.1,0,0
BASEL,2003-11-21,5,0.88,1.0157,0.71,0.0,6.0,5.8,3.1,9.8,88.0,1.3077803067883669,1.7922196932116332,4.9,0,0
BASEL,2003-11-22,8,0.81,1.0119,0.52,0.0,0.4,7.5,4.9,11.7,81.0,1.9160396619037223,2.983960338096278,4.4,0,0
BASEL,2003-11-23,6,0.8,1.0085,0.59,0.0,2.7,8.5,4.4,13.4,80.0,1.2553353225321453,3.144664677467855,5.0,0,0
BASEL,2003-11-24,4,0.83,1.0085,0.47,0.0,0.7,7.8,5.0,12.0,83.0,2.3555111590776137,2.6444888409223863,6.0,0,0
BASEL,2003-11-25,6,0.86,1.0122,0.26,0.0,0.0,8.6,6.0,11.2,86.0,3.8373533313398305,2.1626466686601695,4.1,0,0
BASEL,2003-11-26,3,0.88,1.0056,0.62,0.0,5.3,7.2,4.1,11.9,88.0,2.2929197068250775,1.8070802931749221,3.3,0,0
BASEL,2003-11-27,8,0.9,0.9995,0.12,1.92,0.0,5.6,3.3,7.6,90.0,1.818463322614973,1.481536677385027,3.3,0,0
BASEL,2003-11-28,8,0.91,1.0114,0.09,0.33,0.0,4.6,3.3,5.5,91.0,1.9729860638137071,1.3270139361862927,2.7,1,0
BASEL,2003-11-29,5,0.85,1.0158,0.49,0.0,1.8,4.2,2.7,6.4,85.0,0.43359476337109193,2.2664052366289082,3.4,0,0
BASEL,2003-11-30,7,0.84,1.0105,0.22,0.03,0.2,6.0,3.4,7.4,84.0,0.9561268049676123,2.4438731950323875,5.3,0,0
BASEL,2003-12-01,8,0.81,1.0062,0.25,0.0,0.0,7.5,5.3,9.0,81.0,2.3062523283669596,2.9937476716330402,3.8,0,0
BASEL,2003-12-02,8,0.94,1.0144,0.13,0.0,0.0,5.4,3.8,6.6,94.0,2.924103501551754,0.8758964984482458,3.0,1,0
BASEL,2003-12-03,8,0.96,1.0197,0.14,0.0,0.0,4.3,3.0,5.5,96.0,2.425239911693898,0.5747600883061019,2.6,1,0
BASEL,2003-12-04,7,0.87,1.0227,0.27,0.0,0.0,4.6,2.6,5.8,87.0,0.6569103574534261,1.943089642546574,1.7,1,0
BASEL,2003-12-05,8,0.96,1.0284,0.13,0.0,0.0,2.6,1.7,3.8,96.0,1.1314242728950832,0.5685757271049168,1.3,1,0
BASEL,2003-12-06,8,0.93,1.0243,0.14,0.11,0.0,2.3,1.3,3.6,93.0,0.2944481321701203,1.0055518678298798,-2.1,1,1
BASEL,2003-12-07,1,0.61,1.0255,0.7,0.0,7.6,1.2,-2.1,4.0,61.0,-8.599314229200528,6.499314229200529,-2.4,1,1
BASEL,2003-12-08,0,0.77,1.0267,0.61,0.0,5.5,-0.5,-2.4,2.5,77.0,-5.873052611967836,3.473052611967836,-3.5,1,1
BASEL,2003-12-09,0,0.84,1.0195,0.62,0.0,6.0,-0.7,-3.5,2.4,84.0,-5.80666237450278,2.30666237450278,-4.4,1,1
BASEL,2003-12-10,4,0.84,1.0178,0.39,0.0,0.6,-1.2,-4.4,3.1,84.0,-6.689054672329807,2.289054672329807,-3.4,1,1
BASEL,2003-12-11,3,0.77,1.0212,0.55,0.0,4.7,0.7,-3.4,5.4,77.0,-6.8438111580518655,3.4438111580518656,2.9,1,0
BASEL,2003-12-12,8,0.9,1.0253,0.18,0.0,0.0,5.1,2.9,7.2,90.0,1.4233621388934683,1.4766378611065316,3.7,0,0
BASEL,2003-12-13,8,0.8,1.0219,0.18,0.17,0.0,8.1,3.7,12.5,80.0,0.5733763693354634,3.126623630664537,4.6,0,0
BASEL,2003-12-14,6,0.75,1.0164,0.32,0.16,1.6,7.9,4.6,12.5,75.0,0.5543754268372494,4.04562457316275,1.8,1,1
BASEL,2003-12-15,7,0.8,1.0228,0.3,0.11,0.5,3.5,1.8,5.6,80.0,-1.2779133203958482,3.077913320395848,-1.5,1,1
BASEL,2003-12-16,4,0.79,1.0307,0.53,0.0,3.9,1.8,-1.5,5.3,79.0,-4.660735876017022,3.1607358760170223,-2.8,1,1
BASEL,2003-12-17,5,0.76,1.0285,0.57,0.0,4.1,1.0,-2.8,4.5,76.0,-6.431782812572763,3.631782812572763,-0.9,1,1
BASEL,2003-12-18,0,0.78,1.0249,0.58,0.0,6.9,1.0,-0.9,4.3,78.0,-4.245957605645328,3.3459576056453284,-0.5,1,1
BASEL,2003-12-19,8,0.85,1.0241,0.18,0.0,0.0,2.0,-0.5,3.5,85.0,-2.7067468326689803,2.2067468326689803,1.6,1,1
BASEL,2003-12-20,7,0.77,1.021,0.47,0.42,2.5,5.2,1.6,11.5,77.0,-1.991236013975917,3.591236013975917,2.6,1,1
BASEL,2003-12-21,5,0.72,1.0115,0.38,0.75,2.6,6.5,2.6,10.4,72.0,-1.9337199835179348,4.533719983517935,-0.8,1,1
BASEL,2003-12-22,6,0.8,1.0202,0.25,0.02,0.1,1.5,-0.8,3.0,80.0,-3.811868910731802,3.0118689107318017,-3.4,1,1
BASEL,2003-12-23,2,0.76,1.0305,0.54,0.0,2.9,-1.0,-3.4,1.5,76.0,-7.013396037558206,3.6133960375582057,-4.5,1,1
BASEL,2003-12-24,1,0.56,1.0333,0.66,0.0,7.6,-2.1,-4.5,1.0,56.00000000000001,-11.936238721296606,7.436238721296606,-4.8,1,1
BASEL,2003-12-25,2,0.65,1.0308,0.61,0.0,6.5,-2.0,-4.8,1.4,65.0,-10.356345938394327,5.556345938394327,-3.6,1,1
BASEL,2003-12-26,6,0.73,1.0196,0.6,0.0,5.8,-0.2,-3.6,3.3,73.0,-7.727315981649764,4.1273159816497635,-0.6,1,1
BASEL,2003-12-27,8,0.81,1.01,0.19,0.0,0.0,2.4,-0.6,6.0,81.0,-3.4509899218829645,2.8509899218829644,2.7,1,1
BASEL,2003-12-28,8,0.76,1.0028,0.09,0.04,0.0,4.4,2.7,9.1,76.0,-1.102468045330865,3.8024680453308655,-1.7,1,1
BASEL,2003-12-29,3,0.73,1.0122,0.52,0.0,4.4,2.1,-1.7,4.6,73.0,-5.893983887143547,4.193983887143546,-1.8,1,1
BASEL,2003-12-30,8,0.88,1.0141,0.12,0.01,0.0,-0.8,-1.8,0.4,88.0,-3.5202831732707063,1.7202831732707062,-0.3,1,1
BASEL,2003-12-31,8,0.93,1.0209,0.1,0.05,0.0,0.1,-0.3,0.7,93.0,-1.2921614232631025,0.9921614232631024,-1.0,1,1
BASEL,2004-01-01,8,0.9,1.0148,0.16,0.18,0.0,-0.2,-1.0,1.1,90.0,-2.429296980857534,1.4292969808575342,-2.0,1,1
BASEL,2004-01-02,8,0.94,1.0136,0.09,0.06,0.0,-0.7,-2.0,0.1,94.0,-2.834402345496202,0.8344023454962022,-5.7,1,1
BASEL,2004-01-03,8,0.87,1.0223,0.16,0.0,0.0,-4.2,-5.7,-1.9,87.0,-7.511684539903336,1.8116845399033359,-8.7,1,1
BASEL,2004-01-04,7,0.8,1.0236,0.3,0.0,0.0,-4.4,-8.7,-1.5,80.0,-11.515535936092975,2.815535936092976,-2.6,1,1
BASEL,2004-01-05,8,0.82,1.0256,0.2,0.0,0.0,-0.5,-2.6,1.4,82.0,-5.241975645503725,2.641975645503725,-1.6,1,1
BASEL,2004-01-06,7,0.86,1.0239,0.26,0.0,0.0,0.5,-1.6,2.5,86.0,-3.630423793847933,2.030423793847933,-1.3,1,1
BASEL,2004-01-07,4,0.83,1.0211,0.59,0.0,5.7,2.8,-1.3,6.8,83.0,-3.809689445589747,2.509689445589747,-1.9,1,1
BASEL,2004-01-08,6,0.89,1.0136,0.44,1.31,0.1,1.4,-1.9,3.0,89.0,-3.4679082569746247,1.5679082569746248,2.9,1,1
BASEL,2004-01-09,7,0.81,1.0101,0.27,1.16,0.2,7.2,2.9,9.3,81.0,-0.03526110178443373,2.9352611017844334,3.6,0,0
BASEL,2004-01-10,7,0.84,1.0183,0.46,0.01,1.7,6.3,3.6,8.7,84.0,1.152091167633115,2.447908832366885,5.6,0,0
BASEL,2004-01-11,7,0.83,1.0139,0.13,1.16,0.0,8.5,5.6,12.5,83.0,2.9424912361726183,2.6575087638273813,6.4,0,0
BASEL,2004-01-12,7,0.77,1.0078,0.11,0.89,0.0,9.0,6.4,12.9,77.0,2.66437394122091,3.7356260587790904,6.7,0,0
BASEL,2004-01-13,8,0.78,0.9986,0.2,0.98,0.0,10.6,6.7,14.4,78.0,3.137437138927704,3.5625628610722964,3.5,0,0
BASEL,2004-01-14,7,0.72,1.0052,0.41,0.23,0.0,6.6,3.5,8.1,72.0,-1.067421283280852,4.5674212832808525,1.4,1,1
BASEL,2004-01-15,7,0.71,1.0123,0.33,0.03,0.6,3.3,1.4,5.1,71.0,-3.276358017249787,4.676358017249787,0.7,1,1
BASEL,2004-01-16,8,0.75,1.0043,0.2,1.57,0.0,4.7,0.7,8.9,75.0,-3.2174907831299695,3.9174907831299697,3.1,0,0
BASEL,2004-01-17,8,0.86,1.0032,0.39,0.91,0.5,4.7,3.1,8.4,86.0,0.9882945430343689,2.1117054569656313,-0.4,1,1
BASEL,2004-01-18,7,0.87,1.0151,0.19,0.12,0.2,2.8,-0.4,4.1,87.0,-2.295067204519243,1.895067204519243,-2.5,1,1
BASEL,2004-01-19,8,0.85,1.0217,0.39,1.75,0.0,-0.2,-2.5,2.6,85.0,-4.6698606595739705,2.1698606595739705,1.9,1,0
BASEL,2004-01-20,8,0.92,1.0121,0.15,0.41,0.0,4.4,1.9,7.0,92.0,0.7395834345874205,1.1604165654125795,-0.4,1,1
BASEL,2004-01-21,8,0.83,1.0195,0.23,0.0,0.0,0.8,-0.4,3.5,83.0,-2.92873292706373,2.52873292706373,-2.1,1,1
BASEL,2004-01-22,7,0.69,1.0221,0.7,0.0,4.5,0.0,-2.1,2.4,69.0,-7.012762664061669,4.912762664061669,-1.3,1,1
BASEL,2004-01-23,3,0.63,1.0194,0.74,0.0,6.5,0.8,-1.3,3.6,63.0,-7.426950514024665,6.126950514024665,-2.6,1,1
BASEL,2004-01-24,6,0.77,1.0173,0.58,0.14,1.5,-0.4,-2.6,3.8,77.0,-6.067194577927561,3.4671945779275606,-0.4,1,1
BASEL,2004-01-25,5,0.84,1.0168,0.44,0.05,1.8,2.1,-0.4,5.0,84.0,-2.767822330757451,2.367822330757451,-0.8,1,1
BASEL,2004-01-26,7,0.86,1.0029,0.33,1.15,1.0,0.0,-0.8,1.1,86.0,-2.8441472944383768,2.0441472944383765,-0.8,1,1
BASEL,2004-01-27,8,0.91,1.0021,0.26,0.39,0.0,0.7,-0.8,2.0,91.0,-2.0823666196613675,1.2823666196613674,-1.7,1,1
BASEL,2004-01-28,7,0.8,1.0056,0.51,0.03,0.0,0.1,-1.7,2.0,80.0,-4.6891721486129025,2.9891721486129024,-1.8,1,1
BASEL,2004-01-29,6,0.7,1.01,0.52,0.01,1.4,-0.3,-1.8,1.2,70.0,-6.53800438479898,4.73800438479898,-4.2,1,1
BASEL,2004-01-30,5,0.68,1.0207,0.91,0.0,7.7,-1.4,-4.2,1.9,68.0,-9.212283346045302,5.012283346045302,-3.8,1,1
BASEL,2004-01-31,6,0.62,1.0174,0.97,0.01,6.7,3.3,-3.8,12.4,62.0,-10.001952448468993,6.201952448468993,4.9,0,0
BASEL,2004-02-01,4,0.56,1.0251,0.84,0.0,5.3,9.9,4.9,14.4,56.00000000000001,-3.137480989151943,8.037480989151943,3.2,0,0
BASEL,2004-02-02,7,0.64,1.0291,0.64,0.0,0.6,8.9,3.2,14.9,64.0,-2.9480697905206807,6.148069790520681,2.4,1,1
BASEL,2004-02-03,7,0.69,1.0334,0.92,0.0,6.8,6.9,2.4,13.2,69.0,-2.7001928216280238,5.100192821628024,0.9,1,1
BASEL,2004-02-04,7,0.7,1.0346,0.98,0.0,5.3,5.9,0.9,13.1,70.0,-3.945968988486496,4.845968988486496,0.3,1,1
BASEL,2004-02-05,3,0.64,1.0331,0.98,0.0,7.7,7.1,0.3,16.7,64.0,-5.702781723391891,6.002781723391891,3.8,0,0
BASEL,2004-02-06,7,0.62,1.0255,0.96,0.01,6.1,8.6,3.8,14.9,62.0,-2.805843071772752,6.605843071772751,5.0,0,0
BASEL,2004-02-07,7,0.62,1.0222,0.68,0.16,3.1,8.5,5.0,15.0,62.0,-1.6707476315932661,6.670747631593266,2.2,1,1
BASEL,2004-02-08,7,0.74,1.0226,0.47,0.93,1.8,4.1,2.2,6.6,74.0,-1.9484080074731809,4.148408007473181,-1.2,1,1
BASEL,2004-02-09,5,0.68,1.0342,1.09,0.0,8.3,2.5,-1.2,5.9,68.0,-6.340488303951011,5.1404883039510105,-2.9,1,1
BASEL,2004-02-10,6,0.72,1.0341,1.04,0.06,7.2,1.0,-2.9,5.9,72.0,-7.230428949483605,4.330428949483606,0.5,1,1
BASEL,2004-02-11,8,0.84,1.0277,0.28,0.49,0.0,2.4,0.5,4.4,84.0,-1.8857268306705122,2.385726830670512,1.3,1,1
BASEL,2004-02-12,7,0.87,1.032,0.44,0.0,0.2,3.3,1.3,5.1,87.0,-0.6222067400821902,1.9222067400821903,-0.5,1,1
BASEL,2004-02-13,7,0.82,1.0331,1.08,0.0,7.2,3.0,-0.5,7.1,82.0,-3.18911471455068,2.68911471455068,-0.7,1,1
BASEL,2004-02-14,5,0.79,1.0265,0.96,0.0,4.2,3.7,-0.7,8.0,79.0,-3.882038488196783,3.182038488196783,2.4,1,1
BASEL,2004-02-15,8,0.79,1.0245,0.54,0.0,0.6,5.0,2.4,7.4,79.0,-0.8652526677170626,3.2652526677170624,-0.4,1,1
BASEL,2004-02-16,3,0.83,1.026,0.99,0.0,5.1,3.9,-0.4,8.6,83.0,-2.92873292706373,2.52873292706373,-1.3,1,1
BASEL,2004-02-17,5,0.78,1.0272,0.71,0.0,1.6,3.4,-1.3,7.6,78.0,-4.6347428358627205,3.3347428358627207,-1.0,1,1
BASEL,2004-02-18,8,0.82,1.0226,0.4,0.0,0.0,1.5,-1.0,3.6,82.0,-3.6778537482950204,2.6778537482950204,-1.2,1,1
BASEL,2004-02-19,8,0.67,1.014,0.16,0.0,0.0,1.6,-1.2,3.2,67.0,-6.53350500936961,5.33350500936961,-1.8,1,1
BASEL,2004-02-20,2,0.67,1.0181,1.26,0.0,7.1,1.8,-1.8,7.3,67.0,-7.1067807775581,5.3067807775581,-1.4,1,1
BASEL,2004-02-21,8,0.77,1.0105,0.59,0.0,1.2,1.5,-1.4,5.4,77.0,-4.902415847430136,3.5024158474301363,0.4,1,1
BASEL,2004-02-22,8,0.9,1.0061,0.3,1.86,0.0,3.9,0.4,6.2,90.0,-1.0462029418026773,1.4462029418026772,-3.2,1,1
BASEL,2004-02-23,7,0.87,1.0134,0.68,0.18,2.4,-0.7,-3.2,1.5,87.0,-5.050784095906773,1.8507840959067732,-5.1,1,1
BASEL,2004-02-24,5,0.78,1.0189,1.07,0.0,4.6,-1.4,-5.1,1.5,78.0,-8.329128389801177,3.2291283898011773,-8.6,1,1
BASEL,2004-02-25,3,0.67,1.0116,1.47,0.0,8.1,-1.9,-8.6,4.4,67.0,-13.608494008146579,5.008494008146579,-3.6,1,1
BASEL,2004-02-26,6,0.74,1.0046,0.7,0.0,0.3,-0.3,-3.6,2.4,74.0,-7.551895015639094,3.9518950156390935,-4.7,1,1
BASEL,2004-02-27,2,0.63,1.0015,1.62,0.0,9.1,-1.6,-4.7,2.4,63.0,-10.65419683742738,5.9541968374273795,-6.9,1,1
BASEL,2004-02-28,5,0.62,1.0054,1.45,0.0,8.6,-1.8,-6.9,3.3,62.0,-12.940769231022246,6.040769231022246,-4.3,1,1
BASEL,2004-02-29,7,0.69,1.0154,1.07,0.0,1.1,-0.9,-4.3,2.5,69.0,-9.122380634518095,4.822380634518095,-4.4,1,1
BASEL,2004-03-01,7,0.67,1.027,0.79,0.0,0.9,-1.2,-4.4,3.5,67.0,-9.59173403386693,5.191734033866929,-5.0,1,1
BASEL,2004-03-02,7,0.71,1.0335,0.77,0.0,0.8,-1.7,-5.0,1.7,71.0,-9.431684006060058,4.431684006060058,-1.4,1,1
BASEL,2004-03-03,3,0.62,1.0322,1.65,0.0,9.6,3.0,-1.4,8.3,62.0,-7.7281576461004375,6.328157646100438,-2.6,1,1
BASEL,2004-03-04,8,0.6,1.0258,0.75,0.0,0.4,1.8,-2.6,6.6,60.0,-9.282413147741188,6.6824131477411886,0.4,1,1
BASEL,2004-03-05,8,0.74,1.019,0.43,0.55,0.0,3.0,0.4,5.4,74.0,-3.686919752406125,4.086919752406125,2.7,1,0
BASEL,2004-03-06,8,0.83,1.0199,0.32,0.06,0.0,4.2,2.7,6.5,83.0,0.10512787882225887,2.5948721211777412,1.3,1,1
BASEL,2004-03-07,7,0.73,1.0237,0.97,0.18,1.9,3.6,1.3,7.3,73.0,-3.0003168493033567,4.300316849303357,-0.3,1,1
BASEL,2004-03-08,8,0.84,1.0262,0.58,0.13,0.4,2.1,-0.3,5.5,84.0,-2.6698084226674528,2.369808422667453,-1.8,1,1
BASEL,2004-03-09,5,0.67,1.026,1.64,0.0,6.6,1.7,-1.8,6.4,67.0,-7.1067807775581,5.3067807775581,-2.9,1,1
BASEL,2004-03-10,8,0.81,1.0215,0.94,0.0,1.1,-0.4,-2.9,4.0,81.0,-5.696272037875488,2.796272037875488,-2.3,1,1
BASEL,2004-03-11,6,0.81,1.0204,0.56,0.0,0.4,0.1,-2.3,2.3,81.0,-5.110495765940326,2.810495765940326,-1.4,1,1
BASEL,2004-03-12,8,0.76,1.0158,0.64,0.4,0.1,3.5,-1.4,8.3,76.0,-5.0748639178017605,3.6748639178017606,4.7,0,0
BASEL,2004-03-13,8,0.88,1.0211,0.4,1.74,0.0,6.2,4.7,8.5,88.0,2.883974117055111,1.816025882944889,5.2,0,0
BASEL,2004-03-14,5,0.82,1.0301,1.3,0.11,4.0,8.0,5.2,12.1,82.0,2.3808596952683856,2.8191403047316146,2.5,1,1
BASEL,2004-03-15,5,0.69,1.034,1.88,0.0,9.3,9.5,2.5,17.5,69.0,-2.604396937613308,5.104396937613307,3.9,0,0
BASEL,2004-03-16,5,0.62,1.0332,1.83,0.0,11.0,11.4,3.9,19.7,62.0,-2.7112400000017276,6.611240000001727,5.9,0,0
BASEL,2004-03-17,0,0.54,1.0296,1.83,0.0,9.9,13.8,5.9,23.6,54.0,-2.6930701758619797,8.59307017586198,7.5,0,0
BASEL,2004-03-18,7,0.51,1.0252,1.6,0.0,6.8,14.3,7.5,22.1,51.0,-1.9805118911608384,9.480511891160837,9.6,0,0
BASEL,2004-03-19,7,0.58,1.0246,0.94,0.0,1.0,12.4,9.6,16.2,57.99999999999999,1.7425264931002284,7.857473506899771,11.4,0,0
BASEL,2004-03-20,8,0.64,1.0206,0.79,0.0,0.0,14.0,11.4,16.2,64.0,4.831963946994707,6.568036053005294,7.4,0,0
BASEL,2004-03-21,6,0.62,1.015,0.87,0.06,0.9,11.2,7.4,14.3,62.0,0.5985179503699567,6.801482049630044,2.9,1,1
BASEL,2004-03-22,3,0.7,1.0152,1.31,0.36,4.7,6.7,2.9,10.0,70.0,-2.0267107860074667,4.926710786007467,3.2,0,0
BASEL,2004-03-23,8,0.8,1.0117,0.93,0.09,0.4,5.1,3.2,8.6,80.0,0.08623146786314616,3.113768532136854,3.3,0,0
BASEL,2004-03-24,8,0.82,1.0134,0.52,0.33,0.0,4.7,3.3,6.2,82.0,0.5245387035912749,2.775461296408725,1.1,1,1
BASEL,2004-03-25,8,0.87,1.0163,0.47,0.11,0.0,2.5,1.1,4.6,87.0,-0.8190039191997002,1.9190039191997004,-0.8,1,1
BASEL,2004-03-26,7,0.63,1.0159,0.65,0.0,0.4,2.1,-0.8,5.4,63.0,-6.952558381128372,6.152558381128372,-4.4,1,1
BASEL,2004-03-27,1,0.62,1.0156,2.18,0.0,10.4,1.7,-4.4,8.0,62.0,-10.570594483873743,6.170594483873742,-2.0,1,1
BASEL,2004-03-28,0,0.59,1.0191,2.25,0.0,11.4,5.1,-2.0,12.0,59.0,-8.930551981825742,6.930551981825742,-0.7,1,1
BASEL,2004-03-29,0,0.56,1.0187,2.27,0.0,11.6,7.4,-0.7,15.2,56.00000000000001,-8.376571807607105,7.676571807607105,1.8,1,1
BASEL,2004-03-30,3,0.56,1.0133,2.14,0.0,9.2,9.3,1.8,16.7,56.00000000000001,-6.036701392669558,7.836701392669558,4.9,0,0
BASEL,2004-03-31,2,0.55,1.0119,2.07,0.0,9.2,12.2,4.9,20.9,55.00000000000001,-3.378731129579897,8.278731129579898,5.0,0,0
BASEL,2004-04-01,1,0.55,1.0103,2.23,0.0,11.4,12.9,5.0,20.1,55.00000000000001,-3.285440995152192,8.285440995152193,5.8,0,0
BASEL,2004-04-02,5,0.61,1.0119,1.91,0.22,5.5,13.1,5.8,19.7,61.0,-1.136068200343098,6.936068200343097,7.5,0,0
BASEL,2004-04-03,6,0.66,1.0236,1.83,0.0,4.7,11.9,7.5,17.0,66.0,1.5617377997732733,5.938262200226727,6.5,0,0
BASEL,2004-04-04,7,0.72,1.0236,0.85,0.08,1.1,9.9,6.5,14.1,72.0,1.8193571059230722,4.680642894076928,6.9,0,0
BASEL,2004-04-05,7,0.65,1.0186,1.55,0.47,3.0,9.7,6.9,14.0,65.0,0.7787091198598106,6.12129088014019,3.0,1,0
BASEL,2004-04-06,8,0.8,1.0097,0.86,0.6,0.7,5.4,3.0,8.5,80.0,-0.10863381141960067,3.1086338114196006,2.6,1,1
BASEL,2004-04-07,6,0.8,1.0119,1.19,0.19,2.7,4.7,2.6,8.2,80.0,-0.49837691705787485,3.098376917057875,2.5,1,1
BASEL,2004-04-08,7,0.76,1.0149,1.23,0.16,1.8,6.7,2.5,11.0,76.0,-1.296193729793137,3.7961937297931367,1.7,1,1
BASEL,2004-04-09,7,0.74,1.0114,0.91,0.04,0.3,6.0,1.7,10.7,74.0,-2.431282682816237,4.131282682816237,2.8,1,1
BASEL,2004-04-10,8,0.74,1.0121,0.82,0.0,0.0,6.2,2.8,10.4,74.0,-1.3690043391301274,4.169004339130128,4.1,0,0
BASEL,2004-04-11,8,0.79,1.0179,0.84,0.02,0.3,6.8,4.1,10.3,79.0,0.7886640078071379,3.311335992192862,1.6,1,1
BASEL,2004-04-12,3,0.64,1.0192,1.82,0.0,5.0,7.4,1.6,14.5,64.0,-4.467701503378363,6.067701503378363,1.4,1,1
BASEL,2004-04-13,7,0.66,1.0188,1.15,0.0,1.4,7.2,1.4,12.4,66.0,-4.2498813327327225,5.649881332732722,1.3,1,1
BASEL,2004-04-14,4,0.62,1.019,2.4,0.0,9.5,8.0,1.3,15.5,62.0,-5.171616549620429,6.471616549620429,3.1,0,0
BASEL,2004-04-15,5,0.6,1.0193,1.88,0.0,3.8,10.7,3.1,16.6,60.0,-3.905543696717295,7.005543696717295,4.0,0,0
BASEL,2004-04-16,5,0.55,1.0117,2.58,0.0,12.4,12.6,4.0,20.3,55.00000000000001,-4.218460457242301,8.218460457242301,5.2,0,0
BASEL,2004-04-17,3,0.66,1.0058,1.36,0.0,2.3,11.0,5.2,18.5,66.0,-0.6287058169840757,5.828705816984076,8.1,0,0
BASEL,2004-04-18,6,0.66,0.9974,2.24,0.12,7.0,12.0,8.1,19.5,66.0,2.1329942123359724,5.967005787664027,5.2,0,0
BASEL,2004-04-19,7,0.6,1.001,1.25,0.0,3.9,8.0,5.2,12.0,60.0,-1.9264581185699494,7.12645811856995,3.4,0,0
BASEL,2004-04-20,6,0.68,1.0091,1.58,0.0,3.5,9.4,3.4,15.6,68.0,-1.9401436518535697,5.34014365185357,8.6,0,0
BASEL,2004-04-21,7,0.57,1.0143,2.67,0.0,12.2,15.7,8.6,22.2,56.99999999999999,0.564186251200827,8.035813748799173,8.2,0,0
BASEL,2004-04-22,7,0.55,1.0135,2.62,0.0,10.6,16.1,8.2,24.2,55.00000000000001,-0.30154179073662435,8.501541790736624,9.7,0,0
BASEL,2004-04-23,8,0.81,1.019,0.97,0.0,0.0,13.0,9.7,15.8,81.0,6.597547321511303,3.102452678488696,7.8,0,0
BASEL,2004-04-24,5,0.63,1.0227,2.23,0.0,6.0,12.4,7.8,17.4,63.0,1.1988538121163343,6.601146187883666,4.4,0,0
BASEL,2004-04-25,4,0.55,1.0232,2.36,0.0,7.7,10.5,4.4,17.5,55.00000000000001,-3.8452211721073026,8.245221172107303,5.6,0,0
BASEL,2004-04-26,3,0.52,1.0175,2.92,0.0,12.7,12.7,5.6,19.9,52.0,-3.477738644762336,9.077738644762336,7.2,0,0
BASEL,2004-04-27,6,0.65,1.0111,2.13,0.01,6.3,14.4,7.2,21.6,65.0,1.0638728216408877,6.1361271783591125,8.8,0,0
BASEL,2004-04-28,7,0.64,1.008,1.98,0.0,5.6,14.7,8.8,20.6,64.0,2.366586618637114,6.433413381362887,8.8,0,0
BASEL,2004-04-29,7,0.68,1.0017,2.22,0.0,4.9,14.8,8.8,20.3,68.0,3.220735193168419,5.579264806831581,10.0,0,0
BASEL,2004-04-30,7,0.77,0.999,1.48,0.0,1.7,13.7,10.0,20.6,77.0,6.154242978178147,3.8457570218218526,9.4,0,0
BASEL,2004-05-01,6,0.72,1.0087,1.73,0.13,3.1,12.3,9.4,15.8,72.0,4.608617563598503,4.791382436401498,9.2,0,0
BASEL,2004-05-02,7,0.66,1.0092,2.38,0.0,5.4,13.5,9.2,18.7,66.0,3.1801218158971465,6.019878184102852,8.3,0,0
BASEL,2004-05-03,7,0.68,1.0039,1.93,0.03,5.1,13.9,8.3,20.0,68.0,2.7430910510475366,5.556908948952464,9.5,0,0
BASEL,2004-05-04,8,0.72,0.9948,1.29,1.14,0.4,13.6,9.5,18.1,72.0,4.704776316196587,4.795223683803413,6.4,0,0
BASEL,2004-05-05,8,0.81,0.9917,0.89,0.25,0.0,8.5,6.4,12.1,81.0,3.379255558588712,3.0207444414112885,6.3,0,0
BASEL,2004-05-06,8,0.86,0.9972,0.73,0.9,0.0,7.5,6.3,9.7,86.0,4.1320492073307,2.1679507926693002,6.4,0,0
BASEL,2004-05-07,7,0.68,1.0032,1.58,0.05,1.7,9.1,6.4,12.5,68.0,0.9276432390058739,5.472356760994127,7.1,0,0
BASEL,2004-05-08,8,0.67,1.0048,0.82,0.15,0.0,8.8,7.1,11.1,67.0,1.3900848617666484,5.7099151382333515,6.4,0,0
BASEL,2004-05-09,8,0.78,1.0091,0.26,0.02,0.0,7.3,6.4,8.1,78.0,2.8461142443019725,3.553885755698028,6.8,0,0
BASEL,2004-05-10,5,0.72,1.0126,2.26,0.0,6.7,11.7,6.8,17.1,72.0,2.1079601741603993,4.6920398258396006,6.5,0,0
BASEL,2004-05-11,2,0.66,1.0159,3.07,0.0,10.8,13.6,6.5,21.4,66.0,0.6094933049430629,5.890506695056937,6.8,0,0
BASEL,2004-05-12,6,0.77,1.0142,2.19,0.0,5.9,12.6,6.8,19.0,77.0,3.052214959300123,3.7477850406998767,8.8,0,0
BASEL,2004-05-13,8,0.75,1.0166,0.86,0.0,0.0,10.0,8.8,12.3,75.0,4.614118569640285,4.185881430359716,6.7,0,0
BASEL,2004-05-14,8,0.68,1.0216,1.9,0.0,2.5,12.5,6.7,17.0,68.0,1.2143350145009695,5.485664985499031,5.9,0,0
BASEL,2004-05-15,3,0.62,1.025,2.89,0.0,10.1,13.7,5.9,21.1,62.0,-0.8196284948631929,6.719628494863193,7.0,0,0
BASEL,2004-05-16,4,0.62,1.0248,2.45,0.0,8.1,14.7,7.0,21.2,62.0,0.22039266477849884,6.779607335221501,6.4,0,0
BASEL,2004-05-17,1,0.55,1.023,3.24,0.0,13.9,16.5,6.4,25.0,55.00000000000001,-1.9796546283709775,8.379654628370979,8.9,0,0
BASEL,2004-05-18,1,0.53,1.0223,3.24,0.0,14.1,18.4,8.9,26.8,53.0,-0.15940865961514775,9.059408659615148,11.0,0,0
BASEL,2004-05-19,2,0.55,1.0227,3.18,0.0,13.3,19.2,11.0,26.0,55.00000000000001,2.307168338431206,8.692831661568794,12.1,0,0
BASEL,2004-05-20,4,0.55,1.017,3.16,0.11,13.6,19.7,12.1,27.3,55.00000000000001,3.33145709388023,8.76854290611977,9.6,0,0
BASEL,2004-05-21,8,0.82,1.014,1.14,1.33,1.1,13.9,9.6,19.1,82.0,6.6784145197315965,2.921585480268403,5.7,0,0
BASEL,2004-05-22,8,0.87,1.0208,0.53,0.4,0.4,8.6,5.7,12.2,87.0,3.7066611008769446,1.9933388991230556,3.1,0,0
BASEL,2004-05-23,2,0.63,1.0241,3.43,0.0,13.6,9.4,3.1,16.3,63.0,-3.254083867303487,6.354083867303487,2.9,1,1
BASEL,2004-05-24,1,0.57,1.0236,3.38,0.0,14.3,11.4,2.9,18.3,56.99999999999999,-4.773973985916793,7.673973985916794,4.0,0,0
BASEL,2004-05-25,2,0.53,1.0195,3.35,0.0,13.5,13.6,4.0,21.3,53.0,-4.70931800102813,8.70931800102813,7.5,0,0
BASEL,2004-05-26,4,0.52,1.0163,3.3,0.1,12.9,16.2,7.5,24.0,52.0,-1.717387934585947,9.217387934585947,9.8,0,0
BASEL,2004-05-27,8,0.81,1.0201,1.26,0.11,0.1,13.0,9.8,16.8,81.0,6.695054507181443,3.1049454928185574,8.8,0,0
BASEL,2004-05-28,2,0.6,1.0229,2.72,0.0,8.2,13.9,8.8,19.6,60.0,1.4639252000496705,7.33607479995033,6.1,0,0
BASEL,2004-05-29,4,0.52,1.0229,3.4,0.0,14.3,15.4,6.1,22.8,52.0,-3.0143890081006375,9.114389008100638,8.8,0,0
BASEL,2004-05-30,7,0.52,1.0203,3.12,0.21,10.8,16.7,8.8,25.3,52.0,-0.5135282198781039,9.313528219878105,13.0,0,0
BASEL,2004-05-31,6,0.74,1.0195,1.94,0.16,3.1,16.0,13.0,20.5,74.0,8.473196114763555,4.526803885236445,12.4,0,0
BASEL,2004-06-01,8,0.9,1.0168,0.76,0.98,0.0,13.8,12.4,15.1,90.0,10.80483758833242,1.5951624116675802,12.4,0,0
BASEL,2004-06-02,8,0.86,1.0187,1.19,2.26,0.1,14.7,12.4,17.9,86.0,10.122802523459434,2.2771974765405663,11.6,0,0
BASEL,2004-06-03,8,0.92,1.023,0.42,0.12,0.0,13.0,11.6,15.1,92.0,10.343970887941321,1.2560291120586786,11.3,0,0
BASEL,2004-06-04,8,0.83,1.0211,1.82,0.08,0.9,15.1,11.3,20.1,83.0,8.517225203896254,2.7827747961037463,12.7,0,0
BASEL,2004-06-05,7,0.84,1.0176,1.33,0.48,0.6,15.0,12.7,19.1,84.0,10.064984804226803,2.635015195773196,10.8,0,0
BASEL,2004-06-06,3,0.7,1.0187,2.93,0.0,9.1,16.1,10.8,21.5,70.0,5.5479758966185715,5.252024103381429,9.6,0,0
BASEL,2004-06-07,1,0.61,1.0203,3.39,0.0,14.7,18.8,9.6,26.6,61.0,2.4489363554155172,7.151063644584482,13.0,0,0
BASEL,2004-06-08,2,0.6,1.0211,3.05,0.0,12.1,21.3,13.0,30.1,60.0,5.41564934600082,7.58435065399918,15.3,0,0
BASEL,2004-06-09,4,0.58,1.021,3.21,0.0,13.5,23.5,15.3,31.1,57.99999999999999,7.082157707151873,8.217842292848129,17.1,0,0
BASEL,2004-06-10,7,0.59,1.0194,2.91,0.0,11.8,24.3,17.1,31.2,59.0,9.019952482295963,8.080047517704038,15.8,0,0
BASEL,2004-06-11,8,0.89,1.0203,0.65,1.66,0.4,18.0,15.8,20.0,89.0,13.988775594923487,1.8112244050765138,12.6,0,0
BASEL,2004-06-12,5,0.68,1.0209,2.76,0.02,7.7,17.2,12.6,21.0,68.0,6.849397897864046,5.750602102135954,11.2,0,0
BASEL,2004-06-13,6,0.74,1.0259,2.25,0.16,4.6,14.8,11.2,18.8,74.0,6.73738816377444,4.462611836225559,10.3,0,0
BASEL,2004-06-14,6,0.69,1.0255,2.49,0.0,5.8,16.4,10.3,24.2,69.0,4.862463254794126,5.4375367452058745,10.2,0,0
BASEL,2004-06-15,7,0.74,1.0203,1.49,0.0,0.2,16.0,10.2,20.5,74.0,5.772855896116684,4.4271441038833155,11.7,0,0
BASEL,2004-06-16,6,0.7,1.0179,1.79,0.02,5.2,16.9,11.7,22.0,70.0,6.410269077740025,5.289730922259975,9.5,0,0
BASEL,2004-06-17,2,0.62,1.0143,3.41,0.0,14.7,17.8,9.5,25.3,62.0,2.583113942430196,6.916886057569804,15.2,0,0
BASEL,2004-06-18,4,0.61,1.0084,3.0,0.0,9.4,18.8,15.2,23.0,61.0,7.726297862995053,7.473702137004946,11.9,0,0
BASEL,2004-06-19,7,0.68,1.0074,1.73,0.14,3.0,15.4,11.9,20.1,68.0,6.181150245115343,5.7188497548846575,10.2,0,0
BASEL,2004-06-20,7,0.68,1.0087,2.2,0.0,3.4,14.5,10.2,20.1,68.0,4.557905497202885,5.642094502797114,12.1,0,0
BASEL,2004-06-21,7,0.63,1.0139,2.11,0.05,4.1,15.5,12.1,20.7,63.0,5.268804125375613,6.831195874624386,13.0,0,0
BASEL,2004-06-22,8,0.82,1.0158,1.38,0.65,1.8,16.0,13.0,21.0,82.0,9.99801513240056,3.0019848675994396,15.8,0,0
BASEL,2004-06-23,7,0.69,1.0115,1.46,0.24,2.5,19.4,15.8,24.3,69.0,10.121369049166084,5.678630950833917,15.1,0,0
BASEL,2004-06-24,3,0.56,1.0156,3.26,0.01,10.6,17.9,15.1,21.8,56.00000000000001,6.384587017211284,8.715412982788717,11.6,0,0
BASEL,2004-06-25,5,0.59,1.0195,3.0,0.0,9.1,17.5,11.6,22.5,59.0,3.8597140741092875,7.740285925890712,8.8,0,0
BASEL,2004-06-26,4,0.57,1.0215,2.96,0.0,10.7,17.7,8.8,25.9,56.99999999999999,0.7513437369629009,8.048656263037099,14.3,0,0
BASEL,2004-06-27,7,0.61,1.0201,1.94,0.14,5.0,21.4,14.3,28.0,61.0,6.87861633523689,7.421383664763111,16.1,0,0
BASEL,2004-06-28,5,0.55,1.0243,2.85,0.0,9.0,21.6,16.1,25.8,55.00000000000001,7.053475645754849,9.046524354245152,12.0,0,0
BASEL,2004-06-29,3,0.5,1.0244,3.41,0.0,12.9,19.2,12.0,25.2,50.0,1.8980377544507538,10.101962245549245,11.9,0,0
BASEL,2004-06-30,5,0.54,1.0175,3.25,0.0,11.4,20.5,11.9,28.3,54.0,2.8862443775806743,9.013755622419326,15.6,0,0
BASEL,2004-07-01,7,0.61,1.0158,1.49,0.0,0.3,19.2,15.6,22.0,61.0,8.102987980294722,7.497012019705277,13.6,0,0
BASEL,2004-07-02,6,0.63,1.0175,1.77,0.02,3.3,17.2,13.6,23.0,63.0,6.687652911629751,6.9123470883702485,12.2,0,0
BASEL,2004-07-03,4,0.59,1.0197,3.02,0.0,8.3,17.5,12.2,22.5,59.0,4.4229926792443965,7.777007320755603,11.2,0,0
BASEL,2004-07-04,2,0.53,1.0174,3.35,0.0,13.7,19.5,11.2,27.1,53.0,1.9739730908553395,9.22602690914466,13.2,0,0
BASEL,2004-07-05,7,0.75,1.0184,1.35,0.79,1.4,18.4,13.2,24.5,75.0,8.864663851132057,4.335336148867942,14.5,0,0
BASEL,2004-07-06,7,0.75,1.0195,2.17,0.01,3.8,18.1,14.5,23.3,75.0,10.120013836693879,4.379986163306121,16.4,0,0
BASEL,2004-07-07,7,0.76,1.0125,1.51,0.0,2.9,19.8,16.4,25.5,76.0,12.155615888642012,4.244384111357986,14.4,0,0
BASEL,2004-07-08,7,0.84,1.0124,1.03,1.28,0.8,16.5,14.4,20.5,84.0,11.729275195985975,2.670724804014025,13.5,0,0
BASEL,2004-07-09,5,0.59,1.0165,2.32,0.5,6.3,16.6,13.5,21.1,59.0,5.643140935852172,7.856859064147828,11.5,0,0
BASEL,2004-07-10,6,0.72,1.0184,1.97,0.1,3.6,13.8,11.5,18.5,72.0,6.627634497595676,4.872365502404324,11.0,0,0
BASEL,2004-07-11,7,0.74,1.016,1.91,0.29,4.5,14.4,11.0,19.6,74.0,6.544492827107601,4.455507172892399,11.5,0,0
BASEL,2004-07-12,7,0.72,1.0149,1.89,0.02,2.5,14.3,11.5,19.5,72.0,6.627634497595676,4.872365502404324,12.0,0,0
BASEL,2004-07-13,7,0.8,1.0186,1.59,0.33,2.0,15.0,12.0,18.6,80.0,8.656165309620064,3.3438346903799356,9.5,0,0
BASEL,2004-07-14,2,0.66,1.0211,3.14,0.0,12.4,16.2,9.5,23.2,66.0,3.4656625903477836,6.034337409652217,15.6,0,0
BASEL,2004-07-15,7,0.66,1.0194,2.42,0.0,5.4,20.2,15.6,25.0,66.0,9.267991194744427,6.3320088052555725,15.0,0,0
BASEL,2004-07-16,1,0.67,1.0164,3.22,0.0,14.4,22.1,15.0,28.0,67.0,8.920182667899477,6.079817332100523,18.3,0,0
BASEL,2004-07-17,5,0.64,1.0158,2.02,0.0,4.7,24.2,18.3,30.5,64.0,11.36812172367515,6.93187827632485,17.2,0,0
BASEL,2004-07-18,5,0.64,1.0179,2.61,0.0,8.5,22.2,17.2,28.6,64.0,10.32676487248369,6.87323512751631,16.7,0,0
BASEL,2004-07-19,5,0.66,1.0172,2.8,0.0,10.0,22.7,16.7,29.1,66.0,10.313569347902284,6.386430652097715,17.8,0,0
BASEL,2004-07-20,6,0.8,1.0151,1.83,0.5,4.9,20.3,17.8,26.5,80.0,14.300109513452337,3.499890486547663,18.0,0,0
BASEL,2004-07-21,6,0.72,1.0164,2.5,3.14,9.0,23.1,18.0,29.2,72.0,12.87275804149799,5.12724195850201,17.8,0,0
BASEL,2004-07-22,3,0.7,1.0181,2.97,0.0,12.4,23.9,17.8,30.9,70.0,12.251223229770979,5.548776770229022,20.4,0,0
BASEL,2004-07-23,5,0.69,1.0187,2.13,0.11,5.8,24.6,20.4,29.9,69.0,14.515802675700478,5.884197324299521,17.0,0,0
BASEL,2004-07-24,7,0.8,1.0218,1.36,0.03,1.6,20.7,17.0,24.2,80.0,13.521843142942322,3.4781568570576784,15.4,0,0
BASEL,2004-07-25,5,0.63,1.0189,2.85,0.0,10.7,20.5,15.4,25.8,63.0,8.38965658089,7.010343419110001,13.2,0,0
BASEL,2004-07-26,7,0.7,1.0167,1.26,0.01,0.4,16.9,13.2,21.7,70.0,7.847131087601431,5.352868912398568,12.2,0,0
BASEL,2004-07-27,2,0.7,1.0189,2.51,0.0,8.6,17.5,12.2,23.3,70.0,6.889263811178495,5.3107361888215046,10.4,0,0
BASEL,2004-07-28,0,0.6,1.0179,3.12,0.0,13.7,18.3,10.4,26.3,60.0,2.9698163949714775,7.430183605028523,12.4,0,0
BASEL,2004-07-29,1,0.52,1.0152,3.06,0.0,13.5,21.2,12.4,29.3,52.0,2.8177346564128016,9.5822653435872,15.9,0,0
BASEL,2004-07-30,3,0.54,1.018,2.82,0.0,12.2,22.9,15.9,29.6,54.0,6.600408990419382,9.299591009580618,16.6,0,0
BASEL,2004-07-31,5,0.55,1.019,2.48,0.0,8.6,23.5,16.6,30.0,55.00000000000001,7.518433950011268,9.081566049988734,16.7,0,0
BASEL,2004-08-01,1,0.56,1.0161,2.87,0.0,12.8,24.5,16.7,32.0,56.00000000000001,7.8758416418569315,8.824158358143068,16.4,0,0
BASEL,2004-08-02,1,0.58,1.0133,2.87,0.0,12.8,24.3,16.4,31.9,57.99999999999999,8.111713369734824,8.288286630265175,17.5,0,0
BASEL,2004-08-03,5,0.61,1.0101,2.36,0.46,8.0,23.6,17.5,31.1,61.0,9.891785278833856,7.608214721166144,17.7,0,0
BASEL,2004-08-04,7,0.74,1.0098,2.43,0.01,7.9,22.2,17.7,28.3,74.0,13.003462367816908,4.696537632183091,18.7,0,0
BASEL,2004-08-05,7,0.67,1.0098,2.43,0.0,7.6,23.3,18.7,29.2,67.0,12.44304365600373,6.2569563439962685,19.2,0,0
BASEL,2004-08-06,7,0.76,1.0142,1.48,0.04,2.2,22.3,19.2,25.2,76.0,14.862358763766121,4.337641236233878,17.3,0,0
BASEL,2004-08-07,4,0.78,1.013,1.81,0.05,3.3,22.1,17.3,30.1,78.0,13.424158465625007,3.8758415343749935,16.9,0,0
BASEL,2004-08-08,2,0.63,1.0089,2.74,0.0,12.1,23.7,16.9,31.3,63.0,9.80748084584638,7.092519154153619,18.6,0,0
BASEL,2004-08-09,7,0.63,1.0096,1.54,0.0,1.1,23.6,18.6,28.4,63.0,11.413785832579281,7.1862141674207205,18.0,0,0
BASEL,2004-08-10,7,0.76,1.0112,1.38,1.73,1.8,21.9,18.0,28.8,76.0,13.702448100201634,4.297551899798366,18.7,0,0
BASEL,2004-08-11,5,0.77,1.0124,2.24,0.0,6.5,22.6,18.7,27.2,77.0,14.58159448720543,4.118405512794569,15.7,0,0
BASEL,2004-08-12,5,0.8,1.0105,1.78,0.71,6.9,20.8,15.7,30.3,80.0,12.25701788677118,3.442982113228819,15.2,0,0
BASEL,2004-08-13,6,0.72,1.0138,1.58,0.33,3.2,18.3,15.2,23.0,72.0,10.183331714148073,5.016668285851926,15.2,0,0
BASEL,2004-08-14,7,0.71,1.0198,0.45,0.0,0.0,17.6,15.2,19.3,71.0,9.97415779288672,5.2258422071132795,13.4,0,0
BASEL,2004-08-15,4,0.68,1.0201,2.68,0.0,11.9,19.3,13.4,25.6,68.0,7.613004358002162,5.786995641997838,13.4,0,0
BASEL,2004-08-16,7,0.82,1.013,1.22,0.42,2.8,17.5,13.4,23.3,82.0,10.388485497957946,3.011514502042054,17.3,0,0
BASEL,2004-08-17,8,0.9,1.0099,0.57,0.66,0.2,18.1,17.3,20.9,90.0,15.641927110315532,1.658072889684469,16.8,0,0
BASEL,2004-08-18,5,0.67,1.0091,2.33,0.15,9.6,22.0,16.8,30.1,67.0,10.634316906558364,6.165683093441636,17.1,0,0
BASEL,2004-08-19,8,0.91,1.0138,0.56,1.33,0.2,17.9,17.1,19.3,91.0,15.6171291239271,1.4828708760729015,16.1,0,0
BASEL,2004-08-20,2,0.7,1.0131,2.24,0.0,7.7,19.2,16.1,24.2,70.0,10.624025217824034,5.4759747821759674,13.3,0,0
BASEL,2004-08-21,7,0.67,1.0182,1.34,0.02,2.2,16.0,13.3,19.7,67.0,7.300738549302101,5.9992614506979,13.1,0,0
BASEL,2004-08-22,7,0.76,1.0215,1.88,0.0,3.5,16.6,13.1,21.0,76.0,8.964246595020223,4.135753404979777,12.3,0,0
BASEL,2004-08-23,5,0.67,1.0173,2.36,0.15,7.9,19.7,12.3,28.0,67.0,6.347879414672847,5.952120585327154,16.9,0,0
BASEL,2004-08-24,7,0.8,1.0163,0.95,0.47,2.0,18.0,16.9,22.1,80.0,13.424555152290209,3.47544484770979,15.2,0,0
BASEL,2004-08-25,6,0.62,1.0149,1.82,0.13,4.0,17.8,15.2,21.6,62.0,7.965121623249804,7.234878376750196,13.8,0,0
BASEL,2004-08-26,7,0.82,1.0184,0.84,0.02,0.9,15.0,13.8,19.7,82.0,10.778940943773707,3.021059056226294,14.3,0,0
BASEL,2004-08-27,3,0.71,1.0177,2.24,0.0,9.1,18.1,14.3,23.1,71.0,9.110904630450307,5.189095369549694,11.8,0,0
BASEL,2004-08-28,3,0.71,1.0159,2.35,0.0,10.6,17.6,11.8,23.7,71.0,6.712312842293554,5.087687157706447,15.5,0,0
BASEL,2004-08-29,8,0.86,1.017,1.2,1.26,2.2,17.2,15.5,21.5,86.0,13.166264127242423,2.333735872757577,14.3,0,0
BASEL,2004-08-30,7,0.82,1.0169,1.24,0.02,1.9,16.9,14.3,21.4,82.0,11.266989271459437,3.033010728540564,11.6,0,0
BASEL,2004-08-31,5,0.67,1.0186,1.74,0.0,4.6,15.6,11.6,20.9,67.0,5.680770027254904,5.919229972745096,8.7,0,0
BASEL,2004-09-01,2,0.73,1.0177,2.45,0.0,12.1,15.2,8.7,22.4,73.0,4.131809766375231,4.568190233624768,10.0,0,0
BASEL,2004-09-02,1,0.69,1.0177,2.34,0.0,11.5,18.4,10.0,27.5,69.0,4.575466754724626,5.424533245275374,15.0,0,0
BASEL,2004-09-03,4,0.73,1.0227,2.12,0.0,9.6,21.5,15.0,28.1,73.0,10.197499273941053,4.8025007260589465,16.7,0,0
BASEL,2004-09-04,3,0.8,1.0264,2.1,0.0,8.8,21.8,16.7,27.5,80.0,13.229976041242509,3.4700239587574906,13.9,0,0
BASEL,2004-09-05,1,0.7,1.0237,2.28,0.0,11.9,20.3,13.9,28.1,70.0,8.517541261470546,5.382458738529454,12.5,0,0
BASEL,2004-09-06,0,0.68,1.0223,2.25,0.0,12.0,19.1,12.5,26.7,68.0,6.753939205055837,5.746060794944163,13.3,0,0
BASEL,2004-09-07,1,0.73,1.0247,2.19,0.0,11.8,19.5,13.3,26.2,73.0,8.561292230797868,4.738707769202133,11.4,0,0
BASEL,2004-09-08,5,0.74,1.027,2.21,0.0,11.5,18.4,11.4,26.0,74.0,6.930277942489395,4.469722057510605,10.6,0,0
BASEL,2004-09-09,1,0.59,1.0246,2.25,0.0,12.0,18.1,10.6,26.1,59.0,2.920729305458955,7.679270694541044,14.0,0,0
BASEL,2004-09-10,4,0.59,1.0204,1.79,0.0,7.4,19.8,14.0,27.6,59.0,6.112323556239302,7.887676443760698,17.8,0,0
BASEL,2004-09-11,7,0.68,1.0192,1.79,0.54,7.0,22.1,17.8,27.1,68.0,11.81083624732069,5.9891637526793104,12.7,0,0
BASEL,2004-09-12,5,0.76,1.0199,1.78,0.03,6.8,16.8,12.7,21.1,76.0,8.57731984335652,4.122680156643479,12.1,0,0
BASEL,2004-09-13,7,0.69,1.0153,1.67,0.11,4.0,17.3,12.1,24.4,69.0,6.584122603611612,5.515877396388388,15.2,0,0
BASEL,2004-09-14,7,0.88,1.014,0.74,0.6,0.2,17.4,15.2,21.5,88.0,13.223878943332075,1.9761210566679246,12.0,0,0
BASEL,2004-09-15,6,0.73,1.0203,1.33,0.0,3.6,15.1,12.0,20.2,73.0,7.309792716438565,4.690207283561435,9.0,0,0
BASEL,2004-09-16,5,0.78,1.025,1.34,0.0,3.6,13.7,9.0,18.1,78.0,5.3705663623062945,3.6294336376937055,6.5,0,0
BASEL,2004-09-17,1,0.76,1.024,2.0,0.0,11.3,13.0,6.5,20.6,76.0,2.577351483430578,3.922648516569422,9.7,0,0
BASEL,2004-09-18,1,0.74,1.0193,2.02,0.0,11.5,15.9,9.7,23.6,74.0,5.2905376471040935,4.409462352895906,10.9,0,0
BASEL,2004-09-19,7,0.86,1.0193,0.5,0.02,0.5,14.2,10.9,18.2,86.0,8.649913178346262,2.2500868216537384,13.0,0,0
BASEL,2004-09-20,6,0.71,1.0193,1.56,0.0,5.6,15.8,13.0,20.3,71.0,7.8637592150229,5.1362407849771,11.4,0,0
BASEL,2004-09-21,7,0.66,1.0214,1.39,0.0,3.8,13.9,11.4,18.6,66.0,5.273694692613043,6.126305307386957,11.8,0,0
BASEL,2004-09-22,7,0.58,1.0224,0.97,0.0,1.4,13.4,11.8,16.6,57.99999999999999,3.804363272724711,7.99563672727529,11.8,0,0
BASEL,2004-09-23,7,0.72,1.0136,0.36,1.09,0.0,15.9,11.8,18.3,72.0,6.916011177301093,4.883988822698908,9.1,0,0
BASEL,2004-09-24,5,0.86,1.016,1.08,0.78,2.4,10.1,9.1,14.2,86.0,6.882233595369864,2.2177664046301357,8.1,0,0
BASEL,2004-09-25,8,0.88,1.0217,0.7,0.28,0.4,10.5,8.1,13.1,88.0,6.232868416956523,1.8671315830434763,8.3,0,0
BASEL,2004-09-26,8,0.83,1.0242,0.36,0.0,0.0,10.6,8.3,12.6,83.0,5.5835103030886355,2.716489696911365,7.6,0,0
BASEL,2004-09-27,7,0.82,1.0244,1.0,0.03,1.2,12.1,7.6,17.1,82.0,4.725204495113906,2.8747955048860936,13.1,0,0
BASEL,2004-09-28,7,0.82,1.0216,0.76,0.0,0.3,15.0,13.1,17.4,82.0,10.095634122562451,3.0043658774375483,14.0,0,0
BASEL,2004-09-29,6,0.82,1.0192,0.59,0.0,0.2,15.5,14.0,17.8,82.0,10.974163072045704,3.0258369279542965,13.1,0,0
BASEL,2004-09-30,7,0.8,1.0203,1.42,0.01,5.6,16.2,13.1,21.4,80.0,9.72683831162837,3.3731616883716296,12.2,0,0
BASEL,2004-10-01,2,0.77,1.021,1.35,0.02,5.7,16.2,12.2,21.9,77.0,8.286165498916027,3.913834501083972,11.8,0,0
BASEL,2004-10-02,7,0.79,1.0229,0.89,0.0,1.2,14.9,11.8,18.6,79.0,8.275947221684845,3.5240527783151556,10.5,0,0
BASEL,2004-10-03,6,0.74,1.0234,1.6,0.0,7.9,15.0,10.5,20.9,74.0,6.062230167824493,4.437769832175507,11.6,0,0
BASEL,2004-10-04,6,0.73,1.018,1.4,0.0,7.4,17.1,11.6,23.8,73.0,6.924666697548706,4.6753333024512935,13.1,0,0
BASEL,2004-10-05,1,0.7,1.0159,1.56,0.0,9.5,18.2,13.1,28.1,70.0,7.751351690513598,5.348648309486402,12.4,0,0
BASEL,2004-10-06,8,0.85,1.0184,0.34,0.21,0.1,15.9,12.4,18.5,85.0,9.947941384473792,2.4520586155262087,11.6,0,0
BASEL,2004-10-07,8,0.9,1.0198,0.35,0.15,0.0,12.7,11.6,14.0,90.0,10.014993887475633,1.5850061125243666,10.2,0,0
BASEL,2004-10-08,7,0.9,1.0154,0.82,1.18,1.7,14.4,10.2,20.3,90.0,8.632689857051842,1.5673101429481573,9.5,0,0
BASEL,2004-10-09,8,0.94,1.0142,0.19,1.28,0.0,10.6,9.5,11.6,94.0,8.58234744711691,0.9176525528830908,10.1,0,0
BASEL,2004-10-10,8,0.94,1.0117,0.12,1.46,0.0,10.8,10.1,11.5,94.0,9.177895725285452,0.9221042747145471,8.7,0,0
BASEL,2004-10-11,5,0.8,1.0165,1.03,0.0,2.0,10.3,8.7,13.6,80.0,5.4433882230261705,3.2566117769738288,7.6,0,0
BASEL,2004-10-12,4,0.8,1.0187,1.35,0.0,6.4,11.2,7.6,16.7,80.0,4.372209759418558,3.2277902405814416,8.3,0,0
BASEL,2004-10-13,7,0.84,1.0166,1.15,0.24,3.9,11.2,8.3,15.8,84.0,5.756305193558173,2.5436948064418274,7.7,0,0
BASEL,2004-10-14,7,0.88,1.009,0.6,0.8,0.5,11.7,7.7,15.7,88.0,5.838917379792226,1.8610826202077746,6.0,0,0
BASEL,2004-10-15,7,0.87,1.0036,0.41,0.57,0.7,8.9,6.0,12.4,87.0,4.001764506797057,1.9982354932029427,5.1,0,0
BASEL,2004-10-16,7,0.86,1.0045,0.65,1.28,1.4,7.0,5.1,9.9,86.0,2.9532270697560348,2.146772930243965,6.0,0,0
BASEL,2004-10-17,8,0.8,1.0087,0.47,0.43,0.3,7.7,6.0,11.4,80.0,2.8139063103750543,3.1860936896249457,8.4,0,0
BASEL,2004-10-18,7,0.75,1.0131,0.59,0.15,0.9,10.8,8.4,14.1,75.0,4.227577583597688,4.172422416402313,8.7,0,0
BASEL,2004-10-19,8,0.93,1.0105,0.19,1.52,0.0,9.8,8.7,11.1,93.0,7.63135487033674,1.0686451296632589,10.8,0,0
BASEL,2004-10-20,8,0.89,1.0074,0.39,0.44,0.0,12.9,10.8,14.9,89.0,9.059274356372095,1.740725643627906,10.6,0,0
BASEL,2004-10-21,6,0.77,1.0153,1.19,0.01,5.8,15.0,10.6,19.8,77.0,6.735734701639142,3.8642652983608574,8.8,0,0
BASEL,2004-10-22,3,0.82,1.0193,1.03,0.0,5.2,13.3,8.8,19.9,82.0,5.897175299480466,2.9028247005195347,11.2,0,0
BASEL,2004-10-23,5,0.84,1.018,1.12,0.0,5.5,14.8,11.2,21.1,84.0,8.596295783825772,2.6037042161742274,10.4,0,0
BASEL,2004-10-24,3,0.8,1.0139,1.23,0.0,9.4,14.3,10.4,21.4,80.0,7.0985972371771435,3.301402762822857,10.5,0,0
BASEL,2004-10-25,8,0.9,1.0147,0.29,2.54,0.1,12.9,10.5,15.0,90.0,8.928906173322911,1.5710938266770889,8.1,0,0
BASEL,2004-10-26,8,0.94,1.0138,0.11,3.71,0.0,9.2,8.1,10.7,94.0,7.192693061729708,0.9073069382702919,7.6,0,0
BASEL,2004-10-27,7,0.88,1.0066,0.53,0.27,0.6,9.5,7.6,12.3,88.0,5.740428098657136,1.8595719013428633,9.3,0,0
BASEL,2004-10-28,6,0.92,1.0023,0.37,0.92,0.0,10.6,9.3,12.8,92.0,8.06698249489076,1.23301750510924,8.9,0,0
BASEL,2004-10-29,4,0.91,1.0012,0.79,0.18,2.5,11.6,8.9,15.0,91.0,7.510776951180422,1.389223048819578,6.5,0,0
BASEL,2004-10-30,4,0.81,1.0088,1.08,0.0,7.8,10.7,6.5,16.0,81.0,3.4767953725410132,3.0232046274589868,4.6,0,0
BASEL,2004-10-31,8,0.9,1.0138,0.37,0.0,0.0,8.7,4.6,12.6,90.0,3.1024864890293697,1.49751351097063,9.6,0,0
BASEL,2004-11-01,8,0.9,1.0154,0.21,0.0,0.0,10.1,9.6,11.3,90.0,8.040243626040615,1.5597563739593845,8.8,0,0
BASEL,2004-11-02,8,0.92,1.0171,0.18,0.0,0.0,9.6,8.8,10.5,92.0,7.571957006358438,1.228042993641563,8.1,0,0
BASEL,2004-11-03,7,0.86,1.0192,0.74,0.0,2.4,11.6,8.1,14.9,86.0,5.900089260407294,2.1999107395927053,6.8,0,0
BASEL,2004-11-04,7,0.88,1.0216,0.83,0.1,4.0,11.6,6.8,16.1,88.0,4.9524919341422065,1.8475080658577934,7.3,0,0
BASEL,2004-11-05,7,0.81,1.0265,0.3,0.01,0.0,11.0,7.3,13.0,81.0,4.257078282271362,3.042921717728638,5.1,0,0
BASEL,2004-11-06,7,0.8,1.0257,0.36,0.03,0.0,6.9,5.1,8.5,80.0,1.937243053941983,3.1627569460580167,3.4,0,0
BASEL,2004-11-07,7,0.83,1.0215,0.5,0.22,1.8,6.4,3.4,9.1,83.0,0.7900763397252274,2.6099236602747724,1.8,1,1
BASEL,2004-11-08,7,0.85,1.0181,0.64,0.0,1.3,3.9,1.8,6.7,85.0,-0.4495466430084279,2.249546643008428,0.9,1,1
BASEL,2004-11-09,8,0.85,1.0125,0.33,0.0,0.0,2.2,0.9,3.2,85.0,-1.3327503944481258,2.232750394448126,1.0,1,1
BASEL,2004-11-10,8,0.85,1.0117,0.23,0.11,0.0,2.0,1.0,3.3,85.0,-1.2346135653144865,2.2346135653144863,1.7,1,1
BASEL,2004-11-11,8,0.88,1.0176,0.24,0.0,0.0,3.0,1.7,4.0,88.0,-0.0715171670216409,1.7715171670216407,2.8,1,1
BASEL,2004-11-12,8,0.79,1.0228,0.22,0.15,0.0,4.0,2.8,5.0,79.0,-0.4760671485299028,3.2760671485299024,1.5,1,1
BASEL,2004-11-13,6,0.82,1.0265,0.38,0.13,1.0,3.7,1.5,5.9,82.0,-1.2343921487197471,2.7343921487197473,-2.3,1,1
BASEL,2004-11-14,4,0.73,1.0296,0.6,0.0,3.1,2.2,-2.3,6.0,73.0,-6.472874187661071,4.172874187661071,-4.2,1,1
BASEL,2004-11-15,1,0.82,1.0289,0.85,0.0,6.8,-0.7,-4.2,3.4,82.0,-6.8063368067029435,2.6063368067029433,-2.8,1,1
BASEL,2004-11-16,7,0.79,1.0314,0.56,0.0,0.7,2.1,-2.8,5.5,79.0,-5.926269688513255,3.126269688513255,2.2,1,1
BASEL,2004-11-17,8,0.8,1.0303,0.3,0.0,0.0,4.7,2.2,9.1,80.0,-0.8881367530241954,3.0881367530241954,7.6,0,0
BASEL,2004-11-18,8,0.67,1.0218,0.1,0.02,0.0,8.8,7.6,9.4,67.0,1.8670093476153171,5.732990652384682,-0.4,1,1
BASEL,2004-11-19,6,0.7,1.0173,0.65,0.48,3.9,5.0,-0.4,10.1,70.0,-5.1938372882144055,4.793837288214405,-0.1,1,1
BASEL,2004-11-20,8,0.83,1.0267,0.3,0.0,0.0,1.2,-0.1,2.8,83.0,-2.6350965782154185,2.5350965782154185,-0.8,1,1
BASEL,2004-11-21,6,0.82,1.0284,0.73,0.05,4.6,1.9,-0.8,5.4,82.0,-3.482355331659414,2.682355331659414,2.8,1,1
BASEL,2004-11-22,7,0.77,1.0256,0.37,0.07,0.6,9.0,2.8,12.6,77.0,-0.8270707738206479,3.627070773820648,7.3,0,0
BASEL,2004-11-23,8,0.85,1.0275,0.21,0.02,0.0,9.2,7.3,10.8,85.0,4.946455202022588,2.3535447979774116,-0.7,1,1
BASEL,2004-11-24,6,0.94,1.0312,0.49,0.0,0.7,3.5,-0.7,7.8,94.0,-1.5436155251352575,0.8436155251352575,-1.9,1,1
BASEL,2004-11-25,6,0.86,1.0286,0.61,0.0,3.2,3.0,-1.9,6.0,86.0,-3.925289295174054,2.025289295174054,-0.9,1,1
BASEL,2004-11-26,7,0.88,1.0281,0.41,0.0,1.4,3.4,-0.9,8.1,88.0,-2.633386352773856,1.7333863527738562,1.4,1,1
BASEL,2004-11-27,5,0.87,1.0268,0.5,0.02,3.5,6.0,1.4,10.1,87.0,-0.523809143897828,1.9238091438978278,0.4,1,1
BASEL,2004-11-28,7,0.93,1.0181,0.4,1.17,0.0,3.9,0.4,6.3,93.0,-0.5980087449516802,0.9980087449516802,4.6,0,0
BASEL,2004-11-29,8,0.97,1.0135,0.08,0.05,0.0,5.5,4.6,6.1,97.0,4.165165675880173,0.4348343241198265,2.3,1,0
BASEL,2004-11-30,8,0.95,1.011,0.06,0.02,0.0,3.1,2.3,4.7,95.0,1.5824351849183893,0.7175648150816105,0.0,1,1
BASEL,2004-12-01,4,0.95,1.0103,0.18,0.33,0.7,1.5,0.0,4.0,95.0,-0.7038975594201942,0.7038975594201942,0.9,1,1
BASEL,2004-12-02,6,0.91,1.0119,0.35,0.8,0.7,3.0,0.9,5.7,91.0,-0.40078671330658744,1.3007867133065876,3.1,0,0
BASEL,2004-12-03,7,0.93,1.0207,0.33,0.14,1.1,4.7,3.1,6.8,93.0,2.0792770512476784,1.0207229487523217,3.6,0,0
BASEL,2004-12-04,8,0.96,1.0284,0.13,0.01,0.0,4.5,3.6,5.5,96.0,3.0223743356151367,0.5776256643848634,2.5,1,0
BASEL,2004-12-05,8,0.98,1.0302,0.06,0.0,0.0,2.8,2.5,3.6,98.0,2.2163903691510076,0.2836096308489924,0.0,1,1
BASEL,2004-12-06,8,0.93,1.0307,0.29,0.0,0.1,0.9,0.0,3.8,93.0,-0.994665323403716,0.994665323403716,-2.0,1,1
BASEL,2004-12-07,5,0.94,1.03,0.16,0.0,0.0,0.2,-2.0,3.4,94.0,-2.834402345496202,0.8344023454962022,0.2,1,1
BASEL,2004-12-08,8,0.84,1.0298,0.18,0.0,0.0,0.8,0.2,1.7,84.0,-2.179751246008023,2.379751246008023,0.5,1,1
BASEL,2004-12-09,8,0.82,1.0261,0.25,0.0,0.0,1.2,0.5,2.1,82.0,-2.211706721154779,2.711706721154779,-1.4,1,1
BASEL,2004-12-10,7,0.88,1.0262,0.55,0.0,3.3,1.1,-1.4,3.2,88.0,-3.1261007160530325,1.7261007160530326,-0.4,1,1
BASEL,2004-12-11,8,0.88,1.0286,0.11,0.0,0.0,0.2,-0.4,0.7,88.0,-2.1406872202165363,1.7406872202165364,-1.7,1,1
BASEL,2004-12-12,6,0.87,1.0304,0.54,0.0,4.1,-0.1,-1.7,2.9,87.0,-3.5744426006936245,1.8744426006936246,-3.9,1,1
BASEL,2004-12-13,2,0.89,1.0318,0.62,0.0,6.7,-1.1,-3.9,2.5,89.0,-5.441510734525056,1.541510734525056,-2.8,1,1
BASEL,2004-12-14,0,0.88,1.0314,0.59,0.0,5.9,-0.8,-2.8,2.7,88.0,-4.505781966686752,1.705781966686752,-3.8,1,1
BASEL,2004-12-15,2,0.88,1.0279,0.51,0.0,3.1,-1.4,-3.8,1.0,88.0,-5.491341693726163,1.6913416937261632,-2.5,1,1
BASEL,2004-12-16,3,0.87,1.0181,0.5,0.03,3.9,0.0,-2.5,2.6,87.0,-4.361806181494744,1.8618061814947442,1.5,1,1
BASEL,2004-12-17,8,0.72,1.0057,0.17,0.14,0.0,6.6,1.5,8.3,72.0,-2.9926957831506007,4.492695783150601,1.6,1,1
BASEL,2004-12-18,4,0.67,1.0147,0.38,0.41,1.8,3.1,1.6,5.3,67.0,-3.859085220254206,5.459085220254206,-0.8,1,1
BASEL,2004-12-19,8,0.93,1.006,0.07,2.03,0.0,0.8,-0.8,8.7,93.0,-1.7879952394055196,0.9879952394055196,-8.0,1,1
BASEL,2004-12-20,0,0.86,1.02,0.66,0.0,7.3,-4.1,-8.0,-0.9,86.0,-9.922285826388205,1.9222858263882046,-7.5,1,1
BASEL,2004-12-21,5,0.88,1.0262,0.11,0.0,0.0,-3.3,-7.5,-1.1,88.0,-9.138442595000317,1.638442595000317,-10.7,1,1
BASEL,2004-12-22,5,0.8,1.028,0.59,0.06,5.0,-5.2,-10.7,-0.5,80.0,-13.466868131504818,2.7668681315048183,-0.8,1,1
BASEL,2004-12-23,8,0.88,1.0206,0.24,0.04,0.0,3.2,-0.8,8.0,88.0,-2.534845307827243,1.734845307827243,4.2,0,0
BASEL,2004-12-24,7,0.72,1.0142,0.38,0.0,0.9,8.3,4.2,11.5,72.0,-0.3937180375466502,4.59371803754665,1.5,1,1
BASEL,2004-12-25,8,0.85,1.0024,0.22,1.0,1.6,5.3,1.5,10.9,85.0,-0.7439409659334089,2.243940965933409,-0.1,1,1
BASEL,2004-12-26,8,0.96,1.0032,0.07,0.77,0.0,1.2,-0.1,2.6,96.0,-0.6600678602938373,0.5600678602938374,0.0,1,1
BASEL,2004-12-27,8,0.91,1.0156,0.05,0.09,0.0,0.8,0.0,2.2,91.0,-1.2910186257388876,1.2910186257388876,-0.5,1,1
BASEL,2004-12-28,8,0.88,1.0148,0.15,0.32,0.0,0.3,-0.5,1.6,88.0,-2.2392258283041504,1.7392258283041504,0.6,1,1
BASEL,2004-12-29,8,0.88,1.0279,0.21,0.05,0.0,1.6,0.6,2.2,88.0,-1.1553346444426944,1.7553346444426943,-2.2,1,1
BASEL,2004-12-30,6,0.85,1.0358,0.49,0.0,1.8,0.5,-2.2,2.7,85.0,-4.375373950228185,2.1753739502281846,-2.2,1,1
BASEL,2004-12-31,8,0.92,1.0323,0.17,0.16,0.0,0.2,-2.2,2.0,92.0,-3.3211355120461272,1.121135512046127,2.0,1,0
BASEL,2005-01-01,7,0.94,1.029,0.3,0.07,0.3,3.8,2.0,5.7,94.0,1.1370883578078377,0.8629116421921623,2.1,1,0
BASEL,2005-01-02,8,0.86,1.0283,0.14,0.61,0.0,5.7,2.1,10.0,86.0,0.005720936335949539,2.0942790636640507,2.1,1,1
BASEL,2005-01-03,5,0.78,1.0382,0.43,0.0,1.9,3.7,2.1,5.9,78.0,-1.330659844273203,3.430659844273203,-1.9,1,1
BASEL,2005-01-04,0,0.8,1.0355,0.67,0.0,7.7,1.8,-1.9,6.9,80.0,-4.884139933330872,2.9841399333308725,-2.2,1,1
BASEL,2005-01-05,6,0.8,1.0331,0.28,0.11,0.3,3.7,-2.2,8.3,80.0,-5.176599458474723,2.9765994584747224,5.5,0,0
BASEL,2005-01-06,7,0.78,1.0349,0.24,0.01,0.0,8.4,5.5,9.9,78.0,1.9720830045164415,3.5279169954835585,1.6,1,1
BASEL,2005-01-07,3,0.81,1.0355,0.64,0.0,4.5,5.7,1.6,9.5,81.0,-1.3038188422848114,2.9038188422848115,-1.1,1,1
BASEL,2005-01-08,3,0.7,1.028,0.69,0.03,6.4,6.1,-1.1,13.3,70.0,-5.8658807835115025,4.765880783511502,5.2,0,0
BASEL,2005-01-09,6,0.83,1.0307,0.3,0.06,0.0,8.6,5.2,11.4,83.0,2.5511746984412036,2.6488253015587966,1.3,1,1
BASEL,2005-01-10,0,0.86,1.0296,0.69,0.0,7.2,5.4,1.3,11.4,86.0,-0.7803894809558013,2.0803894809558012,1.1,1,1
BASEL,2005-01-11,3,0.79,1.0311,0.69,0.0,7.3,4.6,1.1,10.1,79.0,-2.1302274067915588,3.230227406791559,1.3,1,1
BASEL,2005-01-12,7,0.84,1.0286,0.41,0.22,0.7,5.1,1.3,8.7,84.0,-1.1016979864106404,2.4016979864106407,-0.6,1,1
BASEL,2005-01-13,2,0.77,1.0316,0.71,0.0,7.4,4.8,-0.6,7.6,77.0,-4.125994103114406,3.525994103114406,-2.8,1,1
BASEL,2005-01-14,0,0.85,1.0326,0.72,0.0,6.7,0.4,-2.8,5.3,85.0,-4.9643542996543975,2.1643542996543976,-2.8,1,1
BASEL,2005-01-15,1,0.78,1.0301,0.76,0.0,7.6,-0.5,-2.8,3.4,78.0,-6.092852759855017,3.292852759855017,-3.0,1,1
BASEL,2005-01-16,0,0.81,1.0299,0.76,0.0,7.4,-1.2,-3.0,2.6,81.0,-5.793904882814233,2.7939048828142328,-3.2,1,1
BASEL,2005-01-17,1,0.85,1.026,0.72,0.0,7.1,-0.7,-3.2,3.3,85.0,-5.357023267993973,2.1570232679939725,-1.3,1,1
BASEL,2005-01-18,8,0.81,1.0086,0.14,0.32,0.0,2.6,-1.3,9.1,81.0,-4.134281201873835,2.834281201873835,1.6,1,1
BASEL,2005-01-19,6,0.76,1.0164,0.56,0.0,2.3,3.2,1.6,5.9,76.0,-2.1680224085836537,3.768022408583654,3.0,1,0
BASEL,2005-01-20,8,0.74,1.0173,0.12,0.06,0.0,6.5,3.0,9.7,74.0,-1.1758809194433744,4.175880919443374,4.3,0,0
BASEL,2005-01-21,7,0.77,1.0141,0.22,0.63,0.0,6.6,4.3,9.6,77.0,0.6278894145416333,3.6721105854583667,-1.2,1,1
BASEL,2005-01-22,5,0.74,1.0192,0.5,0.0,3.4,2.6,-1.2,5.5,74.0,-5.2326423444061705,4.03264234440617,-1.1,1,1
BASEL,2005-01-23,7,0.8,1.0194,0.43,0.03,0.7,0.5,-1.1,2.6,80.0,-4.104293906790459,3.004293906790459,-2.9,1,1
BASEL,2005-01-24,6,0.78,1.0179,0.48,0.08,1.4,-1.2,-2.9,0.5,78.0,-6.190069369828267,3.290069369828267,-3.6,1,1
BASEL,2005-01-25,7,0.83,1.0192,0.39,0.12,0.0,-2.9,-3.6,-1.6,83.0,-6.061346334326262,2.461346334326262,-6.2,1,1
BASEL,2005-01-26,7,0.76,1.0198,0.53,0.0,0.8,-3.7,-6.2,-1.6,76.0,-9.72819862207596,3.5281986220759594,-8.8,1,1
BASEL,2005-01-27,5,0.75,1.0199,0.63,0.0,2.3,-6.1,-8.8,-3.6,75.0,-12.413861817943353,3.613861817943352,-7.1,1,1
BASEL,2005-01-28,7,0.73,1.0156,0.8,0.0,2.4,-4.6,-7.1,-1.5,73.0,-11.105880498555988,4.005880498555989,-8.2,1,1
BASEL,2005-01-29,1,0.67,1.0232,0.91,0.0,7.7,-5.9,-8.2,-3.7,67.0,-13.225806728269989,5.025806728269989,-10.7,1,1
BASEL,2005-01-30,5,0.68,1.0329,0.57,0.0,1.4,-6.1,-10.7,-3.3,68.0,-15.439943328492701,4.739943328492702,-3.4,1,1
BASEL,2005-01-31,8,0.69,1.0308,0.38,0.07,0.0,-0.7,-3.4,2.3,69.0,-8.259255791332707,4.859255791332707,-0.9,1,1
BASEL,2005-02-01,8,0.84,1.0268,0.46,0.13,0.7,2.0,-0.9,4.1,84.0,-3.257904235569884,2.357904235569884,-2.2,1,1
BASEL,2005-02-02,7,0.84,1.0324,0.45,0.01,0.2,1.7,-2.2,4.1,84.0,-4.532213637814867,2.332213637814867,-1.0,1,1
BASEL,2005-02-03,6,0.85,1.0327,0.57,0.0,1.3,2.6,-1.0,5.7,85.0,-3.197496415298361,2.197496415298361,-1.9,1,1
BASEL,2005-02-04,5,0.8,1.0314,0.94,0.0,5.1,1.4,-1.9,5.4,80.0,-4.884139933330872,2.9841399333308725,-2.2,1,1
BASEL,2005-02-05,1,0.76,1.0258,1.01,0.0,8.3,0.8,-2.2,4.4,76.0,-5.850215523484597,3.650215523484597,-1.9,1,1
BASEL,2005-02-06,4,0.81,1.026,0.7,0.0,1.8,0.7,-1.9,4.8,81.0,-4.719998057542611,2.819998057542611,-1.3,1,1
BASEL,2005-02-07,5,0.8,1.0269,0.91,0.0,4.3,1.6,-1.3,6.5,80.0,-4.29924913547747,2.99924913547747,-0.5,1,1
BASEL,2005-02-08,3,0.67,1.0303,1.01,0.0,6.1,2.9,-0.5,9.7,67.0,-5.864766183753552,5.364766183753552,-1.0,1,1
BASEL,2005-02-09,1,0.6,1.0331,1.11,0.0,9.1,3.5,-1.0,10.4,60.0,-7.772368458114839,6.772368458114839,-1.6,1,1
BASEL,2005-02-10,5,0.68,1.0341,0.54,0.0,0.1,4.1,-1.6,9.2,68.0,-6.723302809040437,5.123302809040437,5.3,0,0
BASEL,2005-02-11,8,0.81,1.0274,0.12,0.38,0.0,6.6,5.3,7.9,81.0,2.3062523283669596,2.9937476716330402,6.5,0,0
BASEL,2005-02-12,7,0.76,1.0133,0.28,0.54,0.0,10.2,6.5,13.0,76.0,2.577351483430578,3.922648516569422,0.3,1,1
BASEL,2005-02-13,7,0.8,1.0052,0.42,0.33,0.3,3.0,0.3,7.0,80.0,-2.7397244805105587,3.0397244805105585,-0.4,1,1
BASEL,2005-02-14,5,0.81,1.008,0.56,0.18,1.1,1.1,-0.4,3.2,81.0,-3.2557727525176663,2.8557727525176664,-1.3,1,1
BASEL,2005-02-15,7,0.84,1.01,0.76,0.0,1.4,-0.3,-1.3,1.4,84.0,-3.6499845972786753,2.3499845972786755,-2.2,1,1
BASEL,2005-02-16,7,0.81,1.0186,0.53,0.0,0.1,-1.1,-2.2,0.3,81.0,-5.012869853426706,2.8128698534267063,-2.6,1,1
BASEL,2005-02-17,8,0.82,1.0239,0.5,0.0,0.3,-1.3,-2.6,0.5,82.0,-5.241975645503725,2.641975645503725,-1.9,1,1
BASEL,2005-02-18,7,0.77,1.0229,0.32,0.01,0.0,-0.9,-1.9,0.5,77.0,-5.387719008438004,3.487719008438004,-3.2,1,1
BASEL,2005-02-19,8,0.82,1.0135,0.35,0.12,0.0,-1.0,-3.2,0.3,82.0,-5.828583039255934,2.6285830392559335,-1.6,1,1
BASEL,2005-02-20,8,0.79,1.0097,0.99,0.01,3.8,0.2,-1.6,4.2,79.0,-4.758078012584202,3.1580780125842023,-2.0,1,1
BASEL,2005-02-21,8,0.86,1.0069,0.45,0.28,0.0,-1.2,-2.0,-0.2,86.0,-4.02357922768445,2.0235792276844498,-3.1,1,1
BASEL,2005-02-22,8,0.89,1.006,0.64,0.06,0.0,-1.7,-3.1,0.5,89.0,-4.652043028905798,1.5520430289057976,-3.7,1,1
BASEL,2005-02-23,7,0.78,1.0104,0.84,0.06,0.6,-2.2,-3.7,0.7,78.0,-6.967844023278677,3.267844023278677,-4.0,1,1
BASEL,2005-02-24,5,0.76,1.0138,0.93,0.0,1.8,-2.0,-4.0,1.7,76.0,-7.595055203883609,3.595055203883609,-5.7,1,1
BASEL,2005-02-25,7,0.79,1.0159,0.7,0.0,0.1,-2.7,-5.7,-0.2,79.0,-8.75005548538218,3.05005548538218,-3.8,1,1
BASEL,2005-02-26,7,0.71,1.0135,0.73,0.0,0.7,-1.3,-3.8,0.9,71.0,-8.27706926154881,4.47706926154881,-6.5,1,1
BASEL,2005-02-27,8,0.81,1.0143,0.44,0.5,0.0,-4.0,-6.5,-2.5,81.0,-9.211678519527412,2.7116785195274122,-11.4,1,1
BASEL,2005-02-28,1,0.6,1.0209,1.72,0.0,9.9,-6.2,-11.4,-2.4,60.0,-17.59811278905005,6.1981127890500485,-14.7,1,1
BASEL,2005-03-01,1,0.66,1.015,1.62,0.0,7.9,-7.6,-14.7,-1.1,66.0,-19.622451774255136,4.922451774255137,-10.7,1,1
BASEL,2005-03-02,3,0.63,1.0091,1.65,0.0,9.4,-3.9,-10.7,3.1,63.0,-16.355212701160028,5.655212701160028,-4.3,1,1
BASEL,2005-03-03,4,0.58,1.0075,1.48,0.0,7.2,0.5,-4.3,7.2,57.99999999999999,-11.311528155318568,7.011528155318568,-4.4,1,1
BASEL,2005-03-04,3,0.64,1.0125,1.37,0.0,6.3,-0.2,-4.4,3.7,64.0,-10.170912387813878,5.770912387813878,-2.3,1,1
BASEL,2005-03-05,7,0.79,1.0073,0.78,0.06,0.1,-0.3,-2.3,2.1,79.0,-5.439503852800583,3.1395038528005834,-6.1,1,1
BASEL,2005-03-06,7,0.84,1.0175,0.45,0.0,0.0,-2.2,-6.1,-0.3,84.0,-8.355977942627309,2.255977942627309,-10.1,1,1
BASEL,2005-03-07,6,0.79,1.0254,1.41,0.27,5.1,-3.4,-10.1,1.3,79.0,-13.03619290030475,2.93619290030475,-1.4,1,1
BASEL,2005-03-08,8,0.84,1.0267,0.78,0.26,0.4,1.6,-1.4,4.9,84.0,-3.7480067486062585,2.3480067486062586,1.1,1,1
BASEL,2005-03-09,8,0.78,1.0295,0.56,0.0,0.4,3.0,1.1,5.6,78.0,-2.3023098077569184,3.4023098077569185,-1.6,1,1
BASEL,2005-03-10,5,0.76,1.0283,0.9,0.0,2.9,2.6,-1.6,6.8,76.0,-5.268694164851889,3.6686941648518885,-3.7,1,1
BASEL,2005-03-11,4,0.66,1.02,1.57,0.0,6.8,2.5,-3.7,7.6,66.0,-9.114156913707266,5.414156913707266,0.7,1,1
BASEL,2005-03-12,8,0.7,1.0106,0.33,0.19,0.0,3.4,0.7,6.3,70.0,-4.137930750816485,4.8379307508164855,-2.8,1,1
BASEL,2005-03-13,3,0.66,1.0155,1.92,0.0,10.2,2.2,-2.8,7.4,66.0,-8.255398889236918,5.4553988892369185,-1.1,1,1
BASEL,2005-03-14,5,0.61,1.0169,1.76,0.0,8.2,5.4,-1.1,12.2,61.0,-7.6538363815237185,6.553836381523718,1.0,1,1
BASEL,2005-03-15,1,0.63,1.0245,1.85,0.0,10.9,9.5,1.0,17.8,63.0,-5.245177236990213,6.245177236990213,3.6,0,0
BASEL,2005-03-16,1,0.54,1.0289,1.95,0.0,11.1,11.2,3.6,20.7,54.0,-4.834378847080119,8.434378847080119,5.4,0,0
BASEL,2005-03-17,4,0.54,1.0303,1.8,0.0,9.6,13.0,5.4,21.5,54.0,-3.1584507166639217,8.558450716663922,6.5,0,0
BASEL,2005-03-18,1,0.58,1.0288,1.95,0.0,11.2,13.8,6.5,22.5,57.99999999999999,-1.164768110691857,7.664768110691857,5.3,0,0
BASEL,2005-03-19,2,0.62,1.0228,1.94,0.0,10.6,13.6,5.3,21.8,62.0,-1.3870219756341093,6.687021975634109,8.8,0,0
BASEL,2005-03-20,7,0.77,1.0188,1.36,0.0,4.1,12.0,8.8,16.7,77.0,4.9911283086876885,3.808871691312312,4.5,0,0
BASEL,2005-03-21,3,0.66,1.0147,1.91,0.0,9.2,11.4,4.5,17.6,66.0,-1.2955601625113198,5.79556016251132,8.6,0,0
BASEL,2005-03-22,8,0.72,1.0151,0.61,0.61,0.1,11.0,8.6,14.2,72.0,3.8392932097834733,4.760706790216526,9.4,0,0
BASEL,2005-03-23,6,0.8,1.0183,1.94,0.0,9.0,13.2,9.4,18.1,80.0,6.124981432885633,3.2750185671143672,7.9,0,0
BASEL,2005-03-24,8,0.85,1.0179,0.9,0.86,1.5,12.1,7.9,16.5,85.0,5.534969159155231,2.3650308408447698,7.6,0,0
BASEL,2005-03-25,4,0.72,1.0172,1.77,0.04,7.1,12.5,7.6,17.7,72.0,2.8775019146836995,4.7224980853163,6.7,0,0
BASEL,2005-03-26,6,0.85,1.0089,1.06,1.11,1.2,11.1,6.7,16.6,85.0,4.357913553896894,2.3420864461031066,9.6,0,0
BASEL,2005-03-27,7,0.87,1.0079,0.78,0.16,0.7,11.3,9.6,14.1,87.0,7.542540752292782,2.057459247707218,8.3,0,0
BASEL,2005-03-28,7,0.75,1.0134,1.15,0.0,1.2,11.9,8.3,15.9,75.0,4.130939008395147,4.169060991604853,8.3,0,0
BASEL,2005-03-29,7,0.8,1.0137,1.22,0.41,1.6,11.7,8.3,17.5,80.0,5.053883407563095,3.2461165924369055,6.7,0,0
BASEL,2005-03-30,8,0.74,1.0163,1.19,0.0,1.0,11.0,6.7,14.4,74.0,2.3958983038728303,4.304101696127169,4.7,0,0
BASEL,2005-03-31,6,0.8,1.0217,1.22,0.08,1.9,9.6,4.7,14.6,80.0,1.5475877648553917,3.1524122351446087,5.7,0,0
BASEL,2005-04-01,3,0.62,1.0235,2.2,0.0,10.4,10.9,5.7,16.9,62.0,-1.008751088221907,6.7087510882219075,4.4,0,0
BASEL,2005-04-02,2,0.53,1.0217,2.24,0.0,11.5,11.6,4.4,19.5,53.0,-4.337647666975463,8.737647666975462,5.4,0,0
BASEL,2005-04-03,1,0.52,1.0239,2.28,0.0,11.0,11.9,5.4,19.5,52.0,-3.663098395787251,9.063098395787252,5.0,0,0
BASEL,2005-04-04,2,0.5,1.0251,2.3,0.0,11.5,11.9,5.0,18.7,50.0,-4.554347641402259,9.55434764140226,6.9,0,0
BASEL,2005-04-05,8,0.69,1.0268,0.5,0.01,0.0,10.4,6.9,13.8,69.0,1.6089445404584932,5.291055459541507,6.6,0,0
BASEL,2005-04-06,7,0.66,1.0208,1.82,0.1,5.8,13.2,6.6,19.5,66.0,0.704726219836629,5.895273780163371,7.7,0,0
BASEL,2005-04-07,8,0.72,1.01,0.68,0.76,0.0,12.0,7.7,14.6,72.0,2.9736878377415055,4.726312162258495,5.4,0,0
BASEL,2005-04-08,7,0.8,1.0063,0.9,0.76,0.2,7.6,5.4,9.7,80.0,2.2294735458374486,3.1705264541625517,0.8,1,1
BASEL,2005-04-09,8,0.85,1.0157,0.37,0.06,0.0,3.6,0.8,5.4,85.0,-1.4308879933553726,2.2308879933553727,-1.2,1,1
BASEL,2005-04-10,5,0.69,1.0254,1.59,0.01,4.9,5.1,-1.2,9.0,69.0,-6.14997390030249,4.949973900302489,3.0,1,0
BASEL,2005-04-11,4,0.54,1.0234,2.02,0.0,6.3,9.1,3.0,15.0,54.0,-5.393215789578408,8.393215789578408,6.1,0,0
BASEL,2005-04-12,8,0.69,1.0193,0.84,0.0,0.0,8.7,6.1,10.6,69.0,0.8431263618509626,5.256873638149037,6.5,0,0
BASEL,2005-04-13,8,0.68,1.0133,1.1,0.0,0.0,10.1,6.5,13.9,68.0,1.0232089195011285,5.476791080498872,5.4,0,0
BASEL,2005-04-14,5,0.64,1.0071,2.11,0.0,7.1,12.0,5.4,18.6,64.0,-0.8594171710626863,6.259417171062687,6.1,0,0
BASEL,2005-04-15,6,0.67,1.0048,2.15,0.0,7.1,10.9,6.1,17.6,67.0,0.4360995513896941,5.663900448610305,6.2,0,0
BASEL,2005-04-16,8,0.81,0.9986,0.38,1.86,0.0,8.6,6.2,11.2,81.0,3.1841729636946527,3.0158270363053474,3.5,0,0
BASEL,2005-04-17,8,0.92,1.0002,0.39,1.12,0.0,6.3,3.5,8.5,92.0,2.3240716685127785,1.1759283314872215,7.6,0,0
BASEL,2005-04-18,8,0.8,1.0033,1.15,0.39,0.9,10.5,7.6,14.0,80.0,4.372209759418558,3.2277902405814416,6.8,0,0
BASEL,2005-04-19,7,0.74,1.006,1.11,0.04,0.7,9.5,6.8,12.4,74.0,2.4924064446576546,4.307593555342345,6.1,0,0
BASEL,2005-04-20,8,0.84,1.011,0.61,0.53,0.0,7.5,6.1,9.3,84.0,3.6013676746851044,2.498632325314895,4.0,0,0
BASEL,2005-04-21,6,0.78,1.0166,1.41,0.0,2.2,8.1,4.0,12.9,78.0,0.5151557182614358,3.4848442817385643,0.7,1,1
BASEL,2005-04-22,1,0.54,1.0155,2.86,0.0,12.2,9.3,0.7,16.8,54.0,-7.536324355432752,8.236324355432751,5.8,0,0
BASEL,2005-04-23,7,0.7,1.0127,1.03,0.27,1.6,10.7,5.8,16.5,70.0,0.7550533454105961,5.0449466545894035,10.0,0,0
BASEL,2005-04-24,8,0.96,1.0104,0.43,1.57,0.0,11.0,10.0,12.5,96.0,9.3913659048323,0.6086340951676998,9.1,0,0
BASEL,2005-04-25,7,0.82,1.011,0.98,0.06,0.2,10.8,9.1,13.3,82.0,6.190147004947509,2.909852995052491,8.3,0,0
BASEL,2005-04-26,6,0.7,1.0169,1.89,0.07,3.2,12.8,8.3,18.8,70.0,3.152024276496981,5.14797572350302,9.4,0,0
BASEL,2005-04-27,8,0.88,1.0206,0.54,0.42,1.1,11.0,9.4,13.8,88.0,7.513142025976737,1.886857974023263,8.5,0,0
BASEL,2005-04-28,7,0.72,1.022,2.0,0.0,4.1,14.4,8.5,19.5,72.0,3.7431208733948074,4.756879126605193,11.2,0,0
BASEL,2005-04-29,5,0.61,1.0199,2.65,0.0,9.7,17.8,11.2,25.2,61.0,3.9574590277837136,7.242540972216286,10.9,0,0
BASEL,2005-04-30,5,0.57,1.0153,2.81,0.0,11.9,19.0,10.9,26.3,56.99999999999999,2.715898797601665,8.184101202398335,12.6,0,0
BASEL,2005-05-01,4,0.52,1.013,2.74,0.0,10.9,20.6,12.6,28.7,52.0,3.0026970835177598,9.59730291648224,12.2,0,0
BASEL,2005-05-02,4,0.53,1.0149,2.22,0.16,6.8,19.9,12.2,27.7,53.0,2.9010745940179152,9.298925405982084,10.2,0,0
BASEL,2005-05-03,6,0.86,1.0174,1.0,0.89,0.9,14.7,10.2,21.0,86.0,7.962509760910235,2.237490239089764,9.5,0,0
BASEL,2005-05-04,7,0.84,1.0168,1.39,0.41,1.9,11.8,9.5,17.9,84.0,6.931557683243771,2.5684423167562294,8.6,0,0
BASEL,2005-05-05,7,0.84,1.0171,1.6,0.51,2.2,11.4,8.6,16.7,84.0,6.050129430814334,2.549870569185666,7.8,0,0
BASEL,2005-05-06,7,0.79,1.0191,0.8,0.85,1.1,10.0,7.8,13.6,79.0,4.387264330589536,3.4127356694104636,7.7,0,0
BASEL,2005-05-07,7,0.83,1.0141,0.79,0.48,0.2,10.2,7.7,14.0,83.0,4.996672502927712,2.703327497072288,5.3,0,0
BASEL,2005-05-08,5,0.61,1.0143,2.78,0.0,8.6,10.1,5.3,15.0,61.0,-1.6080166193602046,6.908016619360204,6.4,0,0
BASEL,2005-05-09,4,0.6,1.0135,2.83,0.08,9.9,10.5,6.4,15.2,60.0,-0.7960027829129268,7.196002782912927,4.8,0,0
BASEL,2005-05-10,5,0.63,1.0161,2.42,0.0,6.6,9.7,4.8,14.8,63.0,-1.642917441539698,6.442917441539698,2.0,1,1
BASEL,2005-05-11,2,0.66,1.0206,3.06,0.0,12.7,9.4,2.0,16.7,66.0,-3.6779359679543955,5.6779359679543955,2.5,1,1
BASEL,2005-05-12,3,0.54,1.0167,2.8,0.25,10.6,12.4,2.5,20.2,54.0,-5.858987458800308,8.358987458800307,8.8,0,0
BASEL,2005-05-13,6,0.7,1.0153,2.05,0.06,5.4,14.1,8.8,21.0,70.0,3.6312961245887863,5.1687038754112145,11.3,0,0
BASEL,2005-05-14,8,0.79,1.0136,0.8,0.3,0.3,13.5,11.3,16.8,79.0,7.789958175354479,3.510041824645522,9.1,0,0
BASEL,2005-05-15,5,0.73,1.016,1.89,0.0,3.9,13.6,9.1,17.8,73.0,4.517103872398776,4.582896127601224,7.7,0,0
BASEL,2005-05-16,7,0.92,1.0139,0.63,0.88,0.0,9.9,7.7,12.4,92.0,6.482865713999683,1.2171342860003174,7.4,0,0
BASEL,2005-05-17,5,0.77,1.0125,2.85,1.46,7.2,12.3,7.4,19.1,77.0,3.633940015592246,3.7660599844077542,6.4,0,0
BASEL,2005-05-18,8,0.82,1.0199,0.72,0.47,0.0,9.0,6.4,12.6,82.0,3.553099301415502,2.8469006985844985,4.9,0,0
BASEL,2005-05-19,4,0.7,1.0234,2.94,0.0,10.7,12.0,4.9,19.3,70.0,-0.10810584237899563,5.008105842378996,8.0,0,0
BASEL,2005-05-20,4,0.62,1.019,2.99,0.3,11.4,17.4,8.0,26.0,62.0,1.1656416670211078,6.834358332978892,13.8,0,0
BASEL,2005-05-21,8,0.82,1.0156,1.19,0.07,1.1,16.7,13.8,20.0,82.0,10.778940943773707,3.021059056226294,12.4,0,0
BASEL,2005-05-22,5,0.86,1.0148,1.48,1.75,2.4,14.6,12.4,21.0,86.0,10.122802523459434,2.2771974765405663,9.1,0,0
BASEL,2005-05-23,7,0.9,1.0205,1.08,0.48,1.2,12.1,9.1,15.1,90.0,7.546524582744139,1.5534754172558607,7.9,0,0
BASEL,2005-05-24,4,0.67,1.025,3.16,0.0,12.3,14.7,7.9,20.9,67.0,2.1531422286767583,5.746857771323242,9.4,0,0
BASEL,2005-05-25,4,0.6,1.0244,3.15,0.0,13.4,18.2,9.4,26.3,60.0,2.0287025728563997,7.371297427143601,11.2,0,0
BASEL,2005-05-26,1,0.62,1.02,3.18,0.0,14.1,21.1,11.2,29.2,62.0,4.189000749862177,7.010999250137822,14.4,0,0
BASEL,2005-05-27,3,0.58,1.0158,2.88,0.0,13.5,22.8,14.4,30.6,57.99999999999999,6.239577663259297,8.160422336740703,16.0,0,0
BASEL,2005-05-28,3,0.56,1.0164,3.13,0.0,14.0,23.5,16.0,30.0,56.00000000000001,7.223497810453698,8.776502189546303,16.5,0,0
BASEL,2005-05-29,4,0.67,1.015,2.9,0.0,11.4,23.3,16.5,30.8,67.0,10.348668661399504,6.151331338600496,11.1,0,0
BASEL,2005-05-30,7,0.83,1.0202,0.54,0.43,0.8,17.4,11.1,21.9,83.0,8.321668789720466,2.778331210279534,8.4,0,0
BASEL,2005-05-31,4,0.67,1.0255,2.82,0.0,10.6,14.2,8.4,19.8,67.0,2.629994017534942,5.770005982465058,8.8,0,0
BASEL,2005-06-01,4,0.63,1.022,3.19,0.0,12.0,15.1,8.8,21.3,63.0,2.1456959458290936,6.6543040541709075,9.4,0,0
BASEL,2005-06-02,2,0.56,1.018,3.22,0.0,13.2,17.7,9.4,24.4,56.00000000000001,1.066699426679547,8.333300573320454,12.5,0,0
BASEL,2005-06-03,3,0.59,1.0133,2.97,0.43,10.7,20.8,12.5,29.3,59.0,4.704600417266439,7.795399582733561,14.2,0,0
BASEL,2005-06-04,7,0.68,1.0181,1.98,0.0,4.5,16.9,14.2,20.6,68.0,8.376498689277092,5.823501310722907,12.4,0,0
BASEL,2005-06-05,7,0.61,1.0207,2.01,0.0,2.0,16.1,12.4,20.0,61.0,5.088480734046759,7.311519265953241,12.9,0,0
BASEL,2005-06-06,7,0.77,1.0213,1.32,0.58,0.2,14.6,12.9,18.1,77.0,8.96438120192376,3.9356187980762396,7.5,0,0
BASEL,2005-06-07,4,0.64,1.0299,2.93,0.0,8.7,12.1,7.5,15.6,64.0,1.1333888752016024,6.366611124798398,4.2,0,0
BASEL,2005-06-08,4,0.58,1.0322,2.76,0.0,8.3,11.9,4.2,18.4,57.99999999999999,-3.3232907021372884,7.523290702137288,5.1,0,0
BASEL,2005-06-09,6,0.57,1.0275,2.28,0.0,6.1,12.0,5.1,18.3,56.99999999999999,-2.712675763947511,7.81267576394751,4.4,0,0
BASEL,2005-06-10,3,0.56,1.0208,2.86,0.0,11.5,13.3,4.4,20.1,56.00000000000001,-3.604931136314091,8.004931136314092,6.9,0,0
BASEL,2005-06-11,4,0.59,1.0135,2.94,0.0,9.6,15.1,6.9,22.6,59.0,-0.555549153226498,7.455549153226499,10.1,0,0
BASEL,2005-06-12,2,0.69,1.0101,2.65,0.16,7.6,15.9,10.1,21.9,69.0,4.6711339463251536,5.428866053674846,13.4,0,0
BASEL,2005-06-13,6,0.85,1.009,1.83,1.99,3.3,16.9,13.4,23.4,85.0,10.928390448405093,2.4716095515949075,14.6,0,0
BASEL,2005-06-14,8,0.91,1.0133,0.91,0.96,0.0,16.2,14.6,19.5,91.0,13.146002068342128,1.453997931657872,13.3,0,0
BASEL,2005-06-15,5,0.71,1.02,2.67,0.0,7.9,18.5,13.3,24.3,71.0,8.151585522317857,5.148414477682143,15.3,0,0
BASEL,2005-06-16,6,0.66,1.0246,2.9,0.0,9.1,19.6,15.3,24.4,66.0,8.982794116531307,6.317205883468693,14.3,0,0
BASEL,2005-06-17,4,0.66,1.0272,2.89,0.0,10.3,20.9,14.3,26.9,66.0,8.032015207639494,6.267984792360506,15.7,0,0
BASEL,2005-06-18,3,0.68,1.0232,2.94,0.0,9.4,22.2,15.7,28.3,68.0,9.807748424062881,5.892251575937118,13.5,0,0
BASEL,2005-06-19,0,0.51,1.018,3.47,0.0,15.1,22.4,13.5,30.3,51.0,3.5592436524033193,9.94075634759668,13.5,0,0
BASEL,2005-06-20,0,0.47,1.0156,3.47,0.0,15.0,23.7,13.5,31.5,47.0,2.406661443357364,11.093338556642635,16.3,0,0
BASEL,2005-06-21,6,0.54,1.0167,3.06,0.0,11.9,24.7,16.3,32.4,54.0,6.971589156962156,9.328410843037844,17.6,0,0
BASEL,2005-06-22,5,0.62,1.0195,2.88,0.0,12.3,24.4,17.6,31.0,62.0,10.229154340041328,7.370845659958674,16.7,0,0
BASEL,2005-06-23,4,0.61,1.0183,3.09,0.0,11.9,24.6,16.7,32.1,61.0,9.138704263763923,7.561295736236076,19.7,0,0
BASEL,2005-06-24,6,0.64,1.0149,2.38,0.0,8.0,25.5,19.7,32.5,64.0,12.693134574682635,7.006865425317365,19.0,0,0
BASEL,2005-06-25,5,0.8,1.0177,1.73,0.98,5.9,21.5,19.0,26.0,80.0,15.46738390095425,3.5326160990457502,18.1,0,0
BASEL,2005-06-26,5,0.71,1.0206,3.15,0.0,12.7,23.8,18.1,30.8,71.0,12.754887874625545,5.345112125374456,18.3,0,0
BASEL,2005-06-27,4,0.68,1.0187,2.93,0.0,9.5,24.9,18.3,32.6,68.0,12.287648159807349,6.012351840192652,19.4,0,0
BASEL,2005-06-28,3,0.66,1.0143,2.56,0.3,9.1,25.1,19.4,34.0,66.0,12.879026352762537,6.5209736472374615,17.5,0,0
BASEL,2005-06-29,4,0.8,1.0098,2.09,2.69,6.5,21.9,17.5,30.0,80.0,14.008267448156664,3.491732551843336,16.0,0,0
BASEL,2005-06-30,7,0.74,1.0122,2.29,0.33,5.1,19.9,16.0,25.0,74.0,11.365209410523118,4.634790589476882,14.6,0,0
BASEL,2005-07-01,6,0.72,1.0185,1.79,0.14,2.3,17.2,14.6,21.1,72.0,9.606872373958131,4.993127626041868,14.7,0,0
BASEL,2005-07-02,8,0.8,1.0228,1.39,0.0,0.3,18.0,14.7,21.2,80.0,11.28395538793723,3.4160446120627697,15.6,0,0
BASEL,2005-07-03,2,0.7,1.0175,2.67,0.0,10.6,21.3,15.6,26.8,70.0,10.145348055339559,5.454651944660441,13.2,0,0
BASEL,2005-07-04,5,0.79,1.012,1.37,1.0,4.6,18.5,13.2,29.0,79.0,9.636570197274484,3.5634298027255156,11.3,0,0
BASEL,2005-07-05,4,0.66,1.0165,3.03,0.23,10.5,15.6,11.3,20.5,66.0,5.178552019720229,6.121447980279772,11.1,0,0
BASEL,2005-07-06,7,0.8,1.0137,1.27,1.49,1.0,14.6,11.1,18.3,80.0,7.780066161325224,3.3199338386747757,11.6,0,0
BASEL,2005-07-07,8,0.82,1.0153,1.08,0.51,0.7,13.5,11.6,17.0,82.0,8.631251347637345,2.9687486523626543,11.6,0,0
BASEL,2005-07-08,7,0.79,1.0166,1.59,0.01,1.9,14.1,11.6,18.3,79.0,8.081554904672819,3.5184450953271806,10.4,0,0
BASEL,2005-07-09,7,0.75,1.0182,2.68,0.0,7.4,16.1,10.4,22.0,75.0,6.160069508345949,4.239930491654051,11.9,0,0
BASEL,2005-07-10,6,0.83,1.0211,1.98,0.81,5.2,17.0,11.9,22.9,83.0,9.10387338193218,2.79612661806782,13.6,0,0
BASEL,2005-07-11,5,0.89,1.0248,1.79,1.91,3.0,16.9,13.6,22.4,89.0,11.819966231509888,1.780033768490112,14.3,0,0
BASEL,2005-07-12,7,0.86,1.0238,2.07,0.82,4.7,17.8,14.3,25.2,86.0,11.988231444270887,2.311768555729113,13.3,0,0
BASEL,2005-07-13,3,0.7,1.0209,2.94,0.0,11.7,20.4,13.3,27.4,70.0,7.942908855829536,5.3570911441704645,13.3,0,0
BASEL,2005-07-14,1,0.54,1.0197,3.34,0.0,14.5,22.1,13.3,30.1,54.0,4.186690904638062,9.113309095361938,16.1,0,0
BASEL,2005-07-15,4,0.54,1.017,2.97,0.04,10.3,23.4,16.1,30.9,54.0,6.786004440764399,9.313995559235602,17.9,0,0
BASEL,2005-07-16,6,0.68,1.0154,1.93,0.02,6.4,22.9,17.9,28.3,68.0,11.90620212941053,5.993797870589468,17.3,0,0
BASEL,2005-07-17,1,0.62,1.0145,3.11,0.0,12.9,23.7,17.3,30.3,62.0,9.946217461762922,7.353782538237079,17.3,0,0
BASEL,2005-07-18,4,0.73,1.0116,1.81,1.47,4.9,21.1,17.3,27.4,73.0,12.410525332518658,4.889474667481343,14.6,0,0
BASEL,2005-07-19,6,0.72,1.0205,1.99,0.01,3.4,18.8,14.6,22.8,72.0,9.606872373958131,4.993127626041868,13.9,0,0
BASEL,2005-07-20,7,0.63,1.0241,2.04,0.11,3.8,18.7,13.9,22.7,63.0,6.971366762044749,6.9286332379552515,14.8,0,0
BASEL,2005-07-21,4,0.69,1.0197,2.44,0.0,5.7,18.9,14.8,23.1,69.0,9.1655846111096,5.634415388890401,13.1,0,0
BASEL,2005-07-22,5,0.69,1.0149,1.7,0.0,3.5,17.6,13.1,20.0,69.0,7.540363305536531,5.559636694463468,11.8,0,0
BASEL,2005-07-23,5,0.67,1.0119,2.42,0.01,5.9,18.2,11.8,23.3,67.0,5.871381785727688,5.928618214272313,15.9,0,0
BASEL,2005-07-24,7,0.79,1.0102,1.24,0.92,0.4,19.0,15.9,23.7,79.0,12.260019876334741,3.639980123665259,17.4,0,0
BASEL,2005-07-25,7,0.9,1.0107,0.82,0.23,0.2,18.8,17.4,21.0,90.0,15.740630637227222,1.659369362772777,17.2,0,0
BASEL,2005-07-26,6,0.75,1.0123,2.78,0.02,7.9,21.5,17.2,26.8,75.0,12.726561153933513,4.473438846066486,16.9,0,0
BASEL,2005-07-27,2,0.62,1.0105,2.93,0.0,12.2,25.4,16.9,33.6,62.0,9.568938424770296,7.331061575229702,20.4,0,0
BASEL,2005-07-28,3,0.61,1.0115,2.88,0.0,12.4,26.8,20.4,34.6,61.0,12.620524382947298,7.7794756170527,17.3,0,0
BASEL,2005-07-29,6,0.76,1.0137,1.99,1.51,5.1,22.4,17.3,29.7,76.0,13.025749042975985,4.274250957024016,15.2,0,0
BASEL,2005-07-30,6,0.77,1.0164,1.66,0.0,2.8,19.2,15.2,23.4,77.0,11.192385329149245,4.007614670850755,13.5,0,0
BASEL,2005-07-31,5,0.67,1.0166,2.64,0.0,8.1,18.5,13.5,23.7,67.0,7.491288600031867,6.008711399968133,13.1,0,0
BASEL,2005-08-01,5,0.66,1.0167,2.64,0.2,8.4,19.1,13.1,24.5,66.0,6.890832739529837,6.209167260470163,14.5,0,0
BASEL,2005-08-02,8,0.95,1.0179,0.23,1.63,0.0,15.3,14.5,16.2,95.0,13.707748964288427,0.7922510357115726,14.4,0,0
BASEL,2005-08-03,7,0.79,1.0216,1.55,0.08,2.7,17.4,14.4,22.8,79.0,10.802646828689978,3.597353171310022,12.4,0,0
BASEL,2005-08-04,1,0.65,1.0247,3.0,0.0,11.7,17.6,12.4,22.9,65.0,6.003930447068778,6.396069552931222,10.7,0,0
BASEL,2005-08-05,3,0.66,1.0218,2.72,0.13,9.9,18.2,10.7,24.8,66.0,4.607656527019239,6.09234347298076,15.4,0,0
BASEL,2005-08-06,6,0.69,1.0184,1.79,0.0,2.2,18.0,15.4,21.5,69.0,9.739075544901116,5.660924455098884,11.1,0,0
BASEL,2005-08-07,4,0.7,1.016,1.81,0.0,3.8,14.9,11.1,18.2,70.0,5.835421624211876,5.2645783757881235,9.1,0,0
BASEL,2005-08-08,3,0.69,1.0181,2.42,0.0,8.8,14.0,9.1,19.3,69.0,3.714385901262072,5.3856140987379275,8.7,0,0
BASEL,2005-08-09,0,0.63,1.0159,3.03,0.0,13.2,15.8,8.7,23.2,63.0,2.0510210648640492,6.6489789351359505,9.9,0,0
BASEL,2005-08-10,1,0.67,1.0142,2.93,0.0,12.7,17.3,9.9,24.3,67.0,4.060276847000548,5.839723152999452,10.9,0,0
BASEL,2005-08-11,4,0.67,1.0152,2.84,0.0,11.7,16.7,10.9,22.7,67.0,5.013571683949103,5.886428316050897,11.1,0,0
BASEL,2005-08-12,3,0.68,1.0155,2.7,0.3,10.3,18.5,11.1,26.5,68.0,5.417333476770364,5.682666523229636,13.3,0,0
BASEL,2005-08-13,6,0.72,1.0189,2.23,0.0,5.8,17.7,13.3,23.5,72.0,8.357690972393202,4.9423090276067985,12.4,0,0
BASEL,2005-08-14,7,0.82,1.0172,0.82,0.51,1.0,15.0,12.4,20.0,82.0,9.412281607678237,2.9877183923217636,11.5,0,0
BASEL,2005-08-15,8,0.9,1.0208,0.62,0.68,0.0,13.6,11.5,15.4,90.0,9.916261158757562,1.5837388412424378,12.2,0,0
BASEL,2005-08-16,6,0.79,1.0202,1.66,0.0,5.1,16.0,12.2,21.2,79.0,8.664718650301259,3.5352813496987405,10.1,0,0
BASEL,2005-08-17,1,0.7,1.017,2.77,0.0,12.6,18.4,10.1,25.6,70.0,4.877212151951622,5.222787848048378,14.7,0,0
BASEL,2005-08-18,3,0.68,1.0145,2.49,0.0,10.3,20.6,14.7,27.8,68.0,8.853625716859156,5.846374283140843,16.4,0,0
BASEL,2005-08-19,5,0.72,1.0162,1.64,0.1,5.4,19.8,16.4,25.8,72.0,11.336087634396367,5.063912365603631,15.0,0,0
BASEL,2005-08-20,7,0.85,1.0184,0.91,0.26,0.2,16.2,15.0,19.5,85.0,12.496949076795607,2.503050923204393,13.8,0,0
BASEL,2005-08-21,8,0.94,1.0151,0.23,2.2,0.0,15.1,13.8,16.3,94.0,12.8502063091823,0.9497936908177014,15.9,0,0
BASEL,2005-08-22,8,0.9,1.0132,0.44,0.22,0.0,17.1,15.9,19.4,90.0,14.260024877985899,1.6399751220141017,15.2,0,0
BASEL,2005-08-23,7,0.78,1.0157,1.86,0.0,3.7,17.9,15.2,22.0,78.0,11.387255749405762,3.8127442505942373,15.4,0,0
BASEL,2005-08-24,7,0.79,1.0151,1.63,0.0,5.1,18.0,15.4,22.9,79.0,11.774256355995012,3.625743644004988,15.2,0,0
BASEL,2005-08-25,8,0.84,1.0119,0.82,0.47,0.1,17.3,15.2,21.9,84.0,12.512388397350836,2.687611602649163,12.9,0,0
BASEL,2005-08-26,6,0.76,1.0189,1.69,0.0,3.1,16.5,12.9,21.3,76.0,8.770785763287565,4.129214236712436,11.2,0,0
BASEL,2005-08-27,7,0.75,1.0184,1.89,0.0,3.4,16.3,11.2,21.2,75.0,6.93291719906792,4.267082800932079,12.3,0,0
BASEL,2005-08-28,2,0.72,1.0211,2.25,0.0,9.6,17.4,12.3,23.4,72.0,7.3966088109718235,4.903391189028177,11.6,0,0
BASEL,2005-08-29,0,0.75,1.0228,2.51,0.0,12.3,18.5,11.6,25.6,75.0,7.319309105931826,4.280690894068174,14.4,0,0
BASEL,2005-08-30,1,0.75,1.0223,2.44,0.0,12.2,21.2,14.4,28.2,75.0,10.023456432920657,4.376543567079343,16.2,0,0
BASEL,2005-08-31,1,0.71,1.0164,2.41,0.0,12.0,22.6,16.2,29.9,71.0,10.933179081009595,5.266820918990405,17.4,0,0
BASEL,2005-09-01,3,0.73,1.0169,2.04,0.0,8.7,22.0,17.4,26.9,73.0,12.506726492855408,4.89327350714459,17.5,0,0
BASEL,2005-09-02,5,0.78,1.0225,2.02,0.0,7.6,21.4,17.5,27.1,78.0,13.61812260615802,3.8818773938419806,16.4,0,0
BASEL,2005-09-03,3,0.78,1.0239,2.02,0.0,6.8,21.3,16.4,27.0,78.0,12.551262601664963,3.848737398335036,15.4,0,0
BASEL,2005-09-04,1,0.78,1.0216,2.11,0.0,7.5,20.1,15.4,26.0,78.0,11.581268456275545,3.8187315437244553,14.8,0,0
BASEL,2005-09-05,3,0.71,1.0157,1.99,0.01,8.7,19.9,14.8,27.5,71.0,9.590505395365847,5.209494604634154,15.6,0,0
BASEL,2005-09-06,3,0.69,1.0114,2.17,0.0,9.9,20.7,15.6,27.5,69.0,9.930225675287694,5.669774324712305,13.7,0,0
BASEL,2005-09-07,2,0.7,1.0128,2.27,0.0,11.8,20.0,13.7,27.0,70.0,8.32600364097563,5.373996359024369,15.0,0,0
BASEL,2005-09-08,3,0.66,1.0143,2.21,0.12,11.0,21.4,15.0,28.4,66.0,8.697580149736853,6.302419850263147,17.4,0,0
BASEL,2005-09-09,6,0.82,1.0114,1.41,0.04,2.5,19.9,17.4,24.8,82.0,14.292368708812534,3.107631291187465,15.0,0,0
BASEL,2005-09-10,6,0.82,1.0114,1.29,1.83,2.1,18.8,15.0,24.2,82.0,11.950217771321924,3.049782228678076,15.1,0,0
BASEL,2005-09-11,7,0.85,1.011,0.95,0.3,0.8,16.3,15.1,18.7,85.0,12.594977458453057,2.5050225415469427,14.8,0,0
BASEL,2005-09-12,6,0.82,1.0159,1.15,0.0,3.4,16.7,14.8,20.6,82.0,11.75501429005494,3.0449857099450615,14.5,0,0
BASEL,2005-09-13,8,0.9,1.0234,0.57,0.01,0.2,16.5,14.5,18.5,90.0,12.878023974636688,1.6219760253633115,14.1,0,0
BASEL,2005-09-14,8,0.82,1.0251,0.96,0.0,0.3,17.4,14.1,21.0,82.0,11.071772737569487,3.028227262430512,12.8,0,0
BASEL,2005-09-15,7,0.79,1.0204,1.4,0.0,3.0,17.2,12.8,22.0,79.0,9.247842781949357,3.5521572180506436,9.9,0,0
BASEL,2005-09-16,7,0.78,1.0096,1.31,1.6,3.6,16.2,9.9,22.8,78.0,6.244232790543422,3.6557672094565783,6.5,0,0
BASEL,2005-09-17,7,0.81,1.0179,0.55,0.0,0.7,10.3,6.5,14.1,81.0,3.4767953725410132,3.0232046274589868,5.3,0,0
BASEL,2005-09-18,7,0.73,1.0222,0.67,0.0,0.2,9.9,5.3,13.9,73.0,0.8558732336328397,4.44412676636716,6.9,0,0
BASEL,2005-09-19,8,0.78,1.0227,0.87,0.0,0.7,10.1,6.9,13.7,78.0,3.3316466102814344,3.568353389718566,6.2,0,0
BASEL,2005-09-20,3,0.76,1.0239,1.89,0.0,8.2,11.4,6.2,17.3,76.0,2.2869063003916503,3.91309369960835,5.0,0,0
BASEL,2005-09-21,2,0.76,1.0213,1.99,0.0,11.3,11.6,5.0,18.8,76.0,1.125010925548475,3.874989074451525,6.0,0,0
BASEL,2005-09-22,1,0.75,1.0202,1.97,0.0,11.2,12.2,6.0,19.0,75.0,1.907884220253705,4.092115779746295,9.0,0,0
BASEL,2005-09-23,1,0.76,1.0181,1.87,0.0,10.6,15.0,9.0,22.5,76.0,4.99728229336815,4.00271770663185,10.8,0,0
BASEL,2005-09-24,2,0.76,1.0179,1.74,0.0,9.3,15.9,10.8,22.6,76.0,6.739139791734083,4.060860208265917,11.3,0,0
BASEL,2005-09-25,5,0.76,1.0153,1.61,0.0,7.1,16.5,11.3,23.2,76.0,7.222915917421037,4.077084082578963,13.1,0,0
BASEL,2005-09-26,8,0.81,1.0213,0.96,0.0,1.4,16.4,13.1,19.8,81.0,9.912237186815519,3.187762813184481,13.2,0,0
BASEL,2005-09-27,7,0.85,1.0219,0.76,0.0,1.2,15.6,13.2,19.8,85.0,10.732306785048845,2.4676932149511543,12.9,0,0
BASEL,2005-09-28,7,0.79,1.0225,0.77,0.0,1.1,15.1,12.9,18.4,79.0,9.345026286148258,3.5549737138517425,10.0,0,0
BASEL,2005-09-29,7,0.76,1.0222,0.81,0.0,0.8,13.5,10.0,16.6,76.0,5.965031815342599,4.034968184657401,7.8,0,0
BASEL,2005-09-30,6,0.77,1.0256,1.23,0.0,3.1,11.7,7.8,16.0,77.0,4.02173240803642,3.77826759196358,10.4,0,0
BASEL,2005-10-01,8,0.9,1.0181,0.41,1.54,0.0,12.2,10.4,14.0,90.0,8.830167904869283,1.5698320951307174,8.9,0,0
BASEL,2005-10-02,7,0.92,1.0197,0.45,0.8,0.0,10.3,8.9,12.5,92.0,7.670962904445211,1.2290370955547898,9.2,0,0
BASEL,2005-10-03,8,0.94,1.0226,0.15,0.56,0.0,10.0,9.2,10.6,94.0,8.284569283524702,0.9154307164752975,10.3,0,0
BASEL,2005-10-04,8,0.95,1.0205,0.27,0.66,0.0,11.9,10.3,13.0,95.0,9.533876589563322,0.7661234104366788,8.0,0,0
BASEL,2005-10-05,7,0.89,1.0219,0.97,0.01,2.0,12.4,8.0,15.4,89.0,6.2981466505683175,1.7018533494316825,11.7,0,0
BASEL,2005-10-06,8,0.92,1.0215,0.4,0.0,0.0,13.3,11.7,15.3,92.0,10.442965581552972,1.2570344184470272,10.5,0,0
BASEL,2005-10-07,5,0.85,1.0195,1.13,0.0,3.7,13.9,10.5,18.6,85.0,8.0848763695918,2.4151236304081998,9.7,0,0
BASEL,2005-10-08,3,0.83,1.0204,1.53,0.0,8.8,13.9,9.7,19.9,83.0,6.952675579822648,2.7473244201773515,8.9,0,0
BASEL,2005-10-09,3,0.79,1.0237,1.59,0.0,9.2,13.6,8.9,21.1,79.0,5.45682771808735,3.4431722819126502,7.0,0,0
BASEL,2005-10-10,1,0.86,1.0228,1.57,0.0,9.9,12.5,7.0,18.5,86.0,4.819647879404931,2.180352120595069,8.8,0,0
BASEL,2005-10-11,4,0.85,1.0193,1.47,0.0,8.3,13.2,8.8,18.6,85.0,6.4176881785171,2.382311821482901,9.1,0,0
BASEL,2005-10-12,3,0.8,1.0184,1.46,0.0,9.4,13.5,9.1,19.8,80.0,5.832876324578357,3.267123675421643,7.7,0,0
BASEL,2005-10-13,4,0.79,1.0197,1.4,0.0,8.8,12.2,7.7,19.6,79.0,4.290024688470477,3.4099753115295233,5.5,0,0
BASEL,2005-10-14,1,0.78,1.0256,1.43,0.0,8.4,11.3,5.5,19.0,78.0,1.9720830045164415,3.5279169954835585,5.0,0,0
BASEL,2005-10-15,2,0.82,1.0271,1.38,0.0,7.6,10.6,5.0,17.4,82.0,2.1854733580767713,2.8145266419232287,6.5,0,0
BASEL,2005-10-16,2,0.86,1.0253,1.38,0.0,7.6,10.0,6.5,14.8,86.0,4.328509547654088,2.171490452345912,6.8,0,0
BASEL,2005-10-17,4,0.79,1.0225,1.17,0.0,6.2,9.7,6.8,13.4,79.0,3.4148183518164767,3.385181648183523,5.3,0,0
BASEL,2005-10-18,4,0.75,1.0206,1.26,0.0,7.4,7.9,5.3,11.6,75.0,1.231162466309677,4.068837533690322,7.3,0,0
BASEL,2005-10-19,8,0.88,1.0185,0.55,0.37,0.3,9.3,7.3,12.6,88.0,5.444956602735944,1.8550433972640556,8.8,0,0
BASEL,2005-10-20,5,0.87,1.0149,1.08,0.0,4.3,12.7,8.8,18.7,87.0,6.755775707188162,2.0442242928118386,9.9,0,0
BASEL,2005-10-21,5,0.84,1.0099,0.92,0.16,2.4,13.9,9.9,20.1,84.0,7.323282168303537,2.576717831696463,12.7,0,0
BASEL,2005-10-22,7,0.89,1.0097,0.68,1.82,1.7,14.8,12.7,19.4,89.0,10.932648509635557,1.767351490364442,10.2,0,0
BASEL,2005-10-23,7,0.88,1.0174,0.42,0.02,0.6,13.2,10.2,15.6,88.0,8.30095158128629,1.8990484187137096,8.9,0,0
BASEL,2005-10-24,6,0.87,1.0216,0.96,0.0,3.6,12.3,8.9,16.9,87.0,6.854123653867789,2.0458763461322116,9.7,0,0
BASEL,2005-10-25,7,0.7,1.0184,0.84,0.0,2.6,14.7,9.7,21.2,70.0,4.493882721218111,5.206117278781888,10.1,0,0
BASEL,2005-10-26,5,0.7,1.0218,1.04,0.0,7.0,15.8,10.1,21.1,70.0,4.877212151951622,5.222787848048378,7.8,0,0
BASEL,2005-10-27,1,0.79,1.0214,1.2,0.0,9.5,13.4,7.8,20.3,79.0,4.387264330589536,3.4127356694104636,8.2,0,0
BASEL,2005-10-28,1,0.77,1.0204,1.18,0.0,8.9,13.6,8.2,20.9,77.0,4.409505352787052,3.790494647212947,9.7,0,0
BASEL,2005-10-29,2,0.76,1.0196,1.1,0.0,8.5,13.7,9.7,19.5,76.0,5.674720324056993,4.025279675943007,9.2,0,0
BASEL,2005-10-30,1,0.73,1.0182,1.12,0.0,9.0,13.7,9.2,19.9,73.0,4.613423775233214,4.586576224766786,8.1,0,0
BASEL,2005-10-31,7,0.74,1.0144,0.65,0.21,2.2,13.6,8.1,18.6,74.0,3.746885722092466,4.353114277907533,10.3,0,0
BASEL,2005-11-01,7,0.82,1.0196,0.66,0.02,2.1,13.3,10.3,17.0,82.0,7.3619498551492795,2.9380501448507212,8.4,0,0
BASEL,2005-11-02,7,0.83,1.0198,0.53,0.17,0.3,11.9,8.4,15.4,83.0,5.681313529845089,2.7186864701549114,10.6,0,0
BASEL,2005-11-03,2,0.8,1.0185,1.0,0.01,7.6,13.9,10.6,19.6,80.0,7.293307865493121,3.3066921345068785,10.3,0,0
BASEL,2005-11-04,7,0.87,1.0179,0.42,0.89,0.8,12.5,10.3,16.3,87.0,8.230925427772295,2.0690745722277057,5.4,0,0
BASEL,2005-11-05,6,0.82,1.0272,0.7,0.0,2.3,9.6,5.4,12.3,82.0,2.5762422981385984,2.823757701861402,2.9,1,0
BASEL,2005-11-06,2,0.84,1.028,0.93,0.0,6.1,6.6,2.9,11.8,84.0,0.4662014801875444,2.4337985198124557,2.6,1,1
BASEL,2005-11-07,3,0.81,1.0276,0.77,0.0,4.4,7.1,2.6,12.2,81.0,-0.32799035177011887,2.927990351770119,2.8,1,1
BASEL,2005-11-08,3,0.8,1.0246,0.92,0.0,7.1,7.4,2.8,12.9,80.0,-0.30350327301505936,3.1035032730150593,3.6,0,0
BASEL,2005-11-09,5,0.88,1.0249,0.78,0.0,4.7,6.7,3.6,11.4,88.0,1.8003576189905177,1.7996423810094824,5.1,0,0
BASEL,2005-11-10,8,0.9,1.0349,0.16,0.0,0.0,8.8,5.1,10.9,90.0,3.596318878917096,1.5036811210829035,4.9,0,0
BASEL,2005-11-11,6,0.88,1.0309,0.39,0.0,0.2,8.2,4.9,11.3,88.0,3.080987382437477,1.8190126175625232,4.2,0,0
BASEL,2005-11-12,7,0.86,1.02,0.59,0.0,1.9,7.2,4.2,10.8,86.0,2.0690428533236753,2.130957146676325,2.9,1,0
BASEL,2005-11-13,4,0.9,1.0205,0.78,0.0,4.5,5.8,2.9,9.4,90.0,1.4233621388934683,1.4766378611065316,3.9,0,0
BASEL,2005-11-14,8,0.83,1.0237,0.15,0.0,0.0,4.7,3.9,6.1,83.0,1.2792988810176542,2.6207011189823457,3.1,0,0
BASEL,2005-11-15,6,0.86,1.0145,0.74,0.0,4.5,5.0,3.1,7.8,86.0,0.9882945430343689,2.1117054569656313,4.0,0,0
BASEL,2005-11-16,8,0.88,1.0068,0.19,0.1,0.0,5.9,4.0,8.3,88.0,2.194408507173694,1.8055914928263062,-0.5,1,1
BASEL,2005-11-17,4,0.82,1.0154,0.57,0.0,2.9,2.9,-0.5,7.0,82.0,-3.18911471455068,2.68911471455068,-1.7,1,1
BASEL,2005-11-18,7,0.81,1.0223,0.5,0.0,1.6,2.1,-1.7,5.3,81.0,-4.524755144849845,2.8247551448498447,-2.8,1,1
BASEL,2005-11-19,1,0.9,1.0302,0.71,0.01,4.3,-0.5,-2.8,3.0,90.0,-4.20770592043225,1.4077059204322504,-3.9,1,1
BASEL,2005-11-20,6,0.84,1.0335,0.76,0.0,5.6,-0.4,-3.9,3.9,84.0,-6.198828482647877,2.298828482647877,-3.7,1,1
BASEL,2005-11-21,5,0.8,1.0309,0.36,0.0,2.4,1.0,-3.7,4.6,80.0,-6.639038364562881,2.9390383645628813,-1.2,1,1
BASEL,2005-11-22,2,0.68,1.032,0.83,0.0,7.3,1.5,-1.2,4.6,68.0,-6.340488303951011,5.1404883039510105,-2.4,1,1
BASEL,2005-11-23,6,0.67,1.0291,0.36,0.0,2.4,0.7,-2.4,3.6,67.0,-7.680122151956087,5.280122151956087,-4.9,1,1
BASEL,2005-11-24,5,0.66,1.0186,0.73,0.32,6.1,-2.2,-4.9,-0.2,66.0,-10.259405395286395,5.3594053952863945,-2.1,1,1
BASEL,2005-11-25,4,0.78,0.9979,0.69,0.1,4.8,0.5,-2.1,3.1,78.0,-5.412368977567974,3.312368977567974,-3.8,1,1
BASEL,2005-11-26,4,0.77,0.9974,0.7,0.0,7.0,-1.3,-3.8,3.3,77.0,-7.232148680452455,3.432148680452455,-5.7,1,1
BASEL,2005-11-27,7,0.81,0.9998,0.3,0.01,0.0,-1.4,-5.7,2.5,81.0,-8.430366119279109,2.7303661192791084,1.2,1,1
BASEL,2005-11-28,8,0.8,1.0037,0.21,0.8,0.0,2.2,1.2,3.8,80.0,-1.862609545195115,3.062609545195115,0.5,1,1
BASEL,2005-11-29,8,0.96,1.007,0.19,0.61,0.0,1.9,0.5,3.1,96.0,-0.06289670670803936,0.5628967067080394,0.3,1,1
BASEL,2005-11-30,8,0.92,1.0149,0.16,0.02,0.0,1.3,0.3,2.2,92.0,-0.8450072921326347,1.1450072921326346,-1.5,1,1
BASEL,2005-12-01,4,0.83,1.0121,0.55,0.0,3.3,0.7,-1.5,3.1,83.0,-4.005467231644105,2.505467231644105,-2.9,1,1
BASEL,2005-12-02,6,0.8,1.0031,0.31,0.42,0.9,-0.1,-2.9,2.7,80.0,-5.8590416438147415,2.9590416438147416,1.0,1,1
BASEL,2005-12-03,7,0.81,1.0044,0.34,0.0,0.0,4.7,1.0,8.8,81.0,-1.8893634418933225,2.8893634418933223,7.4,0,0
BASEL,2005-12-04,8,0.6,1.0027,0.19,0.09,0.0,9.6,7.4,11.5,60.0,0.1457930662620891,7.254206933737911,3.4,0,0
BASEL,2005-12-05,7,0.76,1.0035,0.35,0.04,1.4,6.2,3.4,8.7,76.0,-0.42446829868238434,3.824468298682384,0.7,1,1
BASEL,2005-12-06,5,0.87,1.0085,0.32,0.27,0.7,3.1,0.7,6.0,87.0,-1.2126062246170637,1.9126062246170636,1.7,1,1
BASEL,2005-12-07,8,0.86,1.0186,0.18,0.08,0.0,3.3,1.7,5.0,86.0,-0.3873285462476438,2.087328546247644,0.4,1,1
BASEL,2005-12-08,8,0.92,1.019,0.14,0.87,0.1,2.2,0.4,3.2,92.0,-0.7459673688058754,1.1459673688058754,-0.3,1,1
BASEL,2005-12-09,8,0.93,1.0317,0.12,0.0,0.0,2.0,-0.3,4.0,93.0,-1.2921614232631025,0.9921614232631024,-1.5,1,1
BASEL,2005-12-10,4,0.81,1.0383,0.49,0.0,3.6,0.5,-1.5,3.0,81.0,-4.32951619300043,2.82951619300043,-5.1,1,1
BASEL,2005-12-11,5,0.94,1.0371,0.23,0.0,0.0,-3.6,-5.1,-0.7,94.0,-5.912635879551739,0.8126358795517392,-5.3,1,1
BASEL,2005-12-12,3,0.9,1.0312,0.47,0.0,3.3,-3.8,-5.3,-1.2,90.0,-6.67798931897746,1.37798931897746,-4.5,1,1
BASEL,2005-12-13,7,0.88,1.0318,0.1,0.0,0.0,-0.8,-4.5,1.5,88.0,-6.181269761185996,1.6812697611859964,-1.5,1,1
BASEL,2005-12-14,8,0.74,1.0277,0.17,0.0,0.0,0.9,-1.5,2.6,74.0,-5.522505033398268,4.022505033398268,-3.3,1,1
BASEL,2005-12-15,5,0.8,1.0248,0.52,0.0,2.1,1.3,-3.3,4.6,80.0,-6.249031631075111,2.949031631075111,3.9,0,0
BASEL,2005-12-16,8,0.76,1.0128,0.06,0.69,0.0,5.6,3.9,7.3,76.0,0.05977900104606919,3.8402209989539307,-0.3,1,1
BASEL,2005-12-17,8,0.79,1.014,0.25,0.01,0.1,1.3,-0.3,4.0,79.0,-3.4927162621487673,3.1927162621487675,-0.8,1,1
BASEL,2005-12-18,7,0.75,1.0251,0.32,0.0,0.3,0.2,-0.8,1.4,75.0,-4.66874858518834,3.8687485851883405,-2.1,1,1
BASEL,2005-12-19,7,0.78,1.0289,0.25,0.09,0.0,-0.2,-2.1,1.5,78.0,-5.412368977567974,3.312368977567974,-1.0,1,1
BASEL,2005-12-20,8,0.87,1.0335,0.21,0.0,0.0,0.0,-1.0,0.8,87.0,-2.8855342461285267,1.8855342461285267,-1.6,1,1
BASEL,2005-12-21,8,0.79,1.035,0.11,0.0,0.0,-0.4,-1.6,0.7,79.0,-4.758078012584202,3.1580780125842023,-0.7,1,1
BASEL,2005-12-22,7,0.76,1.0345,0.31,0.0,0.0,0.5,-0.7,1.8,76.0,-4.396498234604939,3.696498234604939,-0.6,1,1
BASEL,2005-12-23,5,0.84,1.0305,0.24,0.0,0.1,1.9,-0.6,4.9,84.0,-2.9638526197787414,2.3638526197787413,-1.8,1,1
BASEL,2005-12-24,8,0.92,1.027,0.2,0.0,0.0,0.8,-1.8,2.7,92.0,-2.92493817844044,1.1249381784404398,0.6,1,1
BASEL,2005-12-25,8,0.86,1.0216,0.17,0.0,0.0,2.5,0.6,4.0,86.0,-1.4682736748753007,2.0682736748753006,-2.4,1,1
BASEL,2005-12-26,8,0.85,1.014,0.36,0.0,0.9,1.0,-2.4,2.9,85.0,-4.571697653055831,2.171697653055831,-6.2,1,1
BASEL,2005-12-27,7,0.82,1.0067,0.21,0.12,0.0,-2.0,-6.2,0.0,82.0,-8.762124806833919,2.5621248068339186,-8.0,1,1
BASEL,2005-12-28,8,0.83,1.0112,0.31,0.03,0.0,-5.4,-8.0,-3.5,83.0,-10.370160316025347,2.3701603160253466,-7.0,1,1
BASEL,2005-12-29,7,0.81,1.0187,0.39,0.0,0.7,-4.0,-7.0,-1.9,81.0,-9.70003097455955,2.7000309745595494,-9.7,1,1
BASEL,2005-12-30,4,0.86,1.0176,0.56,0.79,3.9,-6.2,-9.7,-2.4,86.0,-11.594054916215942,1.8940549162159428,-2.4,1,1
BASEL,2005-12-31,8,0.9,1.0075,0.24,0.58,0.6,3.8,-2.4,9.1,90.0,-3.812489818608405,1.412489818608405,2.7,1,1
BASEL,2006-01-01,5,0.77,1.0076,0.46,0.02,3.1,4.6,2.7,7.8,77.0,-0.9240778518532077,3.6240778518532077,1.8,1,0
BASEL,2006-01-02,8,0.93,1.0187,0.07,0.0,0.0,2.9,1.8,3.9,93.0,0.7902452890124292,1.0097547109875709,1.3,1,1
BASEL,2006-01-03,8,0.9,1.0285,0.25,0.0,0.0,2.2,1.3,3.4,90.0,-0.15712322638929854,1.4571232263892986,-1.6,1,1
BASEL,2006-01-04,7,0.88,1.0258,0.26,0.0,0.0,0.2,-1.6,1.4,88.0,-3.3231907261250204,1.7231907261250203,-1.3,1,1
BASEL,2006-01-05,4,0.71,1.0179,0.63,0.0,5.1,0.7,-1.3,2.7,71.0,-5.872350062797232,4.572350062797232,-3.2,1,1
BASEL,2006-01-06,2,0.79,1.0209,0.49,0.0,3.3,-1.8,-3.2,0.2,79.0,-6.315702214503977,3.115702214503977,-4.5,1,1
BASEL,2006-01-07,2,0.81,1.0263,0.45,0.0,0.6,-2.6,-4.5,-0.4,81.0,-7.258516414142335,2.758516414142335,-4.3,1,1
BASEL,2006-01-08,2,0.8,1.0283,0.57,0.0,2.9,-2.8,-4.3,-0.4,80.0,-7.224079866330484,2.9240798663304846,-6.7,1,1
BASEL,2006-01-09,1,0.84,1.0305,0.67,0.0,6.2,-3.6,-6.7,0.0,84.0,-8.944360716124715,2.2443607161247145,-7.8,1,1
BASEL,2006-01-10,1,0.86,1.0332,0.69,0.0,6.8,-4.0,-7.8,-0.2,86.0,-9.725620724503052,1.9256207245030525,-6.0,1,1
BASEL,2006-01-11,1,0.81,1.0332,0.72,0.0,7.2,-3.6,-6.0,0.0,81.0,-8.72335083785455,2.72335083785455,-4.6,1,1
BASEL,2006-01-12,7,0.8,1.0333,0.5,0.0,0.0,-2.1,-4.6,1.2,80.0,-7.516614748891517,2.9166147488915177,-6.7,1,1
BASEL,2006-01-13,1,0.83,1.0324,0.76,0.0,7.0,-4.0,-6.7,0.0,83.0,-9.09692436747497,2.396924367474969,-6.9,1,1
BASEL,2006-01-14,0,0.84,1.0321,0.73,0.0,6.9,-5.2,-6.9,-1.8,84.0,-9.14049490663856,2.2404949066385598,-7.8,1,1
BASEL,2006-01-15,0,0.81,1.0269,0.75,0.0,7.0,-5.0,-7.8,-0.9,81.0,-10.481446435903827,2.681446435903827,-7.7,1,1
BASEL,2006-01-16,3,0.8,1.0236,0.65,0.1,4.6,-3.9,-7.7,-0.7,80.0,-10.540026979296709,2.8400269792967086,-1.1,1,1
BASEL,2006-01-17,8,0.87,1.0136,0.13,0.2,0.0,2.4,-1.1,6.7,87.0,-2.983947738095126,1.883947738095126,3.5,0,0
BASEL,2006-01-18,8,0.87,1.015,0.08,0.15,0.0,5.2,3.5,6.7,87.0,1.5423874086716152,1.9576125913283848,-0.3,1,1
BASEL,2006-01-19,8,0.9,1.0256,0.59,0.0,3.3,2.8,-0.3,5.6,90.0,-1.7377376121547092,1.4377376121547092,-0.9,1,1
BASEL,2006-01-20,4,0.79,1.0254,0.77,0.03,5.9,3.6,-0.9,7.5,79.0,-4.076706217961399,3.176706217961399,1.4,1,1
BASEL,2006-01-21,4,0.78,1.0267,0.55,0.05,2.6,4.4,1.4,7.3,78.0,-2.01080264490032,3.4108026449003197,0.1,1,1
BASEL,2006-01-22,7,0.89,1.0328,0.3,0.0,0.0,1.8,0.1,3.7,89.0,-1.4945283809957373,1.5945283809957373,-4.1,1,1
BASEL,2006-01-23,4,0.72,1.0356,0.89,0.0,6.0,-2.1,-4.1,0.0,72.0,-8.386682782285154,4.286682782285155,-6.4,1,1
BASEL,2006-01-24,1,0.71,1.0338,0.84,0.0,6.9,-4.8,-6.4,-2.2,71.0,-10.779021211833888,4.379021211833887,-6.8,1,1
BASEL,2006-01-25,5,0.78,1.0229,0.61,0.1,1.4,-2.4,-6.8,2.0,78.0,-9.982422422328597,3.182422422328597,-3.0,1,1
BASEL,2006-01-26,8,0.9,1.0156,0.26,0.13,0.0,-1.6,-3.0,0.1,90.0,-4.405316996195296,1.405316996195296,-7.5,1,1
BASEL,2006-01-27,8,0.93,1.0202,0.24,0.0,0.0,-5.8,-7.5,-2.9,93.0,-8.433010641959008,0.9330106419590081,-8.6,1,1
BASEL,2006-01-28,8,0.89,1.0219,0.49,0.0,0.0,-6.5,-8.6,-4.6,89.0,-10.080352987207927,1.4803529872079277,-7.8,1,1
BASEL,2006-01-29,7,0.87,1.0256,0.56,0.0,0.7,-4.8,-7.8,-1.6,87.0,-9.57916100018022,1.7791610001802196,-8.3,1,1
BASEL,2006-01-30,1,0.85,1.0266,0.82,0.0,6.0,-4.4,-8.3,0.3,85.0,-10.364632941946967,2.0646329419469662,-8.1,1,1
BASEL,2006-01-31,1,0.85,1.0259,0.86,0.0,5.9,-3.8,-8.1,1.8,85.0,-10.168218340072993,2.0682183400729937,-8.6,1,1
BASEL,2006-02-01,1,0.86,1.025,0.86,0.0,5.9,-3.5,-8.6,1.7,86.0,-10.512298328699913,1.9122983286999133,-5.6,1,1
BASEL,2006-02-02,8,0.93,1.0223,0.58,0.0,2.2,-3.7,-5.6,-0.2,93.0,-6.548444039723105,0.9484440397231051,-7.2,1,1
BASEL,2006-02-03,8,0.95,1.0211,0.28,0.0,0.0,-5.6,-7.2,-4.4,95.0,-7.861960251921084,0.6619602519210837,-7.5,1,1
BASEL,2006-02-04,8,0.88,1.0261,0.16,0.0,0.0,-6.0,-7.5,-4.4,88.0,-9.138442595000317,1.638442595000317,-4.7,1,1
BASEL,2006-02-05,7,0.77,1.03,0.8,0.0,3.6,-2.4,-4.7,0.4,77.0,-8.105979369066393,3.405979369066393,-1.7,1,1
BASEL,2006-02-06,7,0.75,1.0293,0.66,0.0,0.8,0.5,-1.7,3.5,75.0,-5.539647336700268,3.839647336700268,-0.3,1,1
BASEL,2006-02-07,8,0.78,1.0262,0.2,0.0,0.0,2.9,-0.3,4.2,78.0,-3.6628145573755964,3.3628145573755965,1.5,1,1
BASEL,2006-02-08,8,0.76,1.0144,0.17,0.09,0.0,3.0,1.5,4.7,76.0,-2.2648986358929672,3.7648986358929672,-0.3,1,1
BASEL,2006-02-09,7,0.8,1.0142,0.44,0.1,0.6,1.9,-0.3,4.5,80.0,-3.3245148414360277,3.024514841436028,-0.4,1,1
BASEL,2006-02-10,7,0.72,1.0212,0.66,0.0,1.5,0.8,-0.4,2.9,72.0,-4.82226674154826,4.42226674154826,-3.0,1,1
BASEL,2006-02-11,7,0.8,1.027,0.88,0.0,2.8,0.1,-3.0,2.7,80.0,-5.95653757073,2.95653757073,-5.5,1,1
BASEL,2006-02-12,3,0.79,1.0285,0.95,0.0,3.2,-2.3,-5.5,1.1,79.0,-8.55528184156966,3.055281841569659,-4.8,1,1
BASEL,2006-02-13,4,0.73,1.0254,1.02,0.0,4.2,-0.8,-4.8,2.5,73.0,-8.885480291209836,4.085480291209836,0.7,1,1
BASEL,2006-02-14,6,0.72,1.0225,0.77,0.16,1.9,3.6,0.7,7.6,72.0,-3.762974908698971,4.462974908698971,2.2,1,0
BASEL,2006-02-15,8,0.87,1.0111,0.18,1.0,0.0,4.8,2.2,8.4,87.0,0.26334778547414006,1.9366522145258602,5.2,0,0
BASEL,2006-02-16,8,0.79,0.9967,0.54,0.72,1.1,8.3,5.2,11.2,79.0,1.8586756871894217,3.3413243128105785,4.0,0,0
BASEL,2006-02-17,6,0.72,1.001,0.52,0.41,1.1,5.5,4.0,7.7,72.0,-0.5861971235665782,4.586197123566578,3.9,0,0
BASEL,2006-02-18,7,0.68,1.0028,1.0,0.18,4.5,6.8,3.9,10.4,68.0,-1.4620694024346417,5.362069402434642,2.2,1,1
BASEL,2006-02-19,6,0.76,1.0013,0.44,0.02,0.2,5.3,2.2,8.0,76.0,-1.5867918165197625,3.786791816519763,2.0,1,1
BASEL,2006-02-20,7,0.81,1.0049,0.77,0.38,2.6,5.5,2.0,9.5,81.0,-0.9134755703562337,2.913475570356234,0.7,1,1
BASEL,2006-02-21,4,0.77,1.0111,1.0,0.0,4.0,4.8,0.7,10.7,77.0,-2.8644749389048862,3.564474938904886,1.4,1,1
BASEL,2006-02-22,8,0.87,1.0189,0.24,0.0,0.0,3.1,1.4,4.3,87.0,-0.523809143897828,1.9238091438978278,0.0,1,1
BASEL,2006-02-23,8,0.9,1.0188,0.13,0.01,0.0,0.7,0.0,2.0,90.0,-1.441362586364565,1.441362586364565,-0.5,1,1
BASEL,2006-02-24,8,0.86,1.0125,0.24,0.02,0.0,0.6,-0.5,2.4,86.0,-2.549305420604905,2.049305420604905,-1.2,1,1
BASEL,2006-02-25,8,0.86,1.0114,0.34,0.34,0.0,0.0,-1.2,1.1,86.0,-3.237279816266153,2.037279816266153,-2.7,1,1
BASEL,2006-02-26,8,0.91,1.0157,0.21,0.12,0.0,-1.6,-2.7,-0.8,91.0,-3.961934061920564,1.261934061920564,-7.7,1,1
BASEL,2006-02-27,3,0.72,1.0177,1.52,0.0,8.4,-2.1,-7.7,2.1,72.0,-11.85675260129911,4.15675260129911,-4.6,1,1
BASEL,2006-02-28,8,0.75,1.0099,0.57,0.03,0.0,-0.9,-4.6,2.9,75.0,-8.346611940952863,3.7466119409528638,-3.9,1,1
BASEL,2006-03-01,4,0.69,1.01,1.2,0.06,4.1,-0.8,-3.9,1.5,69.0,-8.738752614360386,4.838752614360386,-5.8,1,1
BASEL,2006-03-02,6,0.77,1.0091,0.73,0.67,1.8,-2.1,-5.8,3.1,77.0,-9.174128674531083,3.3741286745310832,-1.1,1,1
BASEL,2006-03-03,7,0.74,0.9991,0.9,0.63,1.1,5.1,-1.1,10.1,74.0,-5.136024234551671,4.036024234551672,-1.6,1,1
BASEL,2006-03-04,8,0.94,0.9992,0.23,5.36,0.0,0.2,-1.6,4.8,94.0,-2.4372318013218344,0.8372318013218343,-2.4,1,1
BASEL,2006-03-05,6,0.84,1.0093,1.24,0.1,3.8,-1.0,-2.4,1.7,84.0,-4.728273604550575,2.3282736045505747,-2.4,1,1
BASEL,2006-03-06,6,0.81,1.0188,0.91,0.0,1.8,0.0,-2.4,2.5,81.0,-5.208122668755186,2.808122668755186,-1.9,1,1
BASEL,2006-03-07,6,0.7,1.0227,1.5,0.0,4.0,0.4,-1.9,3.2,70.0,-6.6340285822254295,4.734028582225429,-2.1,1,1
BASEL,2006-03-08,8,0.86,1.0114,0.36,0.67,0.0,1.5,-2.1,8.3,86.0,-4.121869876242064,2.021869876242064,5.8,0,0
BASEL,2006-03-09,8,0.74,1.0062,0.92,0.38,0.3,8.1,5.8,10.7,74.0,1.527262445397919,4.272737554602081,0.9,1,1
BASEL,2006-03-10,6,0.83,1.0085,0.83,1.03,2.2,3.8,0.9,7.9,83.0,-1.6563658852755287,2.556365885275529,-0.6,1,1
BASEL,2006-03-11,7,0.83,1.0107,0.48,0.07,0.3,2.4,-0.6,4.3,83.0,-3.124494888378235,2.5244948883782348,-4.5,1,1
BASEL,2006-03-12,3,0.71,1.0272,0.99,0.02,3.7,-3.1,-4.5,-0.6,71.0,-8.950566968994279,4.450566968994279,-5.4,1,1
BASEL,2006-03-13,2,0.58,1.0286,1.94,0.0,9.1,-2.0,-5.4,2.1,57.99999999999999,-12.346577583146628,6.946577583146627,-4.9,1,1
BASEL,2006-03-14,1,0.6,1.0245,1.92,0.0,10.6,-0.2,-4.9,5.3,60.0,-11.454126179606519,6.554126179606518,-4.0,1,1
BASEL,2006-03-15,3,0.67,1.0195,1.72,0.0,8.8,1.1,-4.0,5.5,67.0,-9.209353310812963,5.209353310812963,-0.1,1,1
BASEL,2006-03-16,8,0.67,1.0205,0.6,0.0,0.0,1.4,-0.1,3.6,67.0,-5.482669790895714,5.382669790895714,-0.8,1,1
BASEL,2006-03-17,3,0.59,1.0203,1.84,0.0,8.9,2.4,-0.8,6.8,59.0,-7.800253564802614,7.000253564802614,-0.3,1,1
BASEL,2006-03-18,3,0.61,1.0161,1.5,0.0,5.8,2.9,-0.3,7.1,61.0,-6.89761348538878,6.59761348538878,-0.8,1,1
BASEL,2006-03-19,1,0.61,1.0121,1.97,0.0,10.2,4.4,-0.8,11.0,61.0,-7.370236195707522,6.570236195707523,-0.8,1,1
BASEL,2006-03-20,3,0.68,1.0099,1.66,0.26,7.2,7.0,-0.8,15.4,68.0,-5.9577019440714905,5.157701944071491,6.0,0,0
BASEL,2006-03-21,7,0.87,1.0065,0.62,0.32,0.2,8.3,6.0,10.5,87.0,4.001764506797057,1.9982354932029427,3.1,0,0
BASEL,2006-03-22,8,0.94,1.0078,0.4,0.32,0.0,4.8,3.1,7.8,94.0,2.229164648604493,0.8708353513955069,2.0,1,1
BASEL,2006-03-23,8,0.86,1.0098,0.83,0.04,0.2,4.6,2.0,8.6,86.0,-0.09254036070064231,2.0925403607006423,3.7,0,0
BASEL,2006-03-24,6,0.81,1.0055,0.93,0.61,3.4,7.2,3.7,13.8,81.0,0.7453066938175738,2.9546933061824263,9.1,0,0
BASEL,2006-03-25,7,0.67,1.013,1.03,0.08,0.8,12.5,9.1,15.8,67.0,3.2975102057302483,5.802489794269752,10.7,0,0
BASEL,2006-03-26,7,0.67,1.0152,1.65,0.0,5.5,15.3,10.7,22.2,67.0,4.82292724453519,5.877072755464809,10.3,0,0
BASEL,2006-03-27,7,0.66,1.0108,1.27,0.35,3.3,15.0,10.3,22.7,66.0,4.2270219512856615,6.072978048714339,4.3,0,0
BASEL,2006-03-28,8,0.82,1.0109,0.38,0.93,0.1,8.8,4.3,11.8,82.0,1.501591768579351,2.798408231420649,4.1,0,0
BASEL,2006-03-29,6,0.71,1.0152,1.16,0.1,2.4,8.5,4.1,13.1,71.0,-0.6815124076919788,4.781512407691978,5.7,0,0
BASEL,2006-03-30,8,0.77,1.0136,0.4,1.12,0.0,10.8,5.7,14.4,77.0,1.9856053503660667,3.7143946496339337,8.3,0,0
BASEL,2006-03-31,4,0.62,1.0157,1.48,0.0,4.6,13.3,8.3,17.9,62.0,1.4491746343179543,6.850825365682047,7.2,0,0
BASEL,2006-04-01,6,0.7,1.0158,1.35,0.1,4.8,11.4,7.2,18.9,70.0,2.097482684391389,5.102517315608611,8.2,0,0
BASEL,2006-04-02,5,0.75,1.0167,1.32,0.45,3.1,11.3,8.2,16.5,75.0,4.034299101660816,4.165700898339184,5.7,0,0
BASEL,2006-04-03,3,0.68,1.021,1.76,0.0,6.7,9.4,5.7,12.9,68.0,0.25863432177862294,5.441365678221377,3.4,0,0
BASEL,2006-04-04,4,0.61,1.0154,2.19,0.62,10.1,8.9,3.4,14.9,61.0,-3.401924259197431,6.801924259197431,0.3,1,1
BASEL,2006-04-05,8,0.92,1.0103,0.23,2.49,0.0,2.1,0.3,6.5,92.0,-0.8450072921326347,1.1450072921326346,-0.5,1,1
BASEL,2006-04-06,4,0.7,1.0162,1.75,0.0,5.0,3.7,-0.5,8.6,70.0,-5.289838597922668,4.789838597922668,-0.9,1,1
BASEL,2006-04-07,0,0.59,1.0166,2.52,0.0,12.3,5.6,-0.9,11.9,59.0,-7.894432175653452,6.9944321756534515,1.1,1,1
BASEL,2006-04-08,3,0.55,1.0134,2.44,0.09,11.6,9.5,1.1,17.8,55.00000000000001,-6.9257020383285255,8.025702038328525,3.0,1,0
BASEL,2006-04-09,8,0.86,1.0138,0.39,4.22,0.0,6.4,3.0,9.6,86.0,0.8900404029109394,2.109959597089061,0.4,1,1
BASEL,2006-04-10,7,0.93,1.0129,0.33,1.57,0.0,2.8,0.4,4.6,93.0,-0.5980087449516802,0.9980087449516802,2.3,1,1
BASEL,2006-04-11,6,0.71,1.02,1.89,0.02,4.3,5.0,2.3,9.0,71.0,-2.411282136462109,4.711282136462109,3.1,0,0
BASEL,2006-04-12,8,0.8,1.0173,0.47,0.18,0.1,5.2,3.1,8.2,80.0,-0.01120064899755375,3.1112006489975537,3.6,0,0
BASEL,2006-04-13,8,0.82,1.0186,0.44,0.52,0.0,7.2,3.6,9.9,82.0,0.8176644277425633,2.7823355722574368,7.6,0,0
BASEL,2006-04-14,6,0.69,1.017,1.74,0.0,5.7,11.3,7.6,15.9,69.0,2.2789465619384908,5.321053438061509,4.3,0,0
BASEL,2006-04-15,8,0.82,1.0134,0.7,0.1,0.4,10.3,4.3,15.4,82.0,1.501591768579351,2.798408231420649,9.2,0,0
BASEL,2006-04-16,6,0.74,1.0154,0.97,0.01,1.0,11.7,9.2,15.7,74.0,4.808184649629536,4.3918153503704636,6.6,0,0
BASEL,2006-04-17,7,0.81,1.0147,1.4,0.39,1.6,10.7,6.6,15.3,81.0,3.574334197516884,3.0256658024831156,7.6,0,0
BASEL,2006-04-18,6,0.67,1.0152,2.18,0.0,7.1,11.8,7.6,16.7,67.0,1.8670093476153171,5.732990652384682,4.2,0,0
BASEL,2006-04-19,6,0.64,1.0154,2.39,0.0,10.4,10.9,4.2,17.5,64.0,-1.9985615538150943,6.198561553815095,6.0,0,0
BASEL,2006-04-20,3,0.62,1.0153,2.58,0.0,10.2,12.9,6.0,19.7,62.0,-0.7250704105160337,6.725070410516034,7.5,0,0
BASEL,2006-04-21,1,0.55,1.0148,2.63,0.0,12.0,15.2,7.5,23.0,55.00000000000001,-0.9540402877197288,8.454040287719728,8.9,0,0
BASEL,2006-04-22,4,0.58,1.0159,2.17,0.1,6.9,15.0,8.9,22.2,57.99999999999999,1.086243061376001,7.813756938624,9.0,0,0
BASEL,2006-04-23,4,0.6,1.0154,2.7,0.0,11.6,15.1,9.0,21.1,60.0,1.6521934158164728,7.347806584183527,7.1,0,0
BASEL,2006-04-24,4,0.56,1.0162,2.54,0.07,10.3,15.5,7.1,24.3,56.00000000000001,-1.0814584995064256,8.181458499506425,11.2,0,0
BASEL,2006-04-25,7,0.84,1.0183,1.35,2.0,1.0,14.2,11.2,19.2,84.0,8.596295783825772,2.6037042161742274,10.9,0,0
BASEL,2006-04-26,8,0.86,1.019,1.08,1.18,1.1,13.0,10.9,17.3,86.0,8.649913178346262,2.2500868216537384,10.4,0,0
BASEL,2006-04-27,8,0.88,1.0179,1.25,0.77,2.5,12.8,10.4,16.8,88.0,8.497897883979078,1.902102116020922,8.8,0,0
BASEL,2006-04-28,8,0.81,1.0163,0.64,0.17,0.0,11.0,8.8,14.2,81.0,5.7199381663891895,3.080061833610811,1.7,1,1
BASEL,2006-04-29,7,0.62,1.0158,0.95,0.0,0.9,7.1,1.7,9.9,62.0,-4.7930027377709425,6.493002737770943,-0.6,1,1
BASEL,2006-04-30,5,0.57,1.0141,2.33,0.0,7.2,7.0,-0.6,13.2,56.99999999999999,-8.055791152787208,7.455791152787208,4.9,0,0
BASEL,2006-05-01,7,0.54,1.0118,1.9,0.0,3.8,11.3,4.9,16.2,54.0,-3.6238986582430885,8.52389865824309,8.0,0,0
BASEL,2006-05-02,6,0.55,1.0145,2.75,0.0,11.6,15.2,8.0,22.6,55.00000000000001,-0.4879568266062296,8.48795682660623,9.0,0,0
BASEL,2006-05-03,6,0.53,1.0163,2.7,0.0,10.9,17.2,9.0,25.8,53.0,-0.0666225315386966,9.066622531538696,9.2,0,0
BASEL,2006-05-04,5,0.56,1.0154,2.84,0.16,11.6,18.5,9.2,25.6,56.00000000000001,0.8799566243726676,8.320043375627332,13.3,0,0
BASEL,2006-05-05,7,0.75,1.0191,1.41,0.8,1.5,16.7,13.3,22.5,75.0,8.961237214972853,4.338762785027148,11.8,0,0
BASEL,2006-05-06,7,0.78,1.0184,1.8,0.0,1.1,15.2,11.8,20.0,78.0,8.0883317711098,3.7116682288902005,10.1,0,0
BASEL,2006-05-07,7,0.81,1.017,1.63,0.25,3.1,14.1,10.1,19.9,81.0,6.987570133370575,3.112429866629425,8.2,0,0
BASEL,2006-05-08,8,0.9,1.0143,0.8,2.68,0.1,12.2,8.2,14.7,90.0,6.657798572297749,1.54220142770225,6.9,0,0
BASEL,2006-05-09,8,0.87,1.0176,0.75,0.48,0.0,8.6,6.9,10.9,87.0,4.887038980884082,2.0129610191159184,6.7,0,0
BASEL,2006-05-10,7,0.78,1.0173,1.43,0.0,3.4,10.5,6.7,13.3,78.0,3.137437138927704,3.5625628610722964,6.7,0,0
BASEL,2006-05-11,3,0.72,1.0164,2.83,0.0,9.8,14.0,6.7,21.5,72.0,2.0117606615540864,4.688239338445914,8.5,0,0
BASEL,2006-05-12,6,0.68,1.0178,1.91,0.49,5.3,15.4,8.5,22.3,68.0,2.9341539709858435,5.565846029014157,11.6,0,0
BASEL,2006-05-13,7,0.81,1.0196,2.11,1.88,5.1,14.8,11.6,21.2,81.0,8.450014833687593,3.1499851663124065,10.5,0,0
BASEL,2006-05-14,4,0.7,1.0217,2.46,0.0,7.6,15.0,10.5,20.8,70.0,5.260515500308807,5.239484499691193,8.9,0,0
BASEL,2006-05-15,7,0.69,1.0176,2.32,0.0,4.1,17.2,8.9,24.1,69.0,3.523015989192838,5.3769840108071625,14.8,0,0
BASEL,2006-05-16,7,0.88,1.0186,0.89,0.39,0.5,16.5,14.8,19.9,88.0,12.830100729162028,1.9698992708379723,14.8,0,0
BASEL,2006-05-17,7,0.72,1.0192,2.14,0.0,3.6,19.1,14.8,23.7,72.0,9.799031516264346,5.0009684837356545,10.5,0,0
BASEL,2006-05-18,8,0.89,1.0164,0.39,1.62,0.4,15.8,10.5,18.5,89.0,8.763460093349986,1.7365399066500142,9.9,0,0
BASEL,2006-05-19,6,0.63,1.0166,2.42,0.0,5.2,14.7,9.9,19.8,63.0,3.1869827926278598,6.713017207372141,10.2,0,0
BASEL,2006-05-20,6,0.64,1.0082,1.33,0.06,2.8,14.3,10.2,18.6,64.0,3.6942661285209315,6.505733871479068,10.8,0,0
BASEL,2006-05-21,7,0.63,1.0094,1.83,0.08,4.0,15.3,10.8,20.8,63.0,4.038758195891716,6.761241804108285,11.5,0,0
BASEL,2006-05-22,5,0.7,1.0077,1.44,0.41,2.6,15.1,11.5,21.7,70.0,6.2186597782734525,5.2813402217265475,8.7,0,0
BASEL,2006-05-23,6,0.59,1.0198,2.89,0.0,9.6,13.4,8.7,17.6,59.0,1.1360136610914326,7.563986338908567,6.5,0,0
BASEL,2006-05-24,5,0.59,1.024,2.83,0.0,9.3,12.7,6.5,18.8,59.0,-0.9315550600313924,7.431555060031393,8.6,0,0
BASEL,2006-05-25,7,0.61,1.0238,1.27,0.0,0.8,13.4,8.6,15.9,61.0,1.5058230177228344,7.094176982277165,13.5,0,0
BASEL,2006-05-26,7,0.66,1.0243,1.93,0.0,2.4,17.7,13.5,23.3,66.0,7.271256934531731,6.228743065468269,15.7,0,0
BASEL,2006-05-27,6,0.76,1.0244,1.68,0.0,1.7,18.6,15.7,22.8,76.0,11.478774472808853,4.221225527191146,14.1,0,0
BASEL,2006-05-28,7,0.81,1.0203,0.71,0.81,0.1,16.6,14.1,19.3,81.0,10.886928587724277,3.2130714122757222,8.0,0,0
BASEL,2006-05-29,8,0.91,1.0136,0.46,2.89,0.3,11.1,8.0,14.2,91.0,6.620870405936114,1.379129594063886,6.3,0,0
BASEL,2006-05-30,6,0.79,1.0151,1.7,1.07,2.8,8.2,6.3,11.9,79.0,2.9285540611704657,3.371445938829534,4.3,0,0
BASEL,2006-05-31,7,0.77,1.0199,1.77,0.02,2.6,7.9,4.3,12.2,77.0,0.6278894145416333,3.6721105854583667,4.7,0,0
BASEL,2006-06-01,8,0.84,1.0245,0.84,0.89,0.0,7.9,4.7,10.3,84.0,2.2298362584472713,2.470163741552729,4.2,0,0
BASEL,2006-06-02,7,0.88,1.0274,1.5,0.64,2.4,7.6,4.2,11.9,88.0,2.3914302975299924,1.8085697024700078,3.7,0,0
BASEL,2006-06-03,3,0.67,1.0268,2.7,0.0,8.6,11.8,3.7,17.7,67.0,-1.8542071516278973,5.554207151627898,9.4,0,0
BASEL,2006-06-04,6,0.67,1.0228,1.86,0.0,2.6,14.2,9.4,20.4,67.0,3.5835613202063468,5.816438679793654,9.2,0,0
BASEL,2006-06-05,8,0.69,1.0225,1.91,0.01,2.3,13.5,9.2,18.5,69.0,3.8100683192126574,5.389931680787342,9.7,0,0
BASEL,2006-06-06,4,0.64,1.0246,3.02,0.0,8.6,13.9,9.7,18.7,64.0,3.2201400547551535,6.479859945244845,6.4,0,0
BASEL,2006-06-07,3,0.57,1.0256,2.87,0.0,10.3,14.0,6.4,20.5,56.99999999999999,-1.4952007867681065,7.895200786768107,6.6,0,0
BASEL,2006-06-08,1,0.54,1.0248,3.15,0.0,12.4,15.7,6.6,22.8,54.0,-2.0416506241726915,8.64165062417269,8.5,0,0
BASEL,2006-06-09,2,0.47,1.0228,3.43,0.0,14.1,17.7,8.5,24.0,47.0,-2.165494861419342,10.665494861419342,10.0,0,0
BASEL,2006-06-10,6,0.49,1.021,3.28,0.0,13.3,19.2,10.0,26.5,49.0,-0.22187793606297868,10.22187793606298,11.1,0,0
BASEL,2006-06-11,1,0.47,1.0218,3.55,0.0,14.9,20.6,11.1,27.4,47.0,0.21302997379843214,10.886970026201567,13.6,0,0
BASEL,2006-06-12,1,0.52,1.0226,3.39,0.0,14.7,21.4,13.6,28.3,52.0,3.927339239856498,9.6726607601435,14.3,0,0
BASEL,2006-06-13,1,0.55,1.0203,3.3,0.0,14.0,22.8,14.3,29.6,55.00000000000001,5.379084930525315,8.920915069474685,16.7,0,0
BASEL,2006-06-14,2,0.54,1.016,3.29,0.0,13.6,23.8,16.7,30.7,54.0,7.34272639064061,9.357273609359389,16.8,0,0
BASEL,2006-06-15,4,0.5,1.0154,2.99,0.0,11.7,23.5,16.8,30.1,50.0,6.314078265412003,10.485921734587997,15.4,0,0
BASEL,2006-06-16,8,0.61,1.0162,1.97,0.06,1.2,21.1,15.4,27.1,61.0,7.91464732326141,7.48535267673859,15.6,0,0
BASEL,2006-06-17,5,0.71,1.0174,2.5,0.0,7.3,20.7,15.6,26.8,71.0,10.357785113594483,5.242214886405517,16.8,0,0
BASEL,2006-06-18,3,0.71,1.0159,2.84,2.75,10.3,22.1,16.8,31.0,71.0,11.508516639423265,5.291483360576736,16.5,0,0
BASEL,2006-06-19,7,0.86,1.0158,1.34,0.44,1.4,19.7,16.5,25.4,86.0,14.14787941438455,2.3521205856154506,17.3,0,0
BASEL,2006-06-20,4,0.76,1.0158,2.59,0.0,6.3,22.4,17.3,27.5,76.0,13.025749042975985,4.274250957024016,18.1,0,0
BASEL,2006-06-21,5,0.74,1.015,2.62,0.01,8.3,21.8,18.1,25.7,74.0,13.38887536983345,4.711124630166552,16.8,0,0
BASEL,2006-06-22,7,0.72,1.0157,1.38,0.0,0.5,19.2,16.8,22.1,72.0,11.720291390909,5.079708609091,13.9,0,0
BASEL,2006-06-23,4,0.63,1.0169,2.94,0.0,8.6,18.7,13.9,24.0,63.0,6.971366762044749,6.9286332379552515,12.6,0,0
BASEL,2006-06-24,4,0.66,1.0138,2.94,0.06,10.8,21.4,12.6,30.4,66.0,6.415260246393271,6.184739753606729,17.0,0,0
BASEL,2006-06-25,5,0.76,1.0116,2.24,1.45,7.4,21.8,17.0,31.5,76.0,12.735716097616095,4.264283902383905,15.7,0,0
BASEL,2006-06-26,3,0.75,1.0164,2.62,0.0,8.2,20.5,15.7,25.7,75.0,11.278598963320004,4.421401036679995,16.6,0,0
BASEL,2006-06-27,3,0.78,1.0175,2.39,1.02,6.8,21.1,16.6,26.5,78.0,12.745247554109065,3.854752445890936,17.4,0,0
BASEL,2006-06-28,5,0.79,1.0169,2.31,0.22,6.0,21.1,17.4,26.5,79.0,13.717145492111838,3.6828545078881607,16.8,0,0
BASEL,2006-06-29,5,0.83,1.0186,2.08,0.08,4.7,19.8,16.8,25.1,83.0,13.893651121625496,2.906348878374505,15.2,0,0
BASEL,2006-06-30,1,0.69,1.0212,3.21,0.0,13.2,21.6,15.2,28.5,69.0,9.547918657648092,5.652081342351908,15.1,0,0
BASEL,2006-07-01,1,0.59,1.0201,3.37,0.0,14.2,22.2,15.1,28.8,59.0,7.144319728357021,7.955680271642978,16.3,0,0
BASEL,2006-07-02,1,0.5,1.0166,3.35,0.0,14.5,23.0,16.3,29.0,50.0,5.854394300923734,10.445605699076268,16.1,0,0
BASEL,2006-07-03,1,0.59,1.014,3.26,0.0,14.1,23.3,16.1,29.3,59.0,8.082252836522109,8.017747163477893,17.8,0,0
BASEL,2006-07-04,3,0.6,1.0141,3.12,0.0,12.7,25.0,17.8,32.1,60.0,9.927003444823049,7.872996555176952,16.7,0,0
BASEL,2006-07-05,5,0.71,1.0163,2.33,1.49,6.9,22.4,16.7,31.4,71.0,11.412630963294054,5.287369036705945,15.5,0,0
BASEL,2006-07-06,5,0.77,1.0183,2.15,0.01,4.3,19.6,15.5,23.8,77.0,11.482947219359174,4.017052780640826,16.8,0,0
BASEL,2006-07-07,7,0.76,1.0186,1.53,0.0,1.2,19.7,16.8,22.5,76.0,12.54235444564433,4.257645554355671,17.2,0,0
BASEL,2006-07-08,4,0.73,1.0189,1.98,0.0,4.8,20.9,17.2,25.9,73.0,12.314322725425512,4.885677274574487,15.9,0,0
BASEL,2006-07-09,5,0.68,1.0189,2.49,0.0,6.6,22.1,15.9,28.3,68.0,9.998551953108288,5.901448046891712,17.7,0,0
BASEL,2006-07-10,2,0.62,1.0227,3.26,0.0,12.9,23.5,17.7,28.8,62.0,10.32346236662182,7.376537633378179,16.7,0,0
BASEL,2006-07-11,2,0.63,1.0207,3.22,0.0,14.4,24.9,16.7,32.0,63.0,9.61846450094696,7.0815354990530395,18.7,0,0
BASEL,2006-07-12,4,0.69,1.0198,3.05,0.0,11.8,24.6,18.7,31.4,69.0,12.892188929145894,5.807811070854106,19.4,0,0
BASEL,2006-07-13,5,0.71,1.0184,2.66,0.0,9.6,24.4,19.4,31.0,71.0,14.000994424182968,5.39900557581703,18.8,0,0
BASEL,2006-07-14,3,0.78,1.0207,2.4,0.02,7.9,22.5,18.8,29.4,78.0,14.878776806914155,3.9212231930858454,17.0,0,0
BASEL,2006-07-15,4,0.63,1.0224,3.1,0.0,11.8,22.6,17.0,29.0,63.0,9.901985916097571,7.098014083902429,14.7,0,0
BASEL,2006-07-16,0,0.52,1.0221,3.32,0.0,14.4,22.6,14.7,29.9,52.0,4.9441185171462605,9.755881482853738,14.1,0,0
BASEL,2006-07-17,0,0.54,1.021,3.28,0.0,14.3,22.6,14.1,30.0,54.0,4.92956674698501,9.17043325301499,13.6,0,0
BASEL,2006-07-18,1,0.51,1.0192,3.19,0.0,13.9,23.8,13.6,32.3,51.0,3.6514841871788306,9.948515812821169,17.5,0,0
BASEL,2006-07-19,1,0.48,1.0182,3.04,0.0,12.5,25.8,17.5,34.1,48.0,6.363718618867759,11.13628138113224,19.3,0,0
BASEL,2006-07-20,6,0.49,1.0185,2.68,0.0,10.4,26.7,19.3,32.8,49.0,8.313166275997075,10.986833724002926,20.1,0,0
BASEL,2006-07-21,2,0.54,1.0181,2.94,0.0,11.4,26.9,20.1,34.2,54.0,10.49566051460197,9.60433948539803,19.8,0,0
BASEL,2006-07-22,5,0.61,1.0161,2.48,0.0,8.2,25.4,19.8,31.1,61.0,12.05610932364923,7.743890676350771,18.8,0,0
BASEL,2006-07-23,1,0.6,1.0176,2.96,0.0,12.0,25.3,18.8,31.1,60.0,10.866211527712762,7.9337884722872385,18.2,0,0
BASEL,2006-07-24,1,0.61,1.0165,3.06,0.0,13.6,25.7,18.2,33.4,61.0,10.550615708251987,7.649384291748012,19.1,0,0
BASEL,2006-07-25,1,0.5,1.0145,3.05,0.0,13.0,27.4,19.1,35.2,50.0,8.427666327635844,10.672333672364157,20.4,0,0
BASEL,2006-07-26,7,0.56,1.0154,1.89,0.06,4.5,25.6,20.4,31.2,56.00000000000001,11.321877215256391,9.078122784743607,18.8,0,0
BASEL,2006-07-27,3,0.53,1.014,2.99,0.01,12.3,26.2,18.8,33.7,53.0,9.013026866718606,9.786973133281395,19.1,0,0
BASEL,2006-07-28,5,0.75,1.0118,1.63,0.88,3.5,21.7,19.1,27.8,75.0,14.560217312559391,4.53978268744061,17.8,0,0
BASEL,2006-07-29,5,0.76,1.0111,2.17,0.0,4.8,21.7,17.8,28.1,76.0,13.509111866652642,4.290888133347359,17.1,0,0
BASEL,2006-07-30,4,0.63,1.0131,2.74,0.0,10.0,23.9,17.1,30.3,63.0,9.996488918306929,7.103511081693073,18.5,0,0
BASEL,2006-07-31,7,0.8,1.0144,1.53,0.24,2.2,21.4,18.5,27.3,80.0,14.981037825065583,3.5189621749344173,17.0,0,0
BASEL,2006-08-01,7,0.73,1.0126,1.43,0.03,2.3,19.3,17.0,23.5,73.0,12.12191317083948,4.8780868291605195,15.8,0,0
BASEL,2006-08-02,5,0.62,1.0115,1.77,0.2,4.0,18.7,15.8,23.5,62.0,8.53124504140316,7.2687549585968405,13.3,0,0
BASEL,2006-08-03,8,0.85,1.0077,1.12,1.71,1.7,15.2,13.3,18.7,85.0,10.830349001052785,2.469650998947216,13.5,0,0
BASEL,2006-08-04,6,0.8,1.0119,1.72,0.83,2.2,16.4,13.5,22.1,80.0,10.116142631142274,3.3838573688577256,14.1,0,0
BASEL,2006-08-05,7,0.9,1.0162,1.0,0.87,0.8,15.9,14.1,18.2,90.0,12.483148448952361,1.6168515510476382,14.4,0,0
BASEL,2006-08-06,8,0.91,1.0186,0.71,1.5,0.2,15.8,14.4,18.1,91.0,12.948299711750904,1.4517002882490964,14.7,0,0
BASEL,2006-08-07,4,0.71,1.0169,2.35,0.0,8.4,18.7,14.7,24.2,71.0,9.494588377445435,5.205411622554564,13.0,0,0
BASEL,2006-08-08,7,0.76,1.015,2.35,0.0,8.8,17.9,13.0,24.9,76.0,8.867516815166145,4.1324831848338555,14.5,0,0
BASEL,2006-08-09,4,0.67,1.0146,2.49,0.0,7.4,17.8,14.5,22.6,67.0,8.443929995507647,6.056070004492353,12.1,0,0
BASEL,2006-08-10,7,0.78,1.0147,1.54,0.28,2.4,15.5,12.1,20.1,78.0,8.379467100383529,3.7205328996164706,11.7,0,0
BASEL,2006-08-11,7,0.84,1.0133,0.78,0.7,0.2,13.6,11.7,17.9,84.0,9.085879365696064,2.6141206343039354,11.1,0,0
BASEL,2006-08-12,6,0.8,1.0096,1.71,0.63,2.5,13.5,11.1,18.3,80.0,7.780066161325224,3.3199338386747757,11.5,0,0
BASEL,2006-08-13,8,0.85,1.0082,0.59,0.92,0.5,13.1,11.5,15.2,85.0,9.065471500522298,2.434528499477702,12.2,0,0
BASEL,2006-08-14,7,0.8,1.0115,0.72,0.17,1.2,14.0,12.2,17.6,80.0,8.850842524096057,3.349157475903942,14.1,0,0
BASEL,2006-08-15,6,0.66,1.0116,2.4,0.61,8.1,17.8,14.1,22.7,66.0,7.84183690286269,6.2581630971373094,14.5,0,0
BASEL,2006-08-16,7,0.8,1.0068,1.9,0.61,4.4,17.9,14.5,23.1,80.0,11.089330365369781,3.410669634630219,15.7,0,0
BASEL,2006-08-17,7,0.82,1.0055,1.27,0.73,2.7,19.0,15.7,24.8,82.0,12.633400589949435,3.0665994100505642,14.2,0,0
BASEL,2006-08-18,1,0.65,1.0105,2.82,0.0,12.5,19.4,14.2,24.2,65.0,7.71272660945529,6.4872733905447095,15.2,0,0
BASEL,2006-08-19,3,0.7,1.0158,2.19,0.16,7.7,19.4,15.2,25.9,70.0,9.762377024068934,5.437622975931065,14.3,0,0
BASEL,2006-08-20,5,0.74,1.0217,1.83,0.03,4.3,17.9,14.3,22.9,74.0,9.726555307449615,4.573444692550385,14.6,0,0
BASEL,2006-08-21,5,0.68,1.0214,2.08,0.0,5.5,18.0,14.6,22.6,68.0,8.75820381430861,5.84179618569139,13.9,0,0
BASEL,2006-08-22,5,0.71,1.019,1.78,0.07,5.3,17.6,13.9,21.6,71.0,8.727195801109097,5.172804198890903,11.8,0,0
BASEL,2006-08-23,4,0.71,1.0154,2.6,0.0,10.7,17.8,11.8,23.8,71.0,6.712312842293554,5.087687157706447,12.8,0,0
BASEL,2006-08-24,7,0.74,1.0121,1.32,0.16,2.1,16.4,12.8,21.7,74.0,8.280350791017254,4.519649208982747,11.4,0,0
BASEL,2006-08-25,4,0.66,1.0117,1.98,0.0,6.6,15.9,11.4,20.6,66.0,5.273694692613043,6.126305307386957,10.1,0,0
BASEL,2006-08-26,6,0.82,1.012,1.51,1.59,4.0,14.9,10.1,21.4,82.0,7.166658709721387,2.9333412902786122,14.0,0,0
BASEL,2006-08-27,6,0.86,1.0158,1.27,0.31,2.4,15.7,14.0,20.0,86.0,11.693707191655273,2.306292808344727,13.0,0,0
BASEL,2006-08-28,8,0.86,1.0127,0.46,0.86,0.0,14.4,13.0,17.5,86.0,10.71191321996474,2.2880867800352593,10.3,0,0
BASEL,2006-08-29,8,0.87,1.0131,0.59,0.83,0.0,11.8,10.3,15.2,87.0,8.230925427772295,2.0690745722277057,9.9,0,0
BASEL,2006-08-30,6,0.78,1.0213,1.59,0.03,3.3,12.9,9.9,17.3,78.0,6.244232790543422,3.6557672094565783,8.8,0,0
BASEL,2006-08-31,1,0.69,1.0256,2.55,0.0,12.4,14.3,8.8,20.6,69.0,3.42732849498442,5.372671505015581,9.3,0,0
BASEL,2006-09-01,1,0.69,1.0196,2.46,0.0,12.1,16.8,9.3,24.5,69.0,3.905749045167066,5.394250954832935,14.0,0,0
BASEL,2006-09-02,7,0.75,1.0166,1.51,0.11,2.0,18.6,14.0,25.0,75.0,9.637213519007913,4.362786480992087,16.7,0,0
BASEL,2006-09-03,6,0.77,1.0202,1.39,0.0,2.0,21.3,16.7,26.2,77.0,12.64508555134311,4.0549144486568895,20.6,0,0
BASEL,2006-09-04,6,0.72,1.0252,1.68,0.0,4.4,22.9,20.6,26.9,72.0,15.369025177821445,5.230974822178556,16.8,0,0
BASEL,2006-09-05,4,0.75,1.0236,2.32,0.0,11.2,21.7,16.8,27.2,75.0,12.340467146810882,4.459532853189119,15.1,0,0
BASEL,2006-09-06,6,0.82,1.0178,1.37,0.0,3.7,20.0,15.1,25.5,82.0,12.047818113543586,3.052181886456413,15.8,0,0
BASEL,2006-09-07,3,0.78,1.015,2.0,0.0,8.0,21.6,15.8,28.4,78.0,11.969279991726854,3.830720008273147,11.1,0,0
BASEL,2006-09-08,4,0.65,1.0241,1.92,0.0,7.2,16.8,11.1,22.1,65.0,4.769408624552228,6.330591375447772,8.3,0,0
BASEL,2006-09-09,6,0.66,1.0233,2.28,0.0,11.7,16.6,8.3,23.5,66.0,2.3233979718092628,5.976602028190738,14.4,0,0
BASEL,2006-09-10,7,0.7,1.0219,1.56,2.42,3.1,19.8,14.4,25.7,70.0,8.996356813478961,5.403643186521039,15.8,0,0
BASEL,2006-09-11,5,0.79,1.0204,1.65,0.0,5.0,20.4,15.8,26.5,79.0,12.16286937173585,3.637130628264151,16.3,0,0
BASEL,2006-09-12,6,0.79,1.0185,1.23,0.4,4.0,18.8,16.3,25.4,79.0,12.64861089794521,3.6513891020547913,14.2,0,0
BASEL,2006-09-13,3,0.72,1.0145,2.08,0.0,10.9,19.9,14.2,27.2,72.0,9.222536001198224,4.977463998801776,15.0,0,0
BASEL,2006-09-14,7,0.79,1.0073,0.88,0.12,0.0,18.3,15.0,21.9,79.0,11.385625743605399,3.6143742563946013,15.0,0,0
BASEL,2006-09-15,7,0.92,1.003,0.5,0.17,0.5,16.6,15.0,18.4,92.0,13.709566015325752,1.290433984674248,13.5,0,0
BASEL,2006-09-16,7,0.85,1.0092,1.09,0.0,2.2,16.9,13.5,20.9,85.0,11.026431127114806,2.4735688728851937,15.5,0,0
BASEL,2006-09-17,8,0.92,1.0103,0.17,5.78,0.0,16.4,15.5,17.3,92.0,14.204467468600388,1.295532531399612,14.3,0,0
BASEL,2006-09-18,7,0.89,1.0145,0.67,0.9,0.5,15.8,14.3,18.2,89.0,12.510071113845193,1.789928886154808,14.5,0,0
BASEL,2006-09-19,6,0.8,1.0175,1.66,0.0,6.5,17.2,14.5,21.0,80.0,11.089330365369781,3.410669634630219,12.4,0,0
BASEL,2006-09-20,5,0.8,1.0177,1.93,0.0,10.4,16.9,12.4,23.1,80.0,9.045515562446827,3.3544844375531735,12.9,0,0
BASEL,2006-09-21,0,0.76,1.0145,2.01,0.0,11.3,18.4,12.9,25.7,76.0,8.770785763287565,4.129214236712436,12.3,0,0
BASEL,2006-09-22,3,0.79,1.0128,1.81,0.0,9.2,18.8,12.3,26.6,79.0,8.761908756437787,3.5380912435622136,14.9,0,0
BASEL,2006-09-23,5,0.82,1.0114,1.54,0.04,5.8,19.2,14.9,25.0,82.0,11.852616496830162,3.047383503169838,15.6,0,0
BASEL,2006-09-24,6,0.84,1.0096,1.11,0.97,3.0,18.4,15.6,23.2,84.0,12.903925253933155,2.696074746066845,13.2,0,0
BASEL,2006-09-25,8,0.94,1.0114,0.19,2.66,0.0,14.5,13.2,16.5,94.0,12.254724205699318,0.9452757943006809,13.3,0,0
BASEL,2006-09-26,8,0.9,1.0174,0.76,0.13,0.4,14.5,13.3,17.2,90.0,11.693373229678157,1.606626770321844,12.3,0,0
BASEL,2006-09-27,6,0.87,1.0165,1.24,0.0,2.4,14.9,12.3,19.1,87.0,10.197560149672157,2.102439850327844,12.3,0,0
BASEL,2006-09-28,7,0.85,1.0131,1.08,0.0,1.3,14.9,12.3,18.4,85.0,9.849892250198367,2.4501077498016333,12.0,0,0
BASEL,2006-09-29,5,0.81,1.0125,1.59,0.29,7.5,16.5,12.0,21.9,81.0,8.839962533042215,3.1600374669577853,14.8,0,0
BASEL,2006-09-30,7,0.86,1.0135,1.05,3.78,2.3,17.3,14.8,21.8,86.0,12.479090903268,2.3209090967320005,15.4,0,0
BASEL,2006-10-01,8,0.94,1.0151,0.31,1.49,0.0,16.2,15.4,17.2,94.0,14.438106128191908,0.9618938718080923,13.6,0,0
BASEL,2006-10-02,5,0.87,1.0126,1.02,0.07,1.1,17.2,13.6,21.0,87.0,11.475730821137223,2.124269178862777,11.3,0,0
BASEL,2006-10-03,8,0.88,1.0047,0.14,1.45,0.1,14.7,11.3,18.5,88.0,9.384126121499117,1.915873878500884,9.0,0,0
BASEL,2006-10-04,6,0.8,1.0149,0.83,0.01,1.3,11.9,9.0,14.3,80.0,5.735505866060622,3.264494133939378,8.9,0,0
BASEL,2006-10-05,3,0.75,1.0219,1.37,0.0,7.3,12.2,8.9,16.6,75.0,4.710750487596632,4.189249512403368,8.9,0,0
BASEL,2006-10-06,6,0.79,1.0185,1.05,0.58,2.7,13.3,8.9,18.4,79.0,5.45682771808735,3.4431722819126502,8.5,0,0
BASEL,2006-10-07,7,0.81,1.0191,1.03,0.01,2.4,12.8,8.5,16.7,81.0,5.427383986539568,3.072616013460432,6.5,0,0
BASEL,2006-10-08,7,0.8,1.0225,1.58,0.0,8.0,11.4,6.5,17.8,80.0,3.3009048744829315,3.1990951255170685,8.7,0,0
BASEL,2006-10-09,4,0.8,1.0215,1.44,0.0,9.3,13.4,8.7,20.0,80.0,5.4433882230261705,3.2566117769738288,9.9,0,0
BASEL,2006-10-10,5,0.84,1.0201,1.23,0.0,9.3,14.0,9.9,20.2,84.0,7.323282168303537,2.576717831696463,8.8,0,0
BASEL,2006-10-11,6,0.85,1.0153,1.17,0.0,6.5,14.3,8.8,19.0,85.0,6.4176881785171,2.382311821482901,11.0,0,0
BASEL,2006-10-12,2,0.81,1.0213,1.4,0.0,9.1,15.4,11.0,20.9,81.0,7.865063638063417,3.1349363619365826,13.2,0,0
BASEL,2006-10-13,6,0.89,1.0263,0.96,0.0,1.9,15.0,13.2,17.5,89.0,11.425608357517877,1.7743916424821222,11.8,0,0
BASEL,2006-10-14,8,0.93,1.0246,0.26,0.0,0.0,13.2,11.8,14.6,93.0,10.704355893154762,1.0956441068452385,9.6,0,0
BASEL,2006-10-15,4,0.87,1.0242,0.88,0.0,2.8,12.5,9.6,16.4,87.0,7.542540752292782,2.057459247707218,6.7,0,0
BASEL,2006-10-16,5,0.87,1.0224,0.78,0.0,3.4,9.8,6.7,13.9,87.0,4.690315953259095,2.0096840467409054,4.5,0,0
BASEL,2006-10-17,3,0.83,1.0176,1.37,0.0,9.2,11.2,4.5,19.2,83.0,1.866336937623974,2.633663062376026,8.0,0,0
BASEL,2006-10-18,7,0.85,1.0106,0.88,0.06,1.7,11.9,8.0,16.1,85.0,5.63305212663468,2.36694787336532,11.3,0,0
BASEL,2006-10-19,7,0.9,1.0039,0.55,0.16,0.2,13.3,11.3,17.0,90.0,9.718794190538397,1.5812058094616042,10.9,0,0
BASEL,2006-10-20,6,0.8,1.0028,0.99,0.29,4.4,14.9,10.9,21.2,80.0,7.585365975758285,3.314634024241715,13.1,0,0
BASEL,2006-10-21,7,0.9,1.0073,0.64,0.2,1.9,14.4,13.1,17.1,90.0,11.495924389699521,1.6040756103004785,12.2,0,0
BASEL,2006-10-22,7,0.79,1.0073,1.18,0.24,8.7,15.5,12.2,20.3,79.0,8.664718650301259,3.5352813496987405,13.5,0,0
BASEL,2006-10-23,8,0.91,1.0028,0.22,1.31,0.0,14.4,13.5,18.5,91.0,12.058616752987549,1.4413832470124515,9.2,0,0
BASEL,2006-10-24,6,0.66,1.0075,1.08,0.04,5.7,15.0,9.2,18.9,66.0,3.1801218158971465,6.019878184102852,8.1,0,0
BASEL,2006-10-25,5,0.72,1.0121,0.73,0.0,1.9,12.8,8.1,16.6,72.0,3.3584164326073727,4.741583567392627,10.6,0,0
BASEL,2006-10-26,1,0.73,1.0125,1.2,0.0,9.4,15.5,10.6,21.8,73.0,5.96175024246916,4.63824975753084,11.6,0,0
BASEL,2006-10-27,4,0.86,1.0244,0.5,0.0,1.0,14.6,11.6,19.0,86.0,9.33728155888162,2.2627184411183805,11.7,0,0
BASEL,2006-10-28,6,0.82,1.0277,0.72,0.0,2.0,14.8,11.7,19.3,82.0,8.728883394537513,2.971116605462486,11.9,0,0
BASEL,2006-10-29,8,0.85,1.0231,0.23,0.41,0.0,14.8,11.9,16.6,85.0,9.457688025585917,2.4423119744140838,7.2,0,0
BASEL,2006-10-30,3,0.85,1.0211,1.08,0.0,7.8,11.3,7.2,16.3,85.0,4.848366850373382,2.3516331496266183,5.9,0,0
BASEL,2006-10-31,7,0.79,1.0135,0.64,0.0,1.4,11.9,5.9,16.5,79.0,2.539522801916041,3.3604771980839594,2.6,1,1
BASEL,2006-11-01,5,0.71,1.0208,0.5,0.09,1.1,8.4,2.6,12.6,71.0,-2.122951811731071,4.722951811731071,0.0,1,1
BASEL,2006-11-02,1,0.69,1.0306,1.08,0.0,8.6,2.7,0.0,7.5,69.0,-4.999802657004347,4.999802657004347,-1.0,1,1
BASEL,2006-11-03,2,0.75,1.0319,0.89,0.0,4.9,2.4,-1.0,7.0,75.0,-4.862272302097243,3.862272302097243,-1.0,1,1
BASEL,2006-11-04,3,0.77,1.0346,1.0,0.0,7.0,3.4,-1.0,9.1,77.0,-4.514195235314924,3.514195235314924,-0.9,1,1
BASEL,2006-11-05,4,0.82,1.0332,0.91,0.0,6.4,3.4,-0.9,9.6,82.0,-3.5801040727786395,2.6801040727786396,-0.9,1,1
BASEL,2006-11-06,7,0.82,1.0307,0.97,0.0,8.7,3.9,-0.9,10.1,82.0,-3.5801040727786395,2.6801040727786396,-0.6,1,1
BASEL,2006-11-07,3,0.78,1.0255,0.96,0.0,7.5,6.1,-0.6,12.5,78.0,-3.9543808621700216,3.3543808621700215,3.0,1,0
BASEL,2006-11-08,6,0.82,1.0274,0.47,0.03,1.5,7.3,3.0,12.0,82.0,0.2314045749280244,2.7685954250719758,7.8,0,0
BASEL,2006-11-09,6,0.83,1.0298,0.32,0.0,0.4,10.8,7.8,13.7,83.0,5.094480998206774,2.705519001793226,2.1,1,1
BASEL,2006-11-10,4,0.73,1.0338,0.92,0.0,7.8,6.3,2.1,10.6,73.0,-2.2288930450386695,4.32889304503867,0.8,1,1
BASEL,2006-11-11,7,0.86,1.0253,0.22,0.09,0.0,6.0,0.8,11.3,86.0,-1.2717317546536826,2.0717317546536824,6.5,0,0
BASEL,2006-11-12,7,0.81,1.0216,0.45,0.15,0.8,8.7,6.5,11.4,81.0,3.4767953725410132,3.0232046274589868,5.7,0,0
BASEL,2006-11-13,7,0.74,1.0198,0.23,0.0,0.1,9.3,5.7,12.4,74.0,1.4307403948592594,4.269259605140741,9.8,0,0
BASEL,2006-11-14,7,0.86,1.0182,0.32,0.0,0.3,12.0,9.8,14.7,86.0,7.569692076205332,2.230307923794669,7.9,0,0
BASEL,2006-11-15,3,0.85,1.0162,0.84,0.0,8.1,11.4,7.9,15.7,85.0,5.534969159155231,2.3650308408447698,6.4,0,0
BASEL,2006-11-16,5,0.83,1.011,0.76,0.01,5.3,10.1,6.4,14.4,83.0,3.7250821503023834,2.674917849697617,10.2,0,0
BASEL,2006-11-17,8,0.84,1.0125,0.41,0.75,0.4,11.7,10.2,13.9,84.0,7.61706688838955,2.5829331116104495,6.8,0,0
BASEL,2006-11-18,5,0.82,1.0186,0.81,0.01,5.7,10.8,6.8,14.8,82.0,3.9438159662231436,2.8561840337768563,5.6,0,0
BASEL,2006-11-19,7,0.85,1.0213,0.28,0.31,0.2,8.0,5.6,12.0,85.0,3.2788486061843383,2.3211513938156614,5.6,0,0
BASEL,2006-11-20,7,0.76,1.0198,0.74,0.03,6.1,7.0,5.6,10.0,76.0,1.705981542865033,3.8940184571349667,4.7,0,0
BASEL,2006-11-21,8,0.84,1.0041,0.22,0.85,0.0,7.9,4.7,11.4,84.0,2.2298362584472713,2.470163741552729,3.0,1,0
BASEL,2006-11-22,6,0.77,1.0061,0.58,0.0,3.1,5.2,3.0,8.3,77.0,-0.6330602676061906,3.6330602676061905,3.8,0,0
BASEL,2006-11-23,7,0.71,1.002,0.34,0.11,0.7,9.7,3.8,16.0,71.0,-0.9697719960221782,4.769771996022178,9.9,0,0
BASEL,2006-11-24,6,0.78,1.005,0.45,0.0,2.0,12.0,9.9,14.7,78.0,6.244232790543422,3.6557672094565783,9.3,0,0
BASEL,2006-11-25,7,0.72,1.0086,0.52,0.0,2.1,12.5,9.3,16.4,72.0,4.512457301832481,4.7875426981675195,7.1,0,0
BASEL,2006-11-26,6,0.86,1.0211,0.57,0.0,2.7,10.7,7.1,15.1,86.0,4.917873399693453,2.182126600306547,6.2,0,0
BASEL,2006-11-27,5,0.88,1.0243,0.64,0.0,4.7,8.6,6.2,13.4,88.0,4.3615142415641115,1.8384857584358887,3.6,0,0
BASEL,2006-11-28,2,0.88,1.0234,0.7,0.24,7.2,6.6,3.6,10.0,88.0,1.8003576189905177,1.7996423810094824,6.1,0,0
BASEL,2006-11-29,8,0.94,1.0311,0.15,0.79,0.0,8.2,6.1,10.5,94.0,5.20737114543586,0.8926288545641397,3.2,0,0
BASEL,2006-11-30,8,0.95,1.033,0.12,0.01,0.0,6.7,3.2,8.2,95.0,2.477051463713078,0.7229485362869221,3.8,0,0
BASEL,2006-12-01,1,0.87,1.0302,0.67,0.0,7.4,5.9,3.8,9.6,87.0,1.837534507698266,1.9624654923017337,2.8,1,0
BASEL,2006-12-02,5,0.86,1.0235,0.51,0.11,3.5,5.2,2.8,7.3,86.0,0.6935299756878728,2.1064700243121273,5.7,0,0
BASEL,2006-12-03,6,0.67,1.0144,0.62,0.14,5.9,11.1,5.7,16.9,67.0,0.054454518249365286,5.645545481750635,8.7,0,0
BASEL,2006-12-04,8,0.71,1.0127,0.29,0.13,0.6,11.6,8.7,14.3,71.0,3.736697406612437,4.963302593387562,11.7,0,0
BASEL,2006-12-05,4,0.71,1.0108,0.49,0.31,3.6,13.7,11.7,18.1,71.0,6.616348782865627,5.083651217134372,6.4,0,0
BASEL,2006-12-06,8,0.86,1.0121,0.11,0.75,0.0,8.6,6.4,13.9,86.0,4.230279735187571,2.1697202648124296,2.3,1,1
BASEL,2006-12-07,5,0.81,1.0121,0.59,0.04,4.2,6.5,2.3,11.1,81.0,-0.6207285078252371,2.920728507825237,5.6,0,0
BASEL,2006-12-08,7,0.84,1.0016,0.19,2.04,1.6,7.7,5.6,10.8,84.0,3.1115535585419356,2.488446441458064,4.4,0,0
BASEL,2006-12-09,8,0.88,1.0132,0.14,0.11,0.0,5.4,4.4,6.6,88.0,2.588449652122991,1.8115503478770094,0.4,1,1
BASEL,2006-12-10,5,0.84,1.0306,0.24,0.0,0.6,3.7,0.4,6.0,84.0,-1.9837341449190964,2.3837341449190963,-1.0,1,1
BASEL,2006-12-11,8,0.86,1.0306,0.29,0.0,0.1,2.1,-1.0,4.4,86.0,-3.0407121234143095,2.0407121234143095,3.3,0,0
BASEL,2006-12-12,7,0.78,1.0278,0.31,0.0,0.1,5.1,3.3,7.3,78.0,-0.16483291294771757,3.4648329129477173,0.4,1,1
BASEL,2006-12-13,1,0.8,1.0327,0.64,0.0,7.4,4.2,0.4,8.1,80.0,-2.64226308156911,3.04226308156911,-1.0,1,1
BASEL,2006-12-14,0,0.81,1.0331,0.65,0.0,7.4,2.5,-1.0,7.7,81.0,-3.8414361412755893,2.8414361412755893,-0.7,1,1
BASEL,2006-12-15,0,0.89,1.032,0.62,0.0,7.0,1.2,-0.7,4.8,89.0,-2.2838536216090435,1.5838536216090435,-0.6,1,1
BASEL,2006-12-16,4,0.85,1.0276,0.45,0.31,2.8,2.9,-0.6,6.1,85.0,-2.804895209357783,2.2048952093577827,0.8,1,1
BASEL,2006-12-17,8,0.91,1.0283,0.17,0.15,0.0,4.9,0.8,6.9,91.0,-0.4996995621668417,1.2996995621668417,-1.1,1,1
BASEL,2006-12-18,6,0.94,1.0285,0.28,0.0,0.3,0.7,-1.1,2.6,94.0,-1.9407753319925571,0.840775331992557,-1.2,1,1
BASEL,2006-12-19,6,0.6,1.0304,0.59,0.0,4.3,2.0,-1.2,5.7,60.0,-7.961092100824637,6.761092100824637,-2.9,1,1
BASEL,2006-12-20,1,0.66,1.0355,0.61,0.0,7.3,0.4,-2.9,3.6,66.0,-8.350808900360093,5.450808900360093,-4.3,1,1
BASEL,2006-12-21,1,0.86,1.0375,0.57,0.0,6.7,-0.8,-4.3,3.4,86.0,-6.284445320294252,1.9844453202942525,-3.2,1,1
BASEL,2006-12-22,1,0.81,1.0381,0.48,0.0,4.4,0.1,-3.2,3.3,81.0,-5.9891735439269675,2.7891735439269674,-4.6,1,1
BASEL,2006-12-23,5,0.89,1.0384,0.41,0.0,3.2,-1.1,-4.6,2.1,89.0,-6.132324198259486,1.5323241982594862,-0.5,1,1
BASEL,2006-12-24,8,0.78,1.0359,0.48,0.0,2.3,0.7,-0.5,2.0,78.0,-3.8571909340794646,3.3571909340794646,-0.9,1,1
BASEL,2006-12-25,8,0.9,1.0346,0.11,0.0,0.0,0.0,-0.9,0.8,90.0,-2.3305012731344843,1.4305012731344844,-1.2,1,1
BASEL,2006-12-26,6,0.82,1.0347,0.44,0.0,2.2,0.4,-1.2,1.6,82.0,-3.873355902572836,2.673355902572836,-2.6,1,1
BASEL,2006-12-27,1,0.82,1.0342,0.63,0.0,7.3,-0.6,-2.6,2.7,82.0,-5.241975645503725,2.641975645503725,-3.5,1,1
BASEL,2006-12-28,3,0.81,1.032,0.6,0.0,7.1,-0.6,-3.5,4.1,81.0,-6.2820839639102415,2.7820839639102415,-2.7,1,1
BASEL,2006-12-29,3,0.82,1.0302,0.62,0.0,6.3,-0.2,-2.7,3.6,82.0,-5.3397412078218505,2.6397412078218503,-1.6,1,1
BASEL,2006-12-30,7,0.77,1.0293,0.5,0.03,2.6,1.7,-1.6,4.5,77.0,-5.096533458913962,3.496533458913962,4.3,0,0
BASEL,2006-12-31,6,0.72,1.0322,0.6,0.38,5.9,10.3,4.3,14.8,72.0,-0.2974807610798576,4.597480761079858,3.9,0,0
BASEL,2007-01-01,8,0.81,1.0238,0.13,1.47,0.0,9.4,3.9,14.5,81.0,0.9404387484400252,2.9595612515599745,2.7,1,1
BASEL,2007-01-02,7,0.82,1.0261,0.33,0.15,0.8,4.3,2.7,6.0,82.0,-0.061737958608656426,2.7617379586086566,4.2,0,0
BASEL,2007-01-03,6,0.76,1.0326,0.43,0.0,1.2,5.5,4.2,7.8,76.0,0.35031208895559773,3.8496879110444024,3.2,0,0
BASEL,2007-01-04,8,0.82,1.0214,0.15,0.2,0.0,5.8,3.2,8.6,82.0,0.42682826122270445,2.773171738777296,5.2,0,0
BASEL,2007-01-05,8,0.72,1.0268,0.16,0.0,0.0,7.3,5.2,8.2,72.0,0.5685867372312576,4.631413262768742,6.3,0,0
BASEL,2007-01-06,7,0.75,1.0238,0.22,0.07,0.1,8.5,6.3,12.5,75.0,2.1978878460619526,4.102112153938047,5.9,0,0
BASEL,2007-01-07,7,0.8,1.0224,0.38,0.01,1.1,9.1,5.9,12.0,80.0,2.7165034624004725,3.183496537599528,5.0,0,0
BASEL,2007-01-08,8,0.76,1.0153,0.45,0.09,1.7,8.8,5.0,12.8,76.0,1.125010925548475,3.874989074451525,8.2,0,0
BASEL,2007-01-09,7,0.79,1.0207,0.13,0.0,0.0,11.3,8.2,14.0,79.0,4.776211887142687,3.423788112857312,6.7,0,0
BASEL,2007-01-10,4,0.77,1.0227,0.6,0.23,5.3,10.2,6.7,14.1,77.0,2.9552565284016823,3.744743471598318,6.2,0,0
BASEL,2007-01-11,7,0.66,1.0253,0.59,0.09,3.5,10.7,6.2,12.7,66.0,0.32378327159884834,5.876216728401152,6.9,0,0
BASEL,2007-01-12,7,0.73,1.0305,0.29,0.0,0.2,9.0,6.9,11.5,73.0,2.3976992448171983,4.502300755182802,5.9,0,0
BASEL,2007-01-13,4,0.8,1.0283,0.42,0.0,2.8,8.9,5.9,11.7,80.0,2.7165034624004725,3.183496537599528,3.9,0,0
BASEL,2007-01-14,4,0.84,1.032,0.37,0.0,0.7,8.1,3.9,11.2,84.0,1.4460315326984428,2.453968467301557,2.2,1,0
BASEL,2007-01-15,4,0.87,1.0298,0.62,0.0,4.3,4.3,2.2,7.3,87.0,0.26334778547414006,1.9366522145258602,1.4,1,1
BASEL,2007-01-16,8,0.85,1.0254,0.41,0.0,0.3,5.4,1.4,8.7,85.0,-0.8420739463348639,2.242073946334864,6.9,0,0
BASEL,2007-01-17,6,0.76,1.023,0.32,0.11,0.5,9.6,6.9,12.8,76.0,2.9645938964042964,3.935406103595704,10.6,0,0
BASEL,2007-01-18,8,0.6,1.0147,0.1,0.01,0.0,13.7,10.6,15.2,60.0,3.1580118954351124,7.441988104564887,10.9,0,0
BASEL,2007-01-19,7,0.71,1.022,0.36,0.0,0.9,13.6,10.9,14.9,71.0,5.848579832947684,5.051420167052316,10.4,0,0
BASEL,2007-01-20,7,0.67,1.0229,0.21,0.09,0.6,12.3,10.4,13.6,67.0,4.536946966085668,5.8630530339143325,4.1,0,0
BASEL,2007-01-21,7,0.68,1.0205,0.81,0.01,6.2,7.9,4.1,12.2,68.0,-1.270851999236752,5.370851999236752,1.6,1,1
BASEL,2007-01-22,8,0.8,1.0158,0.3,0.81,0.0,4.0,1.6,5.8,80.0,-1.4728078786953505,3.0728078786953503,-3.2,1,1
BASEL,2007-01-23,8,0.87,1.0043,0.05,0.35,0.0,-0.3,-3.2,2.8,87.0,-5.050784095906773,1.8507840959067732,-6.0,1,1
BASEL,2007-01-24,8,0.9,1.0074,0.23,0.93,0.0,-4.2,-6.0,-3.3,90.0,-7.369725142957711,1.3697251429577113,-8.5,1,1
BASEL,2007-01-25,8,0.86,1.0186,0.49,0.0,1.4,-5.2,-8.5,-2.4,86.0,-10.413961120283917,1.9139611202839166,-6.5,1,1
BASEL,2007-01-26,6,0.83,1.0261,0.77,0.04,4.2,-4.7,-6.5,-2.7,83.0,-8.901055112008022,2.401055112008022,-4.1,1,1
BASEL,2007-01-27,8,0.84,1.0325,0.27,0.07,0.0,-0.9,-4.1,1.4,84.0,-6.394916484524816,2.2949164845248164,-1.6,1,1
BASEL,2007-01-28,5,0.79,1.0334,0.92,0.0,7.1,1.9,-1.6,4.7,79.0,-4.758078012584202,3.1580780125842023,-0.8,1,1
BASEL,2007-01-29,5,0.76,1.0275,0.89,0.0,5.7,3.3,-0.8,7.5,76.0,-4.493403791312758,3.6934037913127584,-2.4,1,1
BASEL,2007-01-30,1,0.84,1.0259,0.91,0.0,8.2,1.6,-2.4,7.2,84.0,-4.728273604550575,2.3282736045505747,-2.5,1,1
BASEL,2007-01-31,5,0.86,1.0262,0.63,0.0,3.1,1.0,-2.5,4.2,86.0,-4.515039631101202,2.015039631101202,1.1,1,1
BASEL,2007-02-01,5,0.81,1.0297,0.57,0.0,0.0,3.4,1.1,6.5,81.0,-1.7917702008693415,2.891770200869342,-0.6,1,1
BASEL,2007-02-02,0,0.81,1.0319,0.95,0.0,8.3,3.7,-0.6,8.8,81.0,-3.4509899218829645,2.8509899218829644,1.1,1,1
BASEL,2007-02-03,4,0.75,1.0335,0.71,0.0,3.9,5.1,1.1,8.9,75.0,-2.8305393841917126,3.9305393841917127,-1.7,1,1
BASEL,2007-02-04,1,0.73,1.0297,1.06,0.0,8.9,3.5,-1.7,9.3,73.0,-5.893983887143547,4.193983887143546,-1.0,1,1
BASEL,2007-02-05,5,0.76,1.0189,0.98,0.56,6.4,4.7,-1.0,10.7,76.0,-4.687218731233676,3.687218731233676,2.0,1,0
BASEL,2007-02-06,7,0.89,1.0079,0.22,0.16,0.0,3.2,2.0,5.5,89.0,0.37997635077853265,1.6200236492214675,1.8,1,0
BASEL,2007-02-07,7,0.88,1.0013,0.36,0.08,0.1,4.2,1.8,6.4,88.0,0.027008039957110885,1.7729919600428892,3.3,0,0
BASEL,2007-02-08,7,0.76,0.9999,0.36,0.71,1.2,6.3,3.3,9.5,76.0,-0.5213215818363341,3.821321581836334,1.1,1,1
BASEL,2007-02-09,5,0.74,1.007,1.08,0.0,7.5,5.0,1.1,10.3,74.0,-3.0107782409266015,4.110778240926601,2.6,1,0
BASEL,2007-02-10,7,0.87,1.0089,0.26,0.15,0.0,4.8,2.6,7.4,87.0,0.6569103574534261,1.943089642546574,4.5,0,0
BASEL,2007-02-11,7,0.73,1.0078,0.6,1.04,2.6,8.1,4.5,12.2,73.0,0.08482097116256639,4.415179028837434,6.9,0,0
BASEL,2007-02-12,8,0.74,1.0025,0.19,0.56,0.0,8.5,6.9,11.7,74.0,2.5889131946324735,4.311086805367527,2.5,1,1
BASEL,2007-02-13,6,0.7,1.0134,0.52,0.04,0.5,6.8,2.5,9.4,70.0,-2.4105101551202464,4.910510155120246,1.9,1,1
BASEL,2007-02-14,8,0.85,1.0089,0.26,0.93,0.0,4.6,1.9,8.0,85.0,-0.35141674142970847,2.2514167414297086,1.7,1,1
BASEL,2007-02-15,4,0.76,1.0226,0.98,0.0,5.5,7.2,1.7,10.8,76.0,-2.0711474561635206,3.7711474561635203,1.8,1,1
BASEL,2007-02-16,2,0.57,1.0208,1.28,0.0,9.1,7.5,1.8,13.1,56.99999999999999,-5.80507403526412,7.60507403526412,2.9,1,1
BASEL,2007-02-17,4,0.67,1.0164,0.95,0.0,3.5,5.9,2.9,9.5,67.0,-2.617875583660921,5.517875583660921,0.2,1,1
BASEL,2007-02-18,1,0.69,1.0152,1.28,0.0,9.3,6.7,0.2,13.5,69.0,-4.808131197736788,5.008131197736788,2.1,1,1
BASEL,2007-02-19,3,0.81,1.0146,1.14,0.0,7.2,6.4,2.1,11.7,81.0,-0.815892226545713,2.9158922265457132,1.5,1,1
BASEL,2007-02-20,5,0.84,1.0126,1.27,0.0,8.6,6.0,1.5,13.4,84.0,-0.9056990165558323,2.4056990165558325,2.1,1,1
BASEL,2007-02-21,3,0.7,1.0147,1.24,0.0,7.9,7.6,2.1,14.7,70.0,-2.794335657255157,4.894335657255157,4.5,0,0
BASEL,2007-02-22,7,0.68,1.013,1.26,0.0,8.1,9.4,4.5,15.2,68.0,-0.8884382705447348,5.388438270544735,4.8,0,0
BASEL,2007-02-23,5,0.66,1.0111,1.14,0.0,6.2,9.5,4.8,15.1,66.0,-1.009754148982036,5.8097541489820355,5.6,0,0
BASEL,2007-02-24,6,0.7,1.0081,0.55,0.27,0.8,8.6,5.6,13.3,70.0,0.5632516172068276,5.0367483827931725,4.5,0,0
BASEL,2007-02-25,7,0.69,1.0054,0.46,1.06,1.4,8.2,4.5,10.5,69.0,-0.6888351489172636,5.1888351489172635,5.6,0,0
BASEL,2007-02-26,8,0.8,1.0133,0.37,0.27,0.0,6.7,5.6,8.4,80.0,2.4242886478679635,3.175711352132036,5.0,0,0
BASEL,2007-02-27,7,0.72,1.019,0.7,0.32,2.2,6.8,5.0,10.8,72.0,0.3761378687030566,4.623862131296943,9.5,0,0
BASEL,2007-02-28,7,0.64,1.0088,0.95,0.02,3.9,11.4,9.5,13.0,64.0,3.0304755703638935,6.469524429636106,5.8,0,0
BASEL,2007-03-01,8,0.69,1.0041,0.46,1.18,0.0,9.3,5.8,12.1,69.0,0.5559166052024818,5.244083394797518,5.2,0,0
BASEL,2007-03-02,7,0.8,1.0104,1.08,0.86,3.0,7.2,5.2,10.0,80.0,2.034654263109527,3.1653457368904734,6.9,0,0
BASEL,2007-03-03,6,0.69,1.0116,1.25,0.2,5.7,11.0,6.9,13.6,69.0,1.6089445404584932,5.291055459541507,3.6,0,0
BASEL,2007-03-04,3,0.64,1.0189,1.59,0.0,8.6,9.6,3.6,15.0,64.0,-2.568242354754653,6.168242354754653,3.7,0,0
BASEL,2007-03-05,5,0.67,1.0216,0.7,0.0,2.5,8.7,3.7,12.2,67.0,-1.8542071516278973,5.554207151627898,2.6,1,1
BASEL,2007-03-06,7,0.69,1.0158,1.2,0.07,2.6,8.8,2.6,15.2,69.0,-2.508602748605358,5.1086027486053585,7.7,0,0
BASEL,2007-03-07,7,0.72,1.0069,0.79,0.01,0.7,9.4,7.7,12.1,72.0,2.9736878377415055,4.726312162258495,4.2,0,0
BASEL,2007-03-08,4,0.68,1.0204,1.42,0.0,5.9,8.4,4.2,12.8,68.0,-1.1752459324233835,5.375245932423383,1.1,1,1
BASEL,2007-03-09,5,0.71,1.029,1.26,0.56,5.2,6.6,1.1,11.7,71.0,-3.5647449498499286,4.664744949849929,1.8,1,1
BASEL,2007-03-10,4,0.67,1.0369,1.54,0.01,8.4,6.1,1.8,10.4,67.0,-3.6681098675555166,5.468109867555516,0.0,1,1
BASEL,2007-03-11,0,0.59,1.0334,1.86,0.0,10.9,6.2,0.0,12.9,59.0,-7.046909249702022,7.046909249702022,1.2,1,1
BASEL,2007-03-12,1,0.59,1.0271,1.87,0.0,11.0,7.6,1.2,15.2,59.0,-5.9171746089139905,7.117174608913991,2.2,1,1
BASEL,2007-03-13,3,0.62,1.0283,1.85,0.0,10.7,8.9,2.2,17.1,62.0,-4.319783725664595,6.519783725664595,2.4,1,1
BASEL,2007-03-14,0,0.72,1.0314,1.73,0.0,9.8,8.7,2.4,15.4,72.0,-2.126247432329934,4.526247432329933,2.5,1,1
BASEL,2007-03-15,0,0.76,1.0278,1.69,0.0,8.6,8.8,2.5,16.2,76.0,-1.296193729793137,3.7961937297931367,4.0,0,0
BASEL,2007-03-16,1,0.72,1.0257,1.7,0.0,8.3,9.4,4.0,16.2,72.0,-0.5861971235665782,4.586197123566578,5.0,0,0
BASEL,2007-03-17,5,0.67,1.0263,0.87,0.0,0.7,8.3,5.0,11.6,67.0,-0.6134943036159418,5.6134943036159415,3.4,0,0
BASEL,2007-03-18,7,0.72,1.0125,0.75,0.81,0.8,8.4,3.4,12.2,72.0,-1.1636706488794855,4.563670648879485,1.0,1,1
BASEL,2007-03-19,7,0.76,0.9962,1.04,0.18,2.0,3.4,1.0,8.0,76.0,-2.7492988966580905,3.7492988966580905,-0.2,1,1
BASEL,2007-03-20,8,0.76,1.0003,0.92,0.39,0.2,2.0,-0.2,4.7,76.0,-3.9119895825849746,3.7119895825849745,0.3,1,1
BASEL,2007-03-21,7,0.82,1.0081,1.48,0.27,4.5,2.3,0.3,7.4,82.0,-2.4071808457284636,2.7071808457284634,-0.9,1,1
BASEL,2007-03-22,8,0.85,1.0127,0.79,0.95,0.0,1.7,-0.9,4.3,85.0,-3.099344958917292,2.199344958917292,0.6,1,1
BASEL,2007-03-23,8,0.87,1.0094,0.49,0.12,0.0,1.7,0.6,2.8,87.0,-1.3110084566733946,1.9110084566733945,1.1,1,1
BASEL,2007-03-24,8,0.87,1.0099,0.46,0.28,0.0,2.5,1.1,4.4,87.0,-0.8190039191997002,1.9190039191997004,2.0,1,1
BASEL,2007-03-25,7,0.81,1.0148,0.93,0.0,0.7,4.3,2.0,8.1,81.0,-0.9134755703562337,2.913475570356234,-0.4,1,1
BASEL,2007-03-26,2,0.73,1.0164,2.17,0.0,11.5,7.1,-0.4,14.4,73.0,-4.639901002313177,4.239901002313177,1.6,1,1
BASEL,2007-03-27,4,0.68,1.0159,1.93,0.0,8.6,8.3,1.6,14.5,68.0,-3.6615746604206576,5.261574660420658,2.7,1,1
BASEL,2007-03-28,4,0.67,1.0155,2.0,0.0,8.7,8.8,2.7,16.1,67.0,-2.8088108900933864,5.508810890093386,3.3,0,0
BASEL,2007-03-29,5,0.7,1.0148,1.63,0.0,6.9,8.5,3.3,14.7,70.0,-1.6429375472479832,4.942937547247983,3.1,0,0
BASEL,2007-03-30,7,0.74,1.0115,1.46,0.37,2.3,7.1,3.1,12.9,74.0,-1.079321297544722,4.179321297544722,1.7,1,1
BASEL,2007-03-31,7,0.84,1.0168,0.91,0.02,0.1,4.8,1.7,8.0,84.0,-0.7097033430187674,2.4097033430187675,5.0,0,0
BASEL,2007-04-01,4,0.83,1.0229,1.82,0.0,6.7,7.9,5.0,12.8,83.0,2.3555111590776137,2.6444888409223863,4.8,0,0
BASEL,2007-04-02,5,0.72,1.0221,2.12,0.0,8.3,10.6,4.8,18.0,72.0,0.18368295724580258,4.616317042754197,5.1,0,0
BASEL,2007-04-03,6,0.67,1.0129,1.7,0.1,5.0,9.9,5.1,17.0,67.0,-0.5180675872033393,5.618067587203339,4.2,0,0
BASEL,2007-04-04,8,0.69,1.0129,0.22,0.0,0.0,6.9,4.2,9.2,69.0,-0.9761262086941915,5.176126208694192,2.0,1,1
BASEL,2007-04-05,4,0.62,1.0187,2.3,0.0,11.1,8.3,2.0,14.9,62.0,-4.509064897323268,6.509064897323268,1.6,1,1
BASEL,2007-04-06,0,0.62,1.0206,2.44,0.0,12.1,10.5,1.6,18.5,62.0,-4.887652973667613,6.487652973667613,6.4,0,0
BASEL,2007-04-07,4,0.58,1.0201,2.38,0.0,10.6,13.0,6.4,20.9,57.99999999999999,-1.2585903812272057,7.6585903812272065,6.2,0,0
BASEL,2007-04-08,3,0.58,1.022,2.32,0.0,10.0,10.8,6.2,17.1,57.99999999999999,-1.4462421580159717,7.646242158015972,5.0,0,0
BASEL,2007-04-09,2,0.58,1.0197,2.5,0.0,11.6,12.4,5.0,20.0,57.99999999999999,-2.572355457922569,7.572355457922569,6.3,0,0
BASEL,2007-04-10,3,0.55,1.0208,2.52,0.0,12.1,13.1,6.3,20.5,55.00000000000001,-2.0729080307959005,8.3729080307959,5.5,0,0
BASEL,2007-04-11,0,0.62,1.0209,2.46,0.0,12.0,13.5,5.5,21.4,62.0,-1.1978822482848523,6.697882248284852,6.6,0,0
BASEL,2007-04-12,2,0.61,1.0187,2.43,0.0,11.0,15.2,6.6,23.6,61.0,-0.3810655539106802,6.98106555391068,8.4,0,0
BASEL,2007-04-13,6,0.57,1.0163,2.23,0.0,9.4,16.6,8.4,25.1,56.99999999999999,0.3770188484518845,8.022981151548116,9.1,0,0
BASEL,2007-04-14,3,0.58,1.0179,2.52,0.0,12.0,17.7,9.1,26.2,57.99999999999999,1.273764659661513,7.826235340338487,10.3,0,0
BASEL,2007-04-15,0,0.53,1.0193,2.59,0.0,12.3,18.6,10.3,26.2,53.0,1.1393456105289046,9.160654389471096,8.0,0,0
BASEL,2007-04-16,2,0.51,1.0184,2.63,0.0,12.4,17.1,8.0,25.1,51.0,-1.5184652561630438,9.518465256163044,8.6,0,0
BASEL,2007-04-17,2,0.48,1.0171,2.71,0.0,12.5,17.2,8.6,25.0,48.0,-1.7888890762807033,10.388889076280703,7.0,0,0
BASEL,2007-04-18,4,0.53,1.0209,1.97,0.0,4.1,12.4,7.0,16.3,53.0,-1.922870509075847,8.922870509075846,3.1,0,0
BASEL,2007-04-19,0,0.57,1.0185,2.73,0.0,12.3,11.6,3.1,19.6,56.99999999999999,-4.586533556850442,7.686533556850442,5.2,0,0
BASEL,2007-04-20,0,0.55,1.018,2.75,0.0,12.5,13.3,5.2,21.5,55.00000000000001,-3.098868599488514,8.298868599488515,4.8,0,0
BASEL,2007-04-21,1,0.56,1.019,2.79,0.0,12.6,13.8,4.8,23.1,56.00000000000001,-3.230965911540551,8.030965911540552,7.5,0,0
BASEL,2007-04-22,2,0.54,1.0208,2.72,0.0,12.8,16.0,7.5,24.2,54.0,-1.2043052080280006,8.704305208028,9.9,0,0
BASEL,2007-04-23,2,0.51,1.0214,2.73,0.0,12.5,18.1,9.9,26.2,51.0,0.2366477441206626,9.663352255879337,11.7,0,0
BASEL,2007-04-24,6,0.52,1.0182,2.62,0.0,11.7,18.7,11.7,26.3,52.0,2.1702768964953383,9.529723103504661,10.7,0,0
BASEL,2007-04-25,4,0.51,1.0136,2.76,0.0,12.5,19.8,10.7,27.3,51.0,0.9753282232147729,9.724671776785227,12.8,0,0
BASEL,2007-04-26,3,0.47,1.0147,2.67,0.0,12.8,19.1,12.8,26.4,47.0,1.7670435034580456,11.032956496541955,10.7,0,0
BASEL,2007-04-27,4,0.68,1.019,2.2,0.1,8.0,16.9,10.7,25.1,68.0,5.03538301917885,5.664616980821149,12.0,0,0
BASEL,2007-04-28,5,0.67,1.0196,2.47,0.0,9.1,18.1,12.0,24.7,67.0,6.061986282910318,5.938013717089682,12.0,0,0
BASEL,2007-04-29,5,0.63,1.0145,2.62,0.0,9.3,18.2,12.0,25.8,63.0,5.174197637858039,6.825802362141961,11.9,0,0
BASEL,2007-04-30,5,0.6,1.0099,2.5,0.0,9.0,16.8,11.9,23.0,60.0,4.381061195616205,7.5189388043837955,9.0,0,0
BASEL,2007-05-01,1,0.44,1.0097,2.88,0.0,12.7,16.0,9.0,22.6,44.0,-2.5993672150668163,11.599367215066817,8.3,0,0
BASEL,2007-05-02,4,0.57,1.0098,2.25,0.02,7.7,13.2,8.3,19.1,56.99999999999999,0.2834314279610156,8.016568572038985,9.3,0,0
BASEL,2007-05-03,5,0.63,1.0105,2.6,0.0,9.8,14.3,9.3,20.1,63.0,2.6190392477434106,6.68096075225659,7.7,0,0
BASEL,2007-05-04,7,0.71,1.0052,1.55,0.67,0.9,13.7,7.7,19.3,71.0,2.7764997057203864,4.923500294279614,11.9,0,0
BASEL,2007-05-05,8,0.9,1.0078,0.36,0.79,0.0,12.7,11.9,14.9,90.0,10.311189052110018,1.5888109478899821,11.1,0,0
BASEL,2007-05-06,3,0.61,1.0158,2.63,0.0,8.8,15.8,11.1,22.0,61.0,3.8631928944344267,7.236807105565573,11.5,0,0
BASEL,2007-05-07,8,0.66,1.0194,1.2,0.05,0.2,15.0,11.5,18.5,66.0,5.368835486828341,6.131164513171659,13.1,0,0
BASEL,2007-05-08,7,0.74,1.0183,1.5,0.73,1.2,15.9,13.1,19.3,74.0,8.56961669320027,4.530383306799729,12.7,0,0
BASEL,2007-05-09,8,0.7,1.0205,1.38,0.0,0.1,15.5,12.7,19.0,70.0,7.368217812733861,5.331782187266138,10.3,0,0
BASEL,2007-05-10,6,0.5,1.0156,2.61,0.0,8.7,18.5,10.3,25.4,50.0,0.3323758424852329,9.967624157514768,14.3,0,0
BASEL,2007-05-11,5,0.58,1.012,1.48,0.1,0.9,17.1,14.3,20.1,57.99999999999999,6.145945637366199,8.1540543626338,12.5,0,0
BASEL,2007-05-12,6,0.56,1.0138,2.35,0.0,7.6,17.3,12.5,21.6,56.00000000000001,3.959909763595101,8.540090236404899,11.3,0,0
BASEL,2007-05-13,6,0.51,1.0081,2.49,0.0,6.2,20.4,11.3,27.9,51.0,1.5292163528696592,9.770783647130342,9.4,0,0
BASEL,2007-05-14,8,0.81,1.0118,0.57,2.3,0.0,13.2,9.4,17.3,81.0,6.305019833469158,3.094980166530842,7.9,0,0
BASEL,2007-05-15,7,0.77,1.0186,1.34,0.01,1.5,10.5,7.9,13.6,77.0,4.1186774673882,3.7813225326118003,6.6,0,0
BASEL,2007-05-16,7,0.8,1.0159,1.51,1.83,2.4,11.0,6.6,16.0,80.0,3.3983014522692305,3.201698547730769,9.3,0,0
BASEL,2007-05-17,7,0.9,1.0132,0.77,0.76,0.0,12.5,9.3,15.7,90.0,7.744013711092374,1.5559862889076266,9.4,0,0
BASEL,2007-05-18,3,0.7,1.0183,3.07,0.0,11.6,14.6,9.4,20.3,70.0,4.206368530006988,5.193631469993012,8.7,0,0
BASEL,2007-05-19,1,0.65,1.0139,3.26,0.0,14.0,17.2,8.7,25.0,65.0,2.489428795738658,6.210571204261342,11.5,0,0
BASEL,2007-05-20,5,0.67,1.0122,2.81,0.0,8.5,19.2,11.5,26.2,67.0,5.585461424905034,5.914538575094966,14.1,0,0
BASEL,2007-05-21,3,0.65,1.0149,2.57,0.04,8.6,20.8,14.1,29.6,65.0,7.617809989058194,6.482190010941806,16.5,0,0
BASEL,2007-05-22,3,0.67,1.0176,2.91,0.0,10.7,21.6,16.5,27.4,67.0,10.348668661399504,6.151331338600496,15.1,0,0
BASEL,2007-05-23,3,0.7,1.0164,2.99,0.0,12.3,21.0,15.1,26.7,70.0,9.666630196282638,5.433369803717362,14.9,0,0
BASEL,2007-05-24,2,0.72,1.0132,2.78,0.07,10.5,20.7,14.9,28.9,72.0,9.895108826523165,5.004891173476835,16.2,0,0
BASEL,2007-05-25,6,0.61,1.0075,2.58,0.0,6.8,23.4,16.2,29.7,61.0,8.667957138167754,7.532042861832245,16.1,0,0
BASEL,2007-05-26,7,0.57,1.0023,2.02,0.0,5.0,21.7,16.1,27.0,56.99999999999999,7.57581194506252,8.524188054937483,11.9,0,0
BASEL,2007-05-27,7,0.74,1.0003,1.84,3.07,1.8,15.8,11.9,19.1,74.0,7.41247807481363,4.48752192518637,8.3,0,0
BASEL,2007-05-28,8,0.86,1.0013,1.03,2.71,0.0,10.1,8.3,12.4,86.0,6.09652384920989,2.2034761507901104,6.9,0,0
BASEL,2007-05-29,8,0.81,1.0106,0.74,0.21,1.1,9.1,6.9,11.3,81.0,3.866944738736329,3.033055261263671,4.8,0,0
BASEL,2007-05-30,5,0.62,1.0141,3.25,0.06,12.8,12.4,4.8,18.8,62.0,-1.8599087797052638,6.659908779705264,9.8,0,0
BASEL,2007-05-31,7,0.74,1.0121,2.3,2.6,3.9,14.5,9.8,21.1,74.0,5.387004076663411,4.41299592333659,11.3,0,0
BASEL,2007-06-01,8,0.9,1.0158,1.05,0.84,0.0,12.6,11.3,14.9,90.0,9.718794190538397,1.5812058094616042,12.0,0,0
BASEL,2007-06-02,6,0.89,1.02,0.64,0.54,0.1,14.2,12.0,18.1,89.0,10.242481378148542,1.7575186218514585,12.3,0,0
BASEL,2007-06-03,6,0.84,1.0192,1.78,0.0,0.3,16.3,12.3,21.0,84.0,9.673352504391527,2.6266474956084735,13.6,0,0
BASEL,2007-06-04,6,0.77,1.0172,2.59,0.04,6.1,18.4,13.6,25.5,77.0,9.642537403458325,3.9574625965416743,12.8,0,0
BASEL,2007-06-05,5,0.75,1.0144,2.67,0.0,8.0,19.1,12.8,25.7,75.0,8.478357093651594,4.321642906348407,14.3,0,0
BASEL,2007-06-06,7,0.77,1.0114,1.93,0.0,1.5,19.1,14.3,24.8,77.0,10.320634111349689,3.979365888650312,16.5,0,0
BASEL,2007-06-07,6,0.76,1.0113,2.34,0.01,4.8,20.7,16.5,26.6,76.0,12.25230243458761,4.247697565412389,16.1,0,0
BASEL,2007-06-08,4,0.78,1.0148,2.41,4.56,3.9,20.9,16.1,27.6,78.0,12.260276500464595,3.839723499535406,17.4,0,0
BASEL,2007-06-09,5,0.79,1.0153,2.59,0.23,7.0,21.3,17.4,26.4,79.0,13.717145492111838,3.6828545078881607,16.4,0,0
BASEL,2007-06-10,6,0.77,1.0138,2.25,0.34,7.9,20.6,16.4,26.8,77.0,12.35456735144362,4.045432648556378,15.9,0,0
BASEL,2007-06-11,7,0.84,1.0135,1.51,0.57,1.8,18.8,15.9,23.9,84.0,13.197569258870555,2.7024307411294455,16.9,0,0
BASEL,2007-06-12,5,0.72,1.0115,2.77,0.0,7.1,20.8,16.9,25.4,72.0,11.8163385635938,5.083661436406199,16.7,0,0
BASEL,2007-06-13,6,0.71,1.0085,2.77,0.0,8.3,21.3,16.7,25.8,71.0,11.412630963294054,5.287369036705945,16.1,0,0
BASEL,2007-06-14,6,0.73,1.006,2.5,1.83,6.5,21.2,16.1,29.0,73.0,11.25599855214396,4.844001447856041,13.8,0,0
BASEL,2007-06-15,7,0.92,1.0083,0.57,2.02,0.7,16.4,13.8,18.5,92.0,12.521761722339788,1.278238277660213,13.8,0,0
BASEL,2007-06-16,2,0.68,1.0108,2.59,0.18,8.9,17.9,13.8,23.6,68.0,7.994765538203861,5.8052344617961396,13.3,0,0
BASEL,2007-06-17,4,0.72,1.009,2.64,1.75,8.3,19.6,13.3,26.7,72.0,8.357690972393202,4.9423090276067985,15.9,0,0
BASEL,2007-06-18,6,0.8,1.0124,2.66,0.9,8.5,20.1,15.9,25.0,80.0,12.451617864677354,3.448382135322646,16.7,0,0
BASEL,2007-06-19,3,0.67,1.0117,3.3,0.3,13.5,23.3,16.7,29.9,67.0,10.539102637639447,6.1608973623605525,19.0,0,0
BASEL,2007-06-20,6,0.74,1.0122,2.63,0.81,7.3,22.8,19.0,28.4,74.0,14.255973463330504,4.744026536669496,15.4,0,0
BASEL,2007-06-21,5,0.82,1.0138,1.9,1.56,5.3,18.3,15.4,21.2,82.0,12.34061354672154,3.05938645327846,14.0,0,0
BASEL,2007-06-22,5,0.72,1.0132,2.15,0.48,5.6,17.3,14.0,21.1,72.0,9.030358770176973,4.9696412298230275,14.2,0,0
BASEL,2007-06-23,5,0.66,1.0157,1.88,0.01,4.9,17.0,14.2,21.7,66.0,7.936926993811252,6.263073006188748,12.8,0,0
BASEL,2007-06-24,4,0.61,1.0132,3.07,0.0,10.7,20.2,12.8,26.0,61.0,5.4654174628945515,7.334582537105449,12.7,0,0
BASEL,2007-06-25,8,0.76,1.0089,0.86,1.0,0.7,17.0,12.7,23.4,76.0,8.57731984335652,4.122680156643479,12.5,0,0
BASEL,2007-06-26,7,0.7,1.0095,1.86,0.19,1.9,14.4,12.5,18.7,70.0,7.176641099605169,5.323358900394831,11.3,0,0
BASEL,2007-06-27,8,0.76,1.0128,0.99,0.14,0.4,13.0,11.3,15.8,76.0,7.222915917421037,4.077084082578963,11.9,0,0
BASEL,2007-06-28,7,0.65,1.0166,1.49,0.01,0.7,14.5,11.9,17.2,65.0,5.5291532054375665,6.370846794562434,10.8,0,0
BASEL,2007-06-29,6,0.64,1.0175,2.5,0.0,5.5,16.8,10.8,22.5,64.0,4.263151167414584,6.536848832585417,14.7,0,0
BASEL,2007-06-30,6,0.65,1.0173,2.6,0.0,5.5,18.9,14.7,23.2,65.0,8.187280601106867,6.5127193988931324,14.6,0,0
BASEL,2007-07-01,6,0.69,1.0114,1.93,0.39,4.5,20.1,14.6,25.8,69.0,8.974407451107508,5.625592548892492,14.2,0,0
BASEL,2007-07-02,7,0.84,1.0121,1.07,0.73,0.4,16.3,14.2,19.7,84.0,11.533488668452387,2.6665113315476123,13.4,0,0
BASEL,2007-07-03,7,0.83,1.0098,1.17,0.78,1.6,15.1,13.4,18.7,83.0,10.570355605565577,2.829644394434423,10.5,0,0
BASEL,2007-07-04,7,0.78,1.0123,1.76,0.92,3.1,13.6,10.5,17.2,78.0,6.826624979677023,3.673375020322977,11.7,0,0
BASEL,2007-07-05,7,0.7,1.0185,1.98,0.0,2.8,14.7,11.7,18.3,70.0,6.410269077740025,5.289730922259975,13.1,0,0
BASEL,2007-07-06,6,0.7,1.0165,1.51,0.0,3.5,17.4,13.1,22.5,70.0,7.751351690513598,5.348648309486402,13.9,0,0
BASEL,2007-07-07,4,0.68,1.0178,2.61,0.0,7.5,19.3,13.9,25.4,68.0,8.090201453582381,5.809798546417619,13.2,0,0
BASEL,2007-07-08,7,0.87,1.0167,1.45,1.62,2.6,17.7,13.2,22.0,87.0,11.082459443953091,2.117540556046908,11.2,0,0
BASEL,2007-07-09,7,0.78,1.0152,1.65,0.55,2.5,15.5,11.2,20.2,78.0,7.5060298653699045,3.693970134630095,10.6,0,0
BASEL,2007-07-10,7,0.78,1.0163,1.72,0.16,0.5,12.7,10.6,17.4,78.0,6.923686292980265,3.6763137070197347,11.4,0,0
BASEL,2007-07-11,7,0.82,1.0175,1.17,0.49,0.6,13.9,11.4,16.9,82.0,8.435984455650445,2.9640155443495555,13.1,0,0
BASEL,2007-07-12,5,0.69,1.02,2.55,0.0,7.4,17.2,13.1,22.4,69.0,7.540363305536531,5.559636694463468,14.1,0,0
BASEL,2007-07-13,1,0.62,1.0177,3.26,0.0,14.3,21.1,14.1,28.1,62.0,6.927029076842982,7.172970923157018,16.2,0,0
BASEL,2007-07-14,1,0.62,1.017,3.18,0.0,13.8,23.4,16.2,30.8,62.0,8.908617965652311,7.291382034347688,17.2,0,0
BASEL,2007-07-15,0,0.59,1.0144,3.18,0.0,14.3,25.4,17.2,33.5,59.0,9.113709609797723,8.086290390202276,18.7,0,0
BASEL,2007-07-16,1,0.6,1.013,3.05,0.33,12.2,25.3,18.7,33.6,60.0,10.772300912738817,7.927699087261182,18.6,0,0
BASEL,2007-07-17,5,0.62,1.0177,2.27,0.05,4.5,22.6,18.6,26.4,62.0,11.17213863092957,7.427861369070431,18.4,0,0
BASEL,2007-07-18,5,0.73,1.0181,2.19,0.07,6.0,22.2,18.4,27.7,73.0,13.468658531800461,4.931341468199538,17.8,0,0
BASEL,2007-07-19,6,0.8,1.0151,1.92,1.52,4.1,21.2,17.8,26.1,80.0,14.300109513452337,3.499890486547663,17.0,0,0
BASEL,2007-07-20,3,0.74,1.0147,2.04,0.32,5.4,21.1,17.0,25.6,74.0,12.328936192919926,4.671063807080074,16.0,0,0
BASEL,2007-07-21,8,0.84,1.0163,0.73,0.34,0.0,17.5,16.0,20.1,84.0,13.295448948667023,2.7045510513329774,15.0,0,0
BASEL,2007-07-22,5,0.7,1.0144,2.47,0.0,6.4,18.2,15.0,23.0,70.0,9.570881740425838,5.429118259574162,13.3,0,0
BASEL,2007-07-23,6,0.77,1.005,1.61,2.16,3.1,17.9,13.3,25.1,77.0,9.35190631676451,3.9480936832354914,13.4,0,0
BASEL,2007-07-24,7,0.78,1.0105,1.75,0.15,2.3,16.7,13.4,21.8,78.0,9.640933183466942,3.7590668165330587,12.9,0,0
BASEL,2007-07-25,3,0.68,1.0171,3.04,0.0,11.2,18.5,12.9,24.5,68.0,7.135763462084907,5.764236537915093,13.3,0,0
BASEL,2007-07-26,1,0.65,1.0144,3.04,0.0,13.3,20.8,13.3,27.8,65.0,6.858407151079336,6.441592848920664,18.7,0,0
BASEL,2007-07-27,3,0.59,1.0173,3.15,0.0,12.8,22.2,18.7,26.1,59.0,10.519786531286442,8.180213468713557,16.1,0,0
BASEL,2007-07-28,5,0.64,1.0186,2.37,0.0,4.8,21.2,16.1,25.4,64.0,9.285165642661212,6.814834357338789,15.2,0,0
BASEL,2007-07-29,6,0.75,1.0166,1.81,1.32,2.3,19.7,15.2,25.0,75.0,10.79587842948773,4.4041215705122685,10.6,0,0
BASEL,2007-07-30,1,0.65,1.0195,2.95,0.0,11.1,15.5,10.6,19.9,65.0,4.294505128456524,6.305494871543476,8.3,0,0
BASEL,2007-07-31,2,0.65,1.0193,3.13,0.0,13.2,14.8,8.3,21.0,65.0,2.1093233133020446,6.190676686697956,8.2,0,0
BASEL,2007-08-01,1,0.62,1.0151,3.14,0.32,12.8,18.2,8.2,25.5,62.0,1.3546657851013877,6.845334214898612,16.5,0,0
BASEL,2007-08-02,6,0.72,1.0149,1.22,0.19,1.3,19.7,16.5,23.5,72.0,11.432140833461439,5.067859166538561,14.6,0,0
BASEL,2007-08-03,6,0.72,1.0225,2.07,0.01,5.8,17.9,14.6,23.2,72.0,9.606872373958131,4.993127626041868,12.7,0,0
BASEL,2007-08-04,2,0.71,1.0233,3.0,0.0,12.9,19.3,12.7,25.7,71.0,7.575918794411119,5.1240812055888805,13.9,0,0
BASEL,2007-08-05,1,0.6,1.0155,3.09,0.0,13.2,22.0,13.9,29.1,60.0,6.261926287457729,7.638073712542272,16.5,0,0
BASEL,2007-08-06,3,0.66,1.0109,2.79,2.42,10.5,22.8,16.5,29.7,66.0,10.123481112894964,6.376518887105036,15.6,0,0
BASEL,2007-08-07,8,0.89,1.0131,0.9,2.34,0.0,18.1,15.6,20.6,89.0,13.791622221521614,1.8083777784783859,13.8,0,0
BASEL,2007-08-08,8,0.89,1.0136,0.59,7.57,0.0,14.9,13.8,17.0,89.0,12.017141833838007,1.7828581661619936,12.5,0,0
BASEL,2007-08-09,8,0.88,1.0141,0.62,0.63,0.0,13.1,12.5,14.2,88.0,10.5656870961818,1.9343129038181992,12.2,0,0
BASEL,2007-08-10,8,0.86,1.0149,0.88,0.24,0.1,14.6,12.2,16.7,86.0,9.926426572001063,2.2735734279989366,14.8,0,0
BASEL,2007-08-11,5,0.88,1.014,1.12,0.0,2.7,17.2,14.8,21.2,88.0,12.830100729162028,1.9698992708379723,14.5,0,0
BASEL,2007-08-12,5,0.8,1.0112,2.56,0.0,7.6,19.4,14.5,25.7,80.0,11.089330365369781,3.410669634630219,15.4,0,0
BASEL,2007-08-13,4,0.76,1.013,2.4,0.03,8.5,20.2,15.4,25.4,76.0,11.18868051060107,4.21131948939893,16.3,0,0
BASEL,2007-08-14,6,0.77,1.0126,2.32,0.0,8.2,21.1,16.3,26.1,77.0,12.257725524473381,4.04227447552662,19.3,0,0
BASEL,2007-08-15,4,0.6,1.0082,2.51,0.01,7.5,25.3,19.3,33.1,60.0,11.335730631011328,7.964269368988672,15.5,0,0
BASEL,2007-08-16,8,0.71,1.0149,1.24,0.09,2.0,18.5,15.5,24.2,71.0,10.261880634234313,5.238119365765687,12.6,0,0
BASEL,2007-08-17,5,0.69,1.0203,1.8,0.0,5.1,16.9,12.6,20.9,69.0,7.062264085463418,5.537735914536581,13.5,0,0
BASEL,2007-08-18,4,0.71,1.017,2.58,0.0,9.0,17.3,13.5,22.8,71.0,8.343461886962176,5.156538113037824,12.9,0,0
BASEL,2007-08-19,6,0.78,1.0121,1.92,1.47,5.3,16.9,12.9,23.0,78.0,9.155777062257338,3.744222937742663,13.8,0,0
BASEL,2007-08-20,7,0.8,1.0092,1.07,0.28,0.3,15.3,13.8,17.9,80.0,10.408109910682718,3.3918900893172825,12.8,0,0
BASEL,2007-08-21,7,0.9,1.0073,0.64,0.05,0.0,14.3,12.8,16.3,90.0,11.199747353236312,1.600252646763689,11.3,0,0
BASEL,2007-08-22,6,0.74,1.0102,2.12,0.13,7.3,16.3,11.3,21.7,74.0,6.833833747860889,4.466166252139112,14.3,0,0
BASEL,2007-08-23,6,0.73,1.0145,2.37,0.0,7.9,18.5,14.3,24.4,73.0,9.52381763395935,4.776182366040651,14.2,0,0
BASEL,2007-08-24,3,0.7,1.0226,2.56,0.0,11.6,19.7,14.2,26.3,70.0,8.80483547804999,5.39516452195001,14.5,0,0
BASEL,2007-08-25,1,0.7,1.027,2.61,0.0,12.7,20.6,14.5,27.4,70.0,9.092115038630864,5.407884961369136,14.7,0,0
BASEL,2007-08-26,5,0.72,1.0257,2.29,0.0,8.5,20.8,14.7,28.0,72.0,9.702952698754492,4.997047301245507,16.7,0,0
BASEL,2007-08-27,3,0.74,1.0203,2.17,0.0,8.4,21.0,16.7,27.0,74.0,12.039832730917327,4.660167269082672,13.7,0,0
BASEL,2007-08-28,7,0.85,1.0169,1.02,0.97,0.7,16.6,13.7,20.1,85.0,11.222510178642612,2.4774898213573877,13.5,0,0
BASEL,2007-08-29,8,0.94,1.0137,0.22,2.69,0.0,14.4,13.5,15.4,94.0,12.552466598707781,0.947533401292219,11.0,0,0
BASEL,2007-08-30,6,0.84,1.0174,1.14,0.22,3.2,14.2,11.0,19.4,84.0,8.400456589646451,2.599543410353549,9.9,0,0
BASEL,2007-08-31,7,0.74,1.021,1.86,0.0,5.2,15.5,9.9,19.8,74.0,5.48346911631429,4.41653088368571,12.3,0,0
BASEL,2007-09-01,5,0.78,1.0223,1.5,0.0,1.6,15.8,12.3,19.8,78.0,8.573551533761743,3.726448466238258,11.4,0,0
BASEL,2007-09-02,4,0.73,1.0202,2.47,0.0,11.3,16.4,11.4,22.5,73.0,6.732094996525036,4.6679050034749645,12.3,0,0
BASEL,2007-09-03,8,0.82,1.0171,0.74,0.55,0.3,14.9,12.3,18.1,82.0,9.31465608947463,2.985343910525371,8.5,0,0
BASEL,2007-09-04,5,0.76,1.0232,1.73,0.0,5.5,11.9,8.5,15.5,76.0,4.513359795375282,3.9866402046247176,6.3,0,0
BASEL,2007-09-05,2,0.72,1.0291,1.95,0.0,7.8,10.6,6.3,16.1,72.0,1.6269475094971446,4.673052490502855,5.2,0,0
BASEL,2007-09-06,6,0.81,1.0284,0.95,0.01,1.9,10.4,5.2,14.0,81.0,2.2087006455241838,2.9912993544758164,11.0,0,0
BASEL,2007-09-07,7,0.84,1.0268,0.8,0.0,0.0,13.4,11.0,16.6,84.0,8.400456589646451,2.599543410353549,10.2,0,0
BASEL,2007-09-08,5,0.77,1.0242,2.06,0.0,8.2,14.8,10.2,20.4,77.0,6.348078412333796,3.8519215876662036,11.0,0,0
BASEL,2007-09-09,7,0.76,1.0209,1.38,0.0,1.1,15.3,11.0,19.5,76.0,6.932654059563137,4.067345940436863,9.3,0,0
BASEL,2007-09-10,7,0.73,1.0189,1.96,0.02,6.5,14.8,9.3,20.1,73.0,4.709742228664508,4.590257771335493,9.0,0,0
BASEL,2007-09-11,6,0.69,1.0221,1.71,0.0,5.3,13.8,9.0,18.2,69.0,3.6187017912704285,5.3812982087295715,6.3,0,0
BASEL,2007-09-12,3,0.78,1.0249,2.18,0.0,10.8,12.9,6.3,20.1,78.0,2.749004295985119,3.550995704014881,8.8,0,0
BASEL,2007-09-13,3,0.78,1.0232,2.11,0.0,9.4,14.5,8.8,22.1,78.0,5.176405531186197,3.6235944688138035,12.0,0,0
BASEL,2007-09-14,3,0.75,1.0203,2.0,0.0,9.7,17.4,12.0,24.6,75.0,7.70567972281074,4.29432027718926,12.1,0,0
BASEL,2007-09-15,4,0.74,1.0234,1.9,0.0,9.2,16.8,12.1,22.1,74.0,7.605348402588553,4.494651597411447,10.4,0,0
BASEL,2007-09-16,1,0.78,1.0188,2.06,0.0,11.3,17.1,10.4,24.5,78.0,6.729562508821908,3.6704374911780926,13.2,0,0
BASEL,2007-09-17,7,0.81,1.013,1.43,1.78,5.6,17.7,13.2,24.7,81.0,10.009710772588233,3.190289227411766,10.4,0,0
BASEL,2007-09-18,7,0.82,1.0184,0.95,0.12,2.7,12.7,10.4,15.8,82.0,7.459594028509274,2.9404059714907262,7.5,0,0
BASEL,2007-09-19,4,0.76,1.0255,1.82,0.0,6.9,11.2,7.5,16.6,76.0,3.5454193096788083,3.9545806903211917,6.0,0,0
BASEL,2007-09-20,2,0.74,1.0257,2.02,0.0,11.4,11.7,6.0,18.6,74.0,1.720302373173204,4.279697626826796,7.8,0,0
BASEL,2007-09-21,2,0.73,1.0237,1.84,0.0,9.2,14.4,7.8,22.0,73.0,3.2648132249776127,4.535186775022387,10.8,0,0
BASEL,2007-09-22,2,0.74,1.0231,1.84,0.0,10.3,16.1,10.8,23.3,74.0,6.351591932248652,4.448408067751349,11.7,0,0
BASEL,2007-09-23,3,0.74,1.0224,1.86,0.0,10.3,16.9,11.7,23.9,74.0,7.219602189927494,4.480397810072505,13.3,0,0
BASEL,2007-09-24,4,0.76,1.0176,1.61,0.14,8.1,17.7,13.3,24.5,76.0,9.157702338755223,4.142297661244777,11.3,0,0
BASEL,2007-09-25,6,0.7,1.0179,1.26,0.0,3.3,13.5,11.3,17.3,70.0,6.02704396054161,5.272956039458391,8.1,0,0
BASEL,2007-09-26,7,0.79,1.013,1.19,0.5,3.5,11.0,8.1,14.5,79.0,4.678976649755454,3.4210233502445453,8.1,0,0
BASEL,2007-09-27,8,0.92,1.0062,0.34,0.46,0.0,9.2,8.1,10.4,92.0,6.87890451415497,1.22109548584503,7.8,0,0
BASEL,2007-09-28,8,0.84,1.0087,0.38,0.21,0.2,10.4,7.8,12.5,84.0,5.266581663866042,2.533418336133958,9.5,0,0
BASEL,2007-09-29,5,0.73,1.0171,1.53,0.18,6.8,13.3,9.5,17.7,73.0,4.902374787448513,4.597625212551487,11.7,0,0
BASEL,2007-09-30,6,0.85,1.0229,0.88,0.0,2.0,14.3,11.7,18.6,85.0,9.26158130064667,2.4384186993533294,12.3,0,0
BASEL,2007-10-01,7,0.76,1.0226,1.64,0.0,9.8,17.3,12.3,23.7,76.0,8.190372738096316,4.109627261903684,13.9,0,0
BASEL,2007-10-02,7,0.82,1.0199,1.15,0.0,3.5,17.5,13.9,22.7,82.0,10.87655247411823,3.023447525881771,13.8,0,0
BASEL,2007-10-03,5,0.82,1.0188,1.43,0.03,7.4,18.5,13.8,24.9,82.0,10.778940943773707,3.021059056226294,16.6,0,0
BASEL,2007-10-04,7,0.84,1.0204,0.83,0.02,0.8,18.5,16.6,21.7,84.0,13.882709813753717,2.7172901862462844,14.1,0,0
BASEL,2007-10-05,8,0.88,1.0205,0.4,0.0,0.0,16.3,14.1,17.5,88.0,12.140965432952843,1.9590345670471567,9.6,0,0
BASEL,2007-10-06,5,0.79,1.0193,1.38,0.0,6.8,14.1,9.6,18.1,79.0,6.1373895997736865,3.462610400226313,6.7,0,0
BASEL,2007-10-07,2,0.83,1.021,1.58,0.0,8.5,11.5,6.7,17.5,83.0,4.018539251118733,2.6814607488812676,7.7,0,0
BASEL,2007-10-08,4,0.82,1.0233,1.46,0.0,7.7,12.1,7.7,18.1,82.0,4.8228738614181905,2.8771261385818097,8.1,0,0
BASEL,2007-10-09,5,0.83,1.0249,1.3,0.0,5.4,11.7,8.1,16.5,83.0,5.3879012153912855,2.712098784608714,8.4,0,0
BASEL,2007-10-10,5,0.79,1.0222,1.07,0.0,3.6,12.3,8.4,17.4,79.0,4.970679058527285,3.4293209414727155,7.1,0,0
BASEL,2007-10-11,3,0.86,1.0252,1.09,0.0,5.2,10.0,7.1,15.0,86.0,4.917873399693453,2.182126600306547,5.6,0,0
BASEL,2007-10-12,7,0.8,1.0244,1.16,0.0,4.8,10.5,5.6,15.7,80.0,2.4242886478679635,3.175711352132036,6.0,0,0
BASEL,2007-10-13,2,0.77,1.0241,1.36,0.0,7.4,11.2,6.0,17.3,77.0,2.2765134703268197,3.7234865296731803,5.6,0,0
BASEL,2007-10-14,1,0.82,1.0234,1.35,0.0,7.6,9.9,5.6,15.2,82.0,2.7716211667944655,2.828378833205534,7.7,0,0
BASEL,2007-10-15,2,0.81,1.0215,1.41,0.0,9.0,12.1,7.7,18.7,81.0,4.64719600410863,3.05280399589137,7.7,0,0
BASEL,2007-10-16,3,0.81,1.0223,1.31,0.0,7.4,12.4,7.7,19.7,81.0,4.64719600410863,3.05280399589137,9.0,0,0
BASEL,2007-10-17,6,0.78,1.021,1.13,0.15,6.1,14.0,9.0,20.7,78.0,5.3705663623062945,3.6294336376937055,3.8,0,0
BASEL,2007-10-18,5,0.73,1.0289,1.17,0.0,5.7,9.6,3.8,12.8,73.0,-0.5899259323742101,4.38992593237421,1.9,1,1
BASEL,2007-10-19,7,0.76,1.0324,0.71,0.0,0.6,5.5,1.9,10.1,76.0,-1.877401375890131,3.777401375890131,0.1,1,1
BASEL,2007-10-20,1,0.67,1.0331,1.38,0.0,9.1,4.5,0.1,8.4,67.0,-5.291632523727266,5.3916325237272655,-0.7,1,1
BASEL,2007-10-21,7,0.78,1.0293,0.62,0.15,0.4,3.2,-0.7,6.6,78.0,-4.051571950114009,3.3515719501140087,1.0,1,1
BASEL,2007-10-22,7,0.7,1.0238,0.89,0.0,3.4,4.5,1.0,8.0,70.0,-3.849990558314341,4.849990558314341,4.2,0,0
BASEL,2007-10-23,8,0.68,1.0203,0.35,0.0,0.0,5.7,4.2,7.3,68.0,-1.1752459324233835,5.375245932423383,4.4,0,0
BASEL,2007-10-24,8,0.71,1.0187,0.31,0.0,0.7,6.6,4.4,8.1,71.0,-0.39326696351822904,4.79326696351823,6.6,0,0
BASEL,2007-10-25,8,0.73,1.0197,0.33,0.0,0.0,7.7,6.6,9.0,73.0,2.108635149803255,4.491364850196744,6.0,0,0
BASEL,2007-10-26,8,0.79,1.0196,0.34,0.0,0.0,7.9,6.0,9.7,79.0,2.636782269032634,3.363217730967366,4.3,0,0
BASEL,2007-10-27,7,0.78,1.0287,0.39,0.0,0.0,8.4,4.3,10.9,78.0,0.8065620334528625,3.4934379665471376,2.9,1,0
BASEL,2007-10-28,5,0.85,1.0252,0.83,0.0,3.3,6.4,2.9,11.1,85.0,0.6298399432841526,2.2701600567158473,2.6,1,1
BASEL,2007-10-29,6,0.79,1.0172,1.02,0.0,6.1,7.9,2.6,14.1,79.0,-0.6706577037548335,3.2706577037548334,3.0,1,0
BASEL,2007-10-30,6,0.82,1.0193,0.23,0.16,0.0,8.0,3.0,10.4,82.0,0.2314045749280244,2.7685954250719758,2.1,1,0
BASEL,2007-10-31,6,0.92,1.0286,0.49,0.0,1.0,4.6,2.1,8.4,92.0,0.9376500686988656,1.1623499313011345,2.6,1,0
BASEL,2007-11-01,5,0.9,1.0322,0.68,0.0,3.7,4.5,2.6,7.2,90.0,1.127030959908021,1.472969040091979,2.0,1,0
BASEL,2007-11-02,4,0.87,1.0326,0.89,0.0,5.6,4.8,2.0,9.8,87.0,0.06656252638804273,1.9334374736119573,1.6,1,1
BASEL,2007-11-03,4,0.82,1.0286,0.98,0.0,7.1,7.3,1.6,12.2,82.0,-1.1366658291134324,2.7366658291134325,4.9,0,0
BASEL,2007-11-04,7,0.82,1.0256,0.31,0.03,0.4,9.0,4.9,11.7,82.0,2.0877787890769834,2.812221210923017,0.9,1,1
BASEL,2007-11-05,1,0.79,1.0275,1.01,0.0,8.6,5.2,0.9,10.9,79.0,-2.324855441059866,3.2248554410598658,3.3,0,0
BASEL,2007-11-06,7,0.72,1.0297,0.53,0.02,1.1,7.3,3.3,9.8,72.0,-1.2599215257797625,4.559921525779762,4.1,0,0
BASEL,2007-11-07,6,0.75,1.0294,0.33,0.17,0.0,6.6,4.1,8.3,75.0,0.07091613696323075,4.029083863036769,6.9,0,0
BASEL,2007-11-08,8,0.81,1.0221,0.3,0.51,0.0,8.7,6.9,10.1,81.0,3.866944738736329,3.033055261263671,3.0,1,0
BASEL,2007-11-09,6,0.67,1.0215,0.63,0.0,2.6,5.2,3.0,8.9,67.0,-2.5224106603904572,5.522410660390458,3.2,0,0
BASEL,2007-11-10,8,0.7,1.0233,0.14,0.0,0.0,5.7,3.2,8.8,70.0,-1.7388784073631702,4.938878407363171,7.1,0,0
BASEL,2007-11-11,8,0.78,1.0168,0.26,0.41,0.0,8.7,7.1,10.3,78.0,3.5258514484445334,3.5741485515554663,1.9,1,1
BASEL,2007-11-12,4,0.76,1.0223,0.63,0.01,3.5,4.7,1.9,7.6,76.0,-1.877401375890131,3.777401375890131,1.5,1,1
BASEL,2007-11-13,6,0.72,1.0177,0.56,0.05,1.7,4.0,1.5,6.6,72.0,-2.9926957831506007,4.492695783150601,0.1,1,1
BASEL,2007-11-14,8,0.84,1.0102,0.16,0.3,0.0,2.8,0.1,4.8,84.0,-2.277761032869159,2.377761032869159,-2.8,1,1
BASEL,2007-11-15,6,0.82,1.0214,0.3,0.0,0.1,0.0,-2.8,2.1,82.0,-5.437507704778335,2.6375077047783355,-4.4,1,1
BASEL,2007-11-16,6,0.72,1.0279,0.29,0.0,0.0,-1.2,-4.4,1.0,72.0,-8.675780302502258,4.275780302502257,-5.5,1,1
BASEL,2007-11-17,2,0.79,1.0266,0.88,0.0,7.2,-1.4,-5.5,2.3,79.0,-8.55528184156966,3.055281841569659,-3.8,1,1
BASEL,2007-11-18,3,0.78,1.0151,0.81,0.0,7.0,-0.6,-3.8,3.7,78.0,-7.065071076979663,3.2650710769796634,-2.1,1,1
BASEL,2007-11-19,7,0.7,1.0128,0.3,0.0,0.1,0.9,-2.1,3.1,70.0,-6.82608188257072,4.726081882570719,0.6,1,1
BASEL,2007-11-20,8,0.65,1.0133,0.36,0.0,0.4,4.3,0.6,7.4,65.0,-5.213775006342305,5.813775006342305,4.7,0,0
BASEL,2007-11-21,7,0.81,1.0116,0.19,0.65,0.0,6.3,4.7,8.0,81.0,1.7209273934295133,2.9790726065704867,6.1,0,0
BASEL,2007-11-22,7,0.88,1.0102,0.22,0.92,0.0,7.2,6.1,9.1,88.0,4.263015828602992,1.8369841713970079,6.5,0,0
BASEL,2007-11-23,8,0.94,1.0136,0.12,0.85,0.0,8.0,6.5,9.7,94.0,5.604445069429454,0.8955549305705457,3.8,0,0
BASEL,2007-11-24,8,0.92,1.0235,0.07,0.0,0.0,4.6,3.8,7.0,92.0,2.6211518028503398,1.17884819714966,2.1,1,1
BASEL,2007-11-25,8,0.77,1.0257,0.2,0.0,0.0,4.4,2.1,6.1,77.0,-1.5061458704452073,3.606145870445207,2.9,1,1
BASEL,2007-11-26,7,0.74,1.0291,0.48,0.0,1.7,4.8,2.9,6.7,74.0,-1.2724419332951433,4.1724419332951435,-1.3,1,1
BASEL,2007-11-27,1,0.78,1.0297,0.73,0.0,7.5,2.5,-1.3,7.0,78.0,-4.6347428358627205,3.3347428358627207,-3.0,1,1
BASEL,2007-11-28,1,0.83,1.0229,0.7,0.0,7.9,0.1,-3.0,5.5,83.0,-5.473912733810085,2.473912733810085,-3.4,1,1
BASEL,2007-11-29,6,0.85,1.0173,0.48,0.0,3.3,0.0,-3.4,2.2,85.0,-5.553362372997885,2.153362372997885,1.5,1,1
BASEL,2007-11-30,8,0.87,1.0165,0.16,0.02,0.0,4.7,1.5,8.1,87.0,-0.42541220995414564,1.9254122099541457,2.1,1,0
BASEL,2007-12-01,8,0.86,1.0153,0.12,0.06,0.0,6.4,2.1,9.5,86.0,0.005720936335949539,2.0942790636640507,5.7,0,0
BASEL,2007-12-02,7,0.63,1.0119,0.34,0.69,0.2,9.7,5.7,12.0,63.0,-0.7901899345863392,6.49018993458634,4.7,0,0
BASEL,2007-12-03,6,0.75,1.0056,0.33,0.52,1.6,7.1,4.7,10.3,75.0,0.6510632870502567,4.048936712949743,4.7,0,0
BASEL,2007-12-04,7,0.78,1.0207,0.26,0.0,0.0,6.3,4.7,7.6,78.0,1.1950875634247224,3.5049124365752777,5.3,0,0
BASEL,2007-12-05,3,0.78,1.0238,0.64,0.12,7.2,7.4,5.3,11.2,78.0,1.7778410961853164,3.5221589038146837,7.1,0,0
BASEL,2007-12-06,8,0.73,1.0221,0.41,0.11,0.8,9.8,7.1,11.9,73.0,2.5904013906592525,4.509598609340747,5.3,0,0
BASEL,2007-12-07,8,0.72,1.0094,0.31,0.17,0.2,10.2,5.3,14.5,72.0,0.664808905485903,4.635191094514097,4.1,0,0
BASEL,2007-12-08,6,0.72,1.012,0.51,0.19,3.3,5.8,4.1,7.3,72.0,-0.48995682503036275,4.589956825030362,5.5,0,0
BASEL,2007-12-09,6,0.66,0.9986,0.35,0.1,1.3,8.4,5.5,10.9,66.0,-0.34293933056392206,5.842939330563922,5.2,0,0
BASEL,2007-12-10,8,0.8,1.0048,0.28,0.31,0.0,6.2,5.2,7.8,80.0,2.034654263109527,3.1653457368904734,2.6,1,0
BASEL,2007-12-11,8,0.88,1.0228,0.12,0.64,0.0,4.4,2.6,5.9,88.0,0.8151877695127708,1.7848122304872294,3.2,0,0
BASEL,2007-12-12,8,0.9,1.0334,0.1,0.01,0.0,3.8,3.2,5.1,90.0,1.7196887825579315,1.4803112174420687,2.7,1,1
BASEL,2007-12-13,7,0.75,1.0363,0.27,0.0,1.2,4.6,2.7,6.6,75.0,-1.2829471332197222,3.9829471332197226,-1.1,1,1
BASEL,2007-12-14,5,0.76,1.0353,0.47,0.0,1.9,0.4,-1.1,3.3,76.0,-4.784128114497139,3.6841281144971387,-1.6,1,1
BASEL,2007-12-15,3,0.57,1.0321,0.33,0.0,1.1,-0.5,-1.6,0.8,56.99999999999999,-8.994012889863425,7.394012889863426,-4.7,1,1
BASEL,2007-12-16,7,0.73,1.0326,0.18,0.0,0.0,-1.6,-4.7,1.0,73.0,-8.78895860256785,4.088958602567851,-3.7,1,1
BASEL,2007-12-17,7,0.64,1.0308,0.09,0.0,0.0,-0.7,-3.7,0.3,64.0,-9.505163910976465,5.805163910976465,-5.5,1,1
BASEL,2007-12-18,8,0.72,1.0341,0.16,0.0,0.0,-2.4,-5.5,-1.4,72.0,-9.73592113489973,4.23592113489973,-4.7,1,1
BASEL,2007-12-19,1,0.74,1.0388,0.58,0.0,6.6,-2.2,-4.7,0.3,74.0,-8.615154131876446,3.915154131876446,-4.4,1,1
BASEL,2007-12-20,0,0.8,1.0362,0.58,0.0,6.6,-2.6,-4.4,0.3,80.0,-7.32159044702059,2.9215904470205896,-4.6,1,1
BASEL,2007-12-21,0,0.8,1.0316,0.61,0.0,7.2,-2.8,-4.6,0.4,80.0,-7.516614748891517,2.9166147488915177,-4.5,1,1
BASEL,2007-12-22,4,0.84,1.0299,0.53,0.0,4.2,-2.6,-4.5,1.3,84.0,-6.787102384303647,2.2871023843036467,-5.6,1,1
BASEL,2007-12-23,7,0.87,1.0315,0.57,0.0,5.8,-3.2,-5.6,0.3,87.0,-7.413240570252361,1.8132405702523613,-7.4,1,1
BASEL,2007-12-24,3,0.87,1.0313,0.61,0.0,7.0,-4.3,-7.4,-0.1,87.0,-9.185333424915303,1.7853334249153026,-8.5,1,1
BASEL,2007-12-25,5,0.84,1.0268,0.57,0.0,6.1,-3.9,-8.5,0.2,84.0,-10.709687231005995,2.2096872310059954,-3.8,1,1
BASEL,2007-12-26,8,0.87,1.0308,0.14,0.12,0.0,-1.3,-3.8,1.3,87.0,-5.64136243327149,1.84136243327149,-0.6,1,1
BASEL,2007-12-27,7,0.89,1.037,0.41,0.0,1.5,0.4,-0.6,2.3,89.0,-2.1851860190157764,1.5851860190157763,-2.8,1,1
BASEL,2007-12-28,5,0.81,1.0336,0.53,0.0,5.2,-0.9,-2.8,1.4,81.0,-5.5986401833283965,2.7986401833283967,-3.8,1,1
BASEL,2007-12-29,4,0.8,1.0266,0.58,0.47,5.8,0.0,-3.8,3.5,80.0,-6.736542664659257,2.9365426646592576,1.3,1,1
BASEL,2007-12-30,6,0.85,1.0275,0.36,0.0,1.5,3.8,1.3,6.2,85.0,-0.9402076964646425,2.2402076964646427,-2.4,1,1
BASEL,2007-12-31,6,0.86,1.0311,0.49,0.0,1.3,0.9,-2.4,4.9,86.0,-4.416746118276467,2.0167461182764668,-2.2,1,1
BASEL,2008-01-01,8,0.86,1.0257,0.22,0.0,0.0,-0.5,-2.2,0.9,86.0,-4.220161240854722,2.020161240854722,-2.1,1,1
BASEL,2008-01-02,8,0.67,1.0181,0.25,0.0,0.0,-1.4,-2.1,-0.8,67.0,-7.393443263277048,5.293443263277048,-3.1,1,1
BASEL,2008-01-03,7,0.68,1.0076,0.28,0.0,0.1,-0.5,-3.1,3.2,68.0,-8.15910792439776,5.059107924397761,-3.6,1,1
BASEL,2008-01-04,8,0.8,1.0131,0.14,0.0,0.0,-0.3,-3.6,2.3,80.0,-6.541535111173132,2.9415351111731316,1.7,1,1
BASEL,2008-01-05,8,0.74,1.0126,0.1,1.14,0.0,6.3,1.7,11.6,74.0,-2.431282682816237,4.131282682816237,4.6,0,0
BASEL,2008-01-06,7,0.88,1.0157,0.19,0.54,0.1,6.4,4.6,8.3,88.0,2.78546657099786,1.8145334290021395,2.3,1,1
BASEL,2008-01-07,5,0.79,1.0211,0.28,0.37,1.2,7.0,2.3,11.5,79.0,-0.9625518030214864,3.262551803021486,0.9,1,1
BASEL,2008-01-08,4,0.76,1.0251,0.6,0.0,6.8,3.7,0.9,6.9,76.0,-2.8461827738310075,3.7461827738310074,1.0,1,1
BASEL,2008-01-09,7,0.87,1.0213,0.16,0.12,0.0,3.7,1.0,6.3,87.0,-0.9174035021462194,1.9174035021462195,3.7,0,0
BASEL,2008-01-10,6,0.82,1.0203,0.67,0.0,7.5,6.1,3.7,9.3,82.0,0.9153711348528075,2.7846288651471927,3.8,0,0
BASEL,2008-01-11,6,0.65,1.0093,0.65,0.1,6.3,7.3,3.8,11.0,65.0,-2.169007837270208,5.969007837270208,2.8,1,1
BASEL,2008-01-12,8,0.8,1.014,0.15,0.09,0.0,4.7,2.8,7.7,80.0,-0.30350327301505936,3.1035032730150593,0.9,1,1
BASEL,2008-01-13,3,0.79,1.0184,0.64,0.0,4.1,3.0,0.9,5.9,79.0,-2.324855441059866,3.2248554410598658,0.1,1,1
BASEL,2008-01-14,8,0.86,1.0153,0.22,0.57,0.0,2.7,0.1,4.3,86.0,-1.9596410028330185,2.0596410028330183,1.8,1,1
BASEL,2008-01-15,5,0.81,1.0098,0.62,0.18,4.8,5.0,1.8,8.2,81.0,-1.108645226953113,2.908645226953113,4.8,0,0
BASEL,2008-01-16,6,0.74,1.0036,0.49,0.13,3.4,7.0,4.8,10.1,74.0,0.5619793350670477,4.238020664932952,3.0,1,0
BASEL,2008-01-17,6,0.8,1.0146,0.45,0.29,1.9,5.4,3.0,9.7,80.0,-0.10863381141960067,3.1086338114196006,4.9,0,0
BASEL,2008-01-18,7,0.78,1.0229,0.33,0.03,0.2,9.4,4.9,12.0,78.0,1.3893433758053297,3.5106566241946706,10.0,0,0
BASEL,2008-01-19,7,0.61,1.0305,0.34,0.0,0.6,11.9,10.0,13.5,61.0,2.8261199380682602,7.17388006193174,3.6,0,0
BASEL,2008-01-20,5,0.65,1.0302,0.76,0.0,5.3,9.2,3.6,12.6,65.0,-2.35924735584275,5.95924735584275,3.4,0,0
BASEL,2008-01-21,7,0.76,1.0238,0.54,0.51,2.1,7.2,3.4,10.9,76.0,-0.42446829868238434,3.824468298682384,0.1,1,1
BASEL,2008-01-22,5,0.78,1.0232,0.25,0.26,1.5,5.9,0.1,10.9,78.0,-3.274075721295538,3.374075721295538,-3.1,1,1
BASEL,2008-01-23,1,0.75,1.034,0.83,0.0,8.5,1.7,-3.1,6.7,75.0,-6.894593555641378,3.7945935556413777,-1.0,1,1
BASEL,2008-01-24,5,0.65,1.0327,0.74,0.04,7.0,3.6,-1.0,7.8,65.0,-6.736906840681998,5.736906840681998,0.1,1,1
BASEL,2008-01-25,5,0.82,1.0408,0.56,0.0,2.8,4.4,0.1,7.3,82.0,-2.6026587072477314,2.7026587072477315,-1.2,1,1
BASEL,2008-01-26,7,0.81,1.0403,0.79,0.0,7.6,1.9,-1.2,6.8,81.0,-4.036665191543931,2.836665191543931,-1.2,1,1
BASEL,2008-01-27,7,0.6,1.0371,0.64,0.0,2.9,3.5,-1.2,11.2,60.0,-7.961092100824637,6.761092100824637,-0.4,1,1
BASEL,2008-01-28,6,0.6,1.0346,0.88,0.0,7.2,2.7,-0.4,8.5,60.0,-7.206252275698678,6.806252275698678,-1.6,1,1
BASEL,2008-01-29,2,0.77,1.0291,0.88,0.0,7.3,2.2,-1.6,7.5,77.0,-5.096533458913962,3.496533458913962,0.6,1,1
BASEL,2008-01-30,8,0.8,1.0273,0.33,0.04,0.0,2.7,0.6,5.4,80.0,-2.4473434217170458,3.047343421717046,0.7,1,1
BASEL,2008-01-31,7,0.83,1.0251,0.27,0.02,0.0,1.4,0.7,3.0,83.0,-1.852104992019538,2.552104992019538,1.2,1,1
BASEL,2008-02-01,8,0.63,1.0081,0.37,0.62,0.1,7.6,1.2,12.8,63.0,-5.055509807092418,6.255509807092418,-1.7,1,1
BASEL,2008-02-02,4,0.76,1.0194,0.76,0.0,4.9,2.2,-1.7,5.5,76.0,-5.365611201906626,3.665611201906626,-3.0,1,1
BASEL,2008-02-03,2,0.73,1.0177,1.04,0.0,8.7,0.7,-3.0,5.5,73.0,-7.148312324754534,4.148312324754534,-0.6,1,1
BASEL,2008-02-04,8,0.76,1.0117,0.26,0.01,0.0,3.1,-0.6,6.2,76.0,-4.299593953365303,3.699593953365303,0.5,1,1
BASEL,2008-02-05,5,0.76,1.0222,0.56,0.11,1.4,5.1,0.5,12.0,76.0,-3.2337310334280067,3.7337310334280067,5.1,0,0
BASEL,2008-02-06,6,0.65,1.027,0.52,0.01,1.4,10.0,5.1,12.6,65.0,-0.932640774960064,6.032640774960064,0.1,1,1
BASEL,2008-02-07,1,0.8,1.0382,1.06,0.0,9.1,4.6,0.1,9.4,80.0,-2.9346504165084886,3.0346504165084887,-2.1,1,1
BASEL,2008-02-08,1,0.76,1.037,1.09,0.0,9.3,2.5,-2.1,9.1,76.0,-5.7532921075778,3.6532921075778,-2.3,1,1
BASEL,2008-02-09,0,0.69,1.0347,1.12,0.0,9.4,2.7,-2.3,9.3,69.0,-7.204512167152744,4.9045121671527445,-2.7,1,1
BASEL,2008-02-10,3,0.7,1.034,1.1,0.0,9.0,2.8,-2.7,8.5,70.0,-7.40228103055305,4.70228103055305,-2.1,1,1
BASEL,2008-02-11,1,0.74,1.0333,1.13,0.0,9.0,2.5,-2.1,8.5,74.0,-6.102268031523516,4.002268031523515,-0.8,1,1
BASEL,2008-02-12,5,0.69,1.0331,1.01,0.0,6.1,2.6,-0.8,8.5,69.0,-5.766556342955028,4.966556342955029,-2.1,1,1
BASEL,2008-02-13,1,0.74,1.0351,1.11,0.0,8.6,1.7,-2.1,7.4,74.0,-6.102268031523516,4.002268031523515,-3.5,1,1
BASEL,2008-02-14,3,0.84,1.0351,1.13,0.0,8.3,0.3,-3.5,6.8,84.0,-5.80666237450278,2.30666237450278,-1.6,1,1
BASEL,2008-02-15,8,0.8,1.0352,0.16,0.0,0.0,0.1,-1.6,1.7,80.0,-4.591689825816752,2.9916898258167515,-4.8,1,1
BASEL,2008-02-16,0,0.52,1.0397,1.34,0.0,9.6,0.7,-4.8,5.8,52.0,-13.131546694611751,8.331546694611752,-3.0,1,1
BASEL,2008-02-17,1,0.53,1.0408,1.31,0.0,9.6,0.7,-3.0,6.3,53.0,-11.220731947977901,8.220731947977901,-5.0,1,1
BASEL,2008-02-18,0,0.61,1.0344,1.32,0.0,9.6,1.1,-5.0,8.8,61.0,-11.342452489436942,6.342452489436942,-3.4,1,1
BASEL,2008-02-19,0,0.58,1.0266,1.31,0.0,9.6,2.6,-3.4,10.9,57.99999999999999,-10.464887504988923,7.064887504988922,-1.3,1,1
BASEL,2008-02-20,6,0.76,1.0246,0.71,0.41,3.7,3.8,-1.3,9.5,76.0,-4.977950707755997,3.677950707755997,5.5,0,0
BASEL,2008-02-21,8,0.92,1.0283,0.22,0.16,0.0,6.9,5.5,8.9,92.0,4.304537845575371,1.1954621544246287,4.1,0,0
BASEL,2008-02-22,7,0.77,1.031,0.7,0.0,0.0,8.7,4.1,12.9,77.0,0.43391053610203567,3.666089463897964,6.2,0,0
BASEL,2008-02-23,3,0.68,1.0295,1.31,0.0,9.1,11.1,6.2,16.5,68.0,0.7365066117828737,5.463493388217127,3.2,0,0
BASEL,2008-02-24,0,0.67,1.0242,1.4,0.0,9.9,9.7,3.2,17.7,67.0,-2.3314862734808584,5.5314862734808585,2.9,1,1
BASEL,2008-02-25,5,0.7,1.0244,1.19,0.0,6.3,8.3,2.9,14.9,70.0,-2.0267107860074667,4.926710786007467,3.5,0,0
BASEL,2008-02-26,5,0.73,1.0185,0.81,0.23,2.1,9.4,3.5,16.5,73.0,-0.8791249436602675,4.379124943660267,3.8,0,0
BASEL,2008-02-27,6,0.72,1.0212,1.01,0.0,3.8,8.3,3.8,11.1,72.0,-0.778682253938879,4.5786822539388785,2.4,1,1
BASEL,2008-02-28,5,0.69,1.0235,1.09,0.01,4.4,8.0,2.4,12.7,69.0,-2.7001928216280238,5.100192821628024,8.6,0,0
BASEL,2008-02-29,8,0.72,1.0202,0.7,0.32,0.8,11.8,8.6,15.3,72.0,3.8392932097834733,4.760706790216526,9.9,0,0
BASEL,2008-03-01,8,0.64,1.0128,0.62,0.26,0.9,11.9,9.9,13.7,64.0,3.4097965075285135,6.490203492471487,9.3,0,0
BASEL,2008-03-02,7,0.64,1.0176,0.5,0.0,0.0,11.4,9.3,13.5,64.0,2.840803053844532,6.459196946155469,3.6,0,0
BASEL,2008-03-03,7,0.73,1.0149,0.87,0.3,1.4,8.8,3.6,13.3,73.0,-0.7827238220057325,4.382723822005732,0.7,1,1
BASEL,2008-03-04,8,0.78,1.016,1.04,0.28,2.4,3.1,0.7,6.3,78.0,-2.6910022580035378,3.391002258003538,-2.1,1,1
BASEL,2008-03-05,4,0.66,1.0276,1.5,0.08,6.4,1.3,-2.1,4.7,66.0,-7.587581633077231,5.48758163307723,-4.8,1,1
BASEL,2008-03-06,1,0.6,1.0267,1.73,0.0,10.4,0.3,-4.8,5.6,60.0,-11.359678752644596,6.559678752644596,-3.5,1,1
BASEL,2008-03-07,7,0.63,1.0173,0.92,0.02,0.5,1.4,-3.5,5.5,63.0,-9.514893926709927,6.014893926709927,1.5,1,1
BASEL,2008-03-08,7,0.78,1.0144,1.0,0.0,2.5,4.6,1.5,10.1,78.0,-1.9136359095190283,3.4136359095190283,-0.2,1,1
BASEL,2008-03-09,6,0.69,1.0084,1.34,0.0,5.4,6.6,-0.2,12.3,69.0,-5.191480900799708,4.991480900799708,5.2,0,0
BASEL,2008-03-10,7,0.64,0.9983,0.81,0.13,1.7,8.6,5.2,11.1,64.0,-1.049254458714518,6.2492544587145185,6.4,0,0
BASEL,2008-03-11,7,0.63,1.0021,1.16,0.32,3.3,9.2,6.4,12.8,63.0,-0.1270736726952691,6.52707367269527,6.6,0,0
BASEL,2008-03-12,7,0.69,1.0084,0.88,0.78,2.3,10.7,6.6,13.8,69.0,1.3217754224324438,5.278224577567556,5.4,0,0
BASEL,2008-03-13,7,0.58,1.0201,0.62,0.02,0.2,7.8,5.4,10.3,57.99999999999999,-2.1969457550540663,7.596945755054067,7.4,0,0
BASEL,2008-03-14,7,0.65,1.016,1.15,0.0,1.2,11.5,7.4,16.3,65.0,1.2539722313569857,6.146027768643014,4.2,0,0
BASEL,2008-03-15,4,0.64,1.0101,1.6,0.0,7.5,11.7,4.2,18.1,64.0,-1.9985615538150943,6.198561553815095,7.8,0,0
BASEL,2008-03-16,7,0.6,1.0069,1.09,0.03,1.7,10.6,7.8,12.9,60.0,0.5224477224004153,7.277552277599584,3.9,0,0
BASEL,2008-03-17,8,0.78,1.0107,0.4,0.36,0.0,6.8,3.9,8.9,78.0,0.4180179620941584,3.4819820379058415,-0.5,1,1
BASEL,2008-03-18,5,0.6,1.0144,1.3,0.0,4.1,3.9,-0.5,8.2,60.0,-7.300599270572073,6.800599270572073,-2.4,1,1
BASEL,2008-03-19,6,0.67,1.0166,1.45,0.0,5.1,2.1,-2.4,7.1,67.0,-7.680122151956087,5.280122151956087,0.0,1,1
BASEL,2008-03-20,7,0.64,1.0176,1.4,0.1,3.2,3.3,0.0,6.9,64.0,-5.987848564445352,5.987848564445352,2.1,1,1
BASEL,2008-03-21,8,0.77,0.993,0.51,0.85,0.4,4.1,2.1,7.9,77.0,-1.5061458704452073,3.606145870445207,1.3,1,1
BASEL,2008-03-22,4,0.69,0.9921,1.19,0.07,4.8,3.2,1.3,7.1,69.0,-3.754059429104262,5.054059429104262,-2.3,1,1
BASEL,2008-03-23,8,0.83,0.9993,0.55,0.23,0.0,0.6,-2.3,2.8,83.0,-4.788613545503572,2.488613545503572,-4.5,1,1
BASEL,2008-03-24,6,0.74,0.9998,1.03,0.16,3.3,-0.4,-4.5,2.7,74.0,-8.421821745277578,3.921821745277578,-0.8,1,1
BASEL,2008-03-25,6,0.76,1.0079,1.52,0.03,4.4,1.2,-0.8,4.3,76.0,-4.493403791312758,3.6934037913127584,2.1,1,1
BASEL,2008-03-26,6,0.8,1.0053,0.87,0.18,0.1,4.8,2.1,8.5,80.0,-0.9855793262557748,3.085579326255775,0.8,1,1
BASEL,2008-03-27,6,0.73,1.0039,1.34,0.0,2.8,5.2,0.8,10.1,73.0,-3.4825039156029933,4.282503915602994,-0.2,1,1
BASEL,2008-03-28,4,0.59,1.0127,2.14,0.14,9.2,7.0,-0.2,13.0,59.0,-7.235231234423436,7.035231234423436,6.5,0,0
BASEL,2008-03-29,5,0.55,1.0204,2.24,0.0,9.3,9.7,6.5,14.7,55.00000000000001,-1.8864038488303632,8.386403848830364,5.9,0,0
BASEL,2008-03-30,7,0.46,1.0118,1.86,0.03,7.0,12.5,5.9,20.3,46.0,-4.830641201424159,10.73064120142416,6.5,0,0
BASEL,2008-03-31,8,0.69,1.019,1.2,0.04,1.2,9.2,6.5,12.7,69.0,1.2260489968230837,5.273951003176917,6.4,0,0
BASEL,2008-04-01,5,0.64,1.0246,1.74,0.0,4.6,10.9,6.4,15.8,64.0,0.08964863846710772,6.310351361532892,8.2,0,0
BASEL,2008-04-02,8,0.62,1.0245,1.09,0.0,0.2,10.3,8.2,12.8,62.0,1.3546657851013877,6.845334214898612,6.0,0,0
BASEL,2008-04-03,7,0.7,1.0251,0.88,0.08,1.0,7.8,6.0,10.9,70.0,0.9468485458605979,5.053151454139402,2.7,1,1
BASEL,2008-04-04,6,0.67,1.0267,1.36,0.0,2.9,7.2,2.7,11.3,67.0,-2.8088108900933864,5.508810890093386,3.9,0,0
BASEL,2008-04-05,7,0.65,1.0132,1.42,0.48,1.8,8.7,3.9,14.9,65.0,-2.073890998471973,5.973890998471973,3.0,1,0
BASEL,2008-04-06,5,0.74,1.0032,1.32,0.15,2.7,5.2,3.0,8.7,74.0,-1.1758809194433744,4.175880919443374,-0.8,1,1
BASEL,2008-04-07,3,0.62,1.0075,1.69,0.0,6.0,2.7,-0.8,7.0,62.0,-7.159902201447088,6.359902201447088,-1.7,1,1
BASEL,2008-04-08,8,0.72,1.0052,0.57,0.0,0.0,3.0,-1.7,6.0,72.0,-6.074393067360755,4.374393067360755,5.2,0,0
BASEL,2008-04-09,8,0.84,0.9978,0.62,2.07,0.5,8.1,5.2,11.6,84.0,2.719687439928476,2.4803125600715243,7.7,0,0
BASEL,2008-04-10,8,0.94,0.9976,0.43,1.92,0.0,8.6,7.7,9.6,94.0,6.795638219033832,0.9043617809661679,5.6,0,0
BASEL,2008-04-11,7,0.86,1.0013,0.73,0.67,1.0,9.0,5.6,14.4,86.0,3.444415480746287,2.1555845192537126,4.1,0,0
BASEL,2008-04-12,6,0.71,1.0132,1.67,0.0,6.1,8.2,4.1,12.8,71.0,-0.6815124076919788,4.781512407691978,4.2,0,0
BASEL,2008-04-13,6,0.64,1.0146,1.55,0.05,3.8,9.4,4.2,15.2,64.0,-1.9985615538150943,6.198561553815095,5.5,0,0
BASEL,2008-04-14,8,0.74,1.0166,1.01,0.08,0.1,7.6,5.5,10.7,74.0,1.2376921203295241,4.262307879670476,4.4,0,0
BASEL,2008-04-15,8,0.81,1.0213,0.88,0.39,1.2,5.9,4.4,8.2,81.0,1.4282515713264199,2.9717484286735805,2.6,1,1
BASEL,2008-04-16,6,0.77,1.0188,1.93,0.16,5.1,5.5,2.6,10.0,77.0,-1.021086146533174,3.621086146533174,2.4,1,1
BASEL,2008-04-17,7,0.75,1.0061,1.82,0.02,4.2,6.2,2.4,11.1,75.0,-1.573094681928205,3.973094681928205,4.5,0,0
BASEL,2008-04-18,6,0.71,0.9961,2.26,0.02,7.0,10.7,4.5,16.7,71.0,-0.297188291759595,4.797188291759595,8.2,0,0
BASEL,2008-04-19,6,0.6,1.0,1.77,0.02,3.9,12.0,8.2,17.0,60.0,0.8990659958582349,7.300934004141764,4.7,0,0
BASEL,2008-04-20,7,0.72,1.0027,1.62,0.0,2.7,10.7,4.7,16.5,72.0,0.0874532353298353,4.612546764670165,8.4,0,0
BASEL,2008-04-21,8,0.89,1.0009,0.44,2.76,0.0,9.8,8.4,11.4,89.0,6.692620153104896,1.7073798468951047,9.2,0,0
BASEL,2008-04-22,8,0.91,1.0082,0.25,1.78,0.0,9.9,9.2,10.4,91.0,7.807404334451318,1.392595665548681,9.8,0,0
BASEL,2008-04-23,8,0.89,1.0189,0.69,0.1,0.1,11.7,9.8,13.8,89.0,8.073207355526003,1.7267926444739974,9.2,0,0
BASEL,2008-04-24,6,0.7,1.0247,2.12,0.0,5.3,13.7,9.2,19.1,70.0,4.014684250403628,5.185315749596371,8.1,0,0
BASEL,2008-04-25,7,0.6,1.0289,1.54,0.0,3.8,13.2,8.1,17.1,60.0,0.8049148380817891,7.295085161918211,4.9,0,0
BASEL,2008-04-26,2,0.56,1.027,2.88,0.0,12.5,13.0,4.9,19.6,56.00000000000001,-3.137480989151943,8.037480989151943,7.0,0,0
BASEL,2008-04-27,6,0.56,1.0196,2.64,0.0,10.3,14.8,7.0,21.4,56.00000000000001,-1.1748872731709605,8.17488727317096,9.7,0,0
BASEL,2008-04-28,8,0.78,1.0113,1.01,0.25,1.4,13.0,9.7,18.0,78.0,6.0500927996441,3.6499072003558997,8.6,0,0
BASEL,2008-04-29,5,0.61,1.0068,2.28,0.01,6.2,11.7,8.6,16.4,61.0,1.5058230177228344,7.094176982277165,7.3,0,0
BASEL,2008-04-30,6,0.74,1.0056,0.98,0.19,1.7,9.7,7.3,13.6,74.0,2.974926287032958,4.325073712967042,6.7,0,0
BASEL,2008-05-01,7,0.71,1.0157,2.08,0.01,5.2,10.8,6.7,16.5,71.0,1.8161449862586676,4.883855013741332,6.2,0,0
BASEL,2008-05-02,3,0.6,1.0224,2.68,0.0,10.4,13.7,6.2,20.8,60.0,-0.9843892509640356,7.184389250964036,6.5,0,0
BASEL,2008-05-03,4,0.59,1.0236,2.51,0.0,7.8,14.3,6.5,22.1,59.0,-0.9315550600313924,7.431555060031393,7.1,0,0
BASEL,2008-05-04,4,0.58,1.0206,2.76,0.0,11.9,16.0,7.1,23.0,57.99999999999999,-0.6018851316476034,7.701885131647603,8.7,0,0
BASEL,2008-05-05,1,0.45,1.0215,3.2,0.0,13.1,15.7,8.7,21.7,45.0,-2.569564629677018,11.269564629677017,7.9,0,0
BASEL,2008-05-06,1,0.47,1.0206,3.14,0.0,13.0,16.6,7.9,23.5,47.0,-2.7146942989921925,10.614694298992193,8.5,0,0
BASEL,2008-05-07,2,0.51,1.0187,3.1,0.0,12.2,17.1,8.5,23.6,51.0,-1.0564914675814638,9.556491467581465,9.5,0,0
BASEL,2008-05-08,1,0.49,1.016,3.16,0.0,13.1,17.3,9.5,23.9,49.0,-0.6815005428927877,10.181500542892788,8.7,0,0
BASEL,2008-05-09,4,0.52,1.0134,2.82,0.0,9.8,17.5,8.7,24.6,52.0,-0.6061157799377719,9.306115779937771,10.2,0,0
BASEL,2008-05-10,3,0.44,1.013,3.14,0.0,13.0,19.4,10.2,26.6,44.0,-1.5098070198005002,11.7098070198005,10.6,0,0
BASEL,2008-05-11,4,0.59,1.0148,3.03,0.4,10.9,16.7,10.6,24.4,59.0,2.920729305458955,7.679270694541044,9.3,0,0
BASEL,2008-05-12,1,0.66,1.0147,3.21,0.0,13.3,16.3,9.3,23.4,66.0,3.275303953875337,6.024696046124664,9.2,0,0
BASEL,2008-05-13,1,0.55,1.0125,3.15,0.0,13.1,17.4,9.2,24.8,55.00000000000001,0.6303761526904199,8.569623847309579,10.5,0,0
BASEL,2008-05-14,4,0.55,1.0123,2.75,0.01,8.7,17.8,10.5,25.6,55.00000000000001,1.8414778373069463,8.658522162693053,13.6,0,0
BASEL,2008-05-15,7,0.76,1.0114,1.79,1.04,1.2,15.9,13.6,20.2,76.0,9.44787641480119,4.15212358519881,12.9,0,0
BASEL,2008-05-16,7,0.78,1.0089,2.47,0.81,7.2,16.8,12.9,22.1,78.0,9.155777062257338,3.744222937742663,12.6,0,0
BASEL,2008-05-17,8,0.89,1.0082,0.73,0.43,0.0,14.5,12.6,16.6,89.0,10.834054872626453,1.7659451273735467,11.6,0,0
BASEL,2008-05-18,6,0.84,1.0083,1.75,1.1,4.1,13.7,11.6,18.7,84.0,8.987964295403698,2.612035704596302,11.3,0,0
BASEL,2008-05-19,8,0.84,1.0094,0.87,0.05,0.0,13.2,11.3,15.9,84.0,8.694214146302278,2.605785853697723,10.4,0,0
BASEL,2008-05-20,7,0.66,1.0104,0.89,0.0,2.2,13.6,10.4,16.2,66.0,4.322183414014499,6.077816585985501,8.6,0,0
BASEL,2008-05-21,8,0.7,1.0138,0.9,0.0,0.0,11.7,8.6,14.4,70.0,3.439592277711523,5.160407722288477,10.0,0,0
BASEL,2008-05-22,8,0.76,1.0145,1.14,0.0,0.0,13.0,10.0,16.6,76.0,5.965031815342599,4.034968184657401,10.0,0,0
BASEL,2008-05-23,4,0.66,1.0118,3.13,0.01,10.3,15.8,10.0,21.8,66.0,3.941526287138032,6.058473712861968,12.9,0,0
BASEL,2008-05-24,8,0.84,1.0098,1.03,0.78,0.5,15.4,12.9,19.3,84.0,10.260796016604951,2.639203983395049,13.4,0,0
BASEL,2008-05-25,7,0.76,1.0115,2.06,0.13,2.9,18.2,13.4,23.9,76.0,9.25442830268633,4.14557169731367,15.6,0,0
BASEL,2008-05-26,8,0.79,1.0099,1.44,0.16,1.2,19.0,15.6,24.2,79.0,11.968565063371829,3.631434936628171,16.0,0,0
BASEL,2008-05-27,7,0.81,1.009,2.01,0.0,2.4,19.8,16.0,23.0,81.0,12.738570113545817,3.2614298864541826,17.4,0,0
BASEL,2008-05-28,6,0.65,1.0112,2.57,0.0,4.6,20.4,17.4,24.3,65.0,10.749034061168768,6.650965938831231,16.4,0,0
BASEL,2008-05-29,8,0.78,1.0088,1.74,0.4,1.7,20.0,16.4,24.2,78.0,12.551262601664963,3.848737398335036,15.6,0,0
BASEL,2008-05-30,7,0.77,1.0101,2.18,1.69,4.5,19.3,15.6,24.8,77.0,11.57979875528728,4.02020124471272,14.7,0,0
BASEL,2008-05-31,7,0.84,1.0149,1.82,0.44,2.6,17.4,14.7,22.7,84.0,12.022948816762433,2.677051183237566,14.4,0,0
BASEL,2008-06-01,7,0.76,1.014,1.82,0.0,2.7,19.1,14.4,24.5,76.0,10.221617990308687,4.178382009691314,14.9,0,0
BASEL,2008-06-02,7,0.76,1.0123,1.89,0.0,3.5,18.0,14.9,22.7,76.0,10.705165144803562,4.194834855196438,13.2,0,0
BASEL,2008-06-03,7,0.73,1.0145,2.34,0.38,1.3,17.7,13.2,22.4,73.0,8.465031726676376,4.734968273323624,13.9,0,0
BASEL,2008-06-04,8,0.86,1.0164,0.6,0.06,0.0,14.4,13.9,15.2,86.0,11.595531011200338,2.3044689887996626,13.8,0,0
BASEL,2008-06-05,8,0.88,1.0124,0.6,0.1,0.0,15.0,13.8,16.2,88.0,11.845612608957435,1.954387391042566,11.7,0,0
BASEL,2008-06-06,8,0.86,1.0139,0.49,0.12,0.0,13.4,11.7,15.1,86.0,9.435474181816277,2.2645258181837224,11.6,0,0
BASEL,2008-06-07,8,0.89,1.0171,0.37,0.07,0.0,12.3,11.6,12.9,89.0,9.848087931558295,1.7519120684417047,12.0,0,0
BASEL,2008-06-08,7,0.83,1.0177,1.6,0.01,1.0,15.2,12.0,21.1,83.0,9.20164500649058,2.7983549935094203,9.9,0,0
BASEL,2008-06-09,4,0.75,1.0194,2.84,0.0,9.2,17.5,9.9,24.7,75.0,5.676996446531867,4.223003553468133,13.3,0,0
BASEL,2008-06-10,4,0.75,1.0192,2.87,0.54,8.2,19.1,13.3,26.4,75.0,8.961237214972853,4.338762785027148,14.6,0,0
BASEL,2008-06-11,7,0.84,1.0176,1.48,0.33,0.7,17.3,14.6,22.3,84.0,11.925058432559641,2.6749415674403583,11.3,0,0
BASEL,2008-06-12,6,0.71,1.0139,2.86,0.31,6.9,15.9,11.3,21.3,71.0,6.232476858307203,5.0675231416927975,9.9,0,0
BASEL,2008-06-13,7,0.71,1.0163,2.06,0.07,1.9,12.8,9.9,17.2,71.0,4.888727437386218,5.011272562613782,8.8,0,0
BASEL,2008-06-14,5,0.62,1.0163,2.76,0.0,7.0,13.4,8.8,19.0,62.0,1.9216867850718664,6.878313214928134,8.2,0,0
BASEL,2008-06-15,8,0.81,1.0128,1.19,0.7,0.1,11.8,8.2,15.4,81.0,5.134820908608947,3.0651790913910526,10.9,0,0
BASEL,2008-06-16,8,0.82,1.0102,1.53,0.46,0.0,13.6,10.9,16.4,82.0,7.947800902304461,2.952199097695539,12.6,0,0
BASEL,2008-06-17,7,0.88,1.0117,1.19,0.24,0.6,15.3,12.6,19.2,88.0,10.66414655553348,1.9358534444665203,14.5,0,0
BASEL,2008-06-18,4,0.64,1.0147,2.14,0.0,10.0,18.5,14.5,22.8,64.0,7.769679367584547,6.730320632415453,15.0,0,0
BASEL,2008-06-19,6,0.52,1.0158,2.88,0.0,10.0,21.1,15.0,26.2,52.0,5.221362506503555,9.778637493496445,14.8,0,0
BASEL,2008-06-20,5,0.63,1.0201,2.5,0.0,6.9,20.2,14.8,26.0,63.0,7.822396532658236,6.977603467341765,13.6,0,0
BASEL,2008-06-21,1,0.64,1.0195,3.39,0.0,14.6,22.3,13.6,29.0,64.0,6.916992809321296,6.683007190678704,17.3,0,0
BASEL,2008-06-22,4,0.66,1.0165,2.81,0.05,12.5,24.4,17.3,31.4,66.0,10.883789037146908,6.416210962853093,19.5,0,0
BASEL,2008-06-23,3,0.7,1.0171,3.11,0.0,11.2,24.4,19.5,30.5,70.0,13.877951053203814,5.622048946796186,17.5,0,0
BASEL,2008-06-24,6,0.78,1.0158,1.88,0.0,3.0,22.5,17.5,28.2,78.0,13.61812260615802,3.8818773938419806,19.5,0,0
BASEL,2008-06-25,4,0.68,1.0161,2.98,0.0,10.3,24.0,19.5,30.5,68.0,13.431818296752724,6.0681817032472765,17.2,0,0
BASEL,2008-06-26,7,0.66,1.0196,1.68,0.0,1.5,21.2,17.2,25.6,66.0,10.78875711109239,6.4112428889076085,15.6,0,0
BASEL,2008-06-27,2,0.6,1.0204,3.32,0.0,11.9,20.9,15.6,25.9,60.0,7.859948020530802,7.7400519794691975,13.4,0,0
BASEL,2008-06-28,1,0.61,1.0211,3.45,0.0,14.3,20.8,13.4,26.9,61.0,6.030756473250088,7.369243526749912,16.4,0,0
BASEL,2008-06-29,3,0.63,1.0178,3.33,0.0,14.1,23.2,16.4,29.3,63.0,9.334924471586856,7.065075528413143,18.1,0,0
BASEL,2008-06-30,2,0.63,1.0186,3.03,0.0,10.9,22.8,18.1,28.3,63.0,10.941405213031976,7.158594786968026,15.6,0,0
BASEL,2008-07-01,3,0.61,1.0146,2.87,0.0,10.0,23.3,15.6,31.3,61.0,8.102987980294722,7.497012019705277,18.5,0,0
BASEL,2008-07-02,2,0.55,1.0102,3.09,0.78,12.6,25.0,18.5,32.5,55.00000000000001,9.284680171743497,9.215319828256503,14.5,0,0
BASEL,2008-07-03,7,0.89,1.013,1.14,1.51,0.3,18.2,14.5,22.9,89.0,12.70723893562151,1.7927610643784906,13.2,0,0
BASEL,2008-07-04,3,0.63,1.017,3.3,0.0,12.5,18.0,13.2,22.9,63.0,6.309338792503849,6.890661207496151,12.7,0,0
BASEL,2008-07-05,5,0.61,1.0144,3.04,0.0,8.8,20.0,12.7,26.7,61.0,5.371186585098757,7.3288134149012425,15.2,0,0
BASEL,2008-07-06,7,0.81,1.0113,1.43,0.67,2.2,18.3,15.2,22.3,81.0,11.958975034454388,3.241024965545611,14.0,0,0
BASEL,2008-07-07,4,0.63,1.0118,2.61,0.0,7.2,17.7,14.0,22.4,63.0,7.065933905130519,6.934066094869481,14.3,0,0
BASEL,2008-07-08,6,0.68,1.0171,1.61,0.14,1.5,16.5,14.3,20.0,68.0,8.471927597855816,5.828072402144185,13.3,0,0
BASEL,2008-07-09,3,0.66,1.0182,3.08,0.0,10.9,18.7,13.3,24.1,66.0,7.081048592272102,6.218951407727899,13.8,0,0
BASEL,2008-07-10,1,0.6,1.0143,3.34,0.0,14.1,21.8,13.8,29.1,60.0,6.167904592880887,7.632095407119114,17.4,0,0
BASEL,2008-07-11,4,0.73,1.0112,2.38,4.77,8.5,21.1,17.4,28.5,73.0,12.506726492855408,4.89327350714459,15.6,0,0
BASEL,2008-07-12,8,0.78,1.0127,1.08,1.27,0.4,17.5,15.6,20.2,78.0,11.77527653699409,3.8247234630059097,13.3,0,0
BASEL,2008-07-13,8,0.88,1.0142,0.92,1.03,0.0,15.1,13.3,17.4,88.0,11.353345734241099,1.9466542657589017,12.7,0,0
BASEL,2008-07-14,7,0.77,1.0231,2.2,0.0,3.5,15.8,12.7,20.6,77.0,8.770611358700041,3.9293886412999584,11.2,0,0
BASEL,2008-07-15,0,0.64,1.0276,3.37,0.0,14.4,18.2,11.2,24.7,64.0,4.642367715097417,6.557632284902582,13.2,0,0
BASEL,2008-07-16,2,0.63,1.0206,3.27,0.34,13.2,20.7,13.2,26.6,63.0,6.309338792503849,6.890661207496151,15.5,0,0
BASEL,2008-07-17,7,0.85,1.016,1.2,0.7,0.7,16.9,15.5,20.0,85.0,12.98708330028376,2.5129166997162393,15.0,0,0
BASEL,2008-07-18,6,0.71,1.0153,1.69,0.0,1.5,18.0,15.0,23.0,71.0,9.782334728881596,5.217665271118404,13.9,0,0
BASEL,2008-07-19,3,0.64,1.014,2.4,0.0,7.1,20.3,13.9,25.7,64.0,7.201239708558693,6.698760291441308,16.0,0,0
BASEL,2008-07-20,6,0.64,1.0147,1.84,0.0,1.9,19.8,16.0,24.7,64.0,9.19046278188676,6.80953721811324,12.1,0,0
BASEL,2008-07-21,5,0.56,1.0211,2.2,0.0,4.7,15.9,12.1,18.8,56.00000000000001,3.586729816889839,8.51327018311016,12.4,0,0
BASEL,2008-07-22,7,0.68,1.0249,1.49,0.0,1.6,15.1,12.4,17.8,68.0,6.658478759799905,5.741521240200095,10.0,0,0
BASEL,2008-07-23,1,0.65,1.0227,3.04,0.0,12.2,17.0,10.0,23.1,65.0,3.724556816364174,6.275443183635826,11.0,0,0
BASEL,2008-07-24,1,0.58,1.0155,3.25,0.0,14.0,19.5,11.0,26.0,57.99999999999999,3.0547392798778654,7.945260720122135,14.0,0,0
BASEL,2008-07-25,2,0.59,1.0118,3.15,0.0,12.9,21.4,14.0,27.5,59.0,6.112323556239302,7.887676443760698,16.2,0,0
BASEL,2008-07-26,7,0.67,1.0124,2.18,0.04,3.0,21.8,16.2,28.1,67.0,10.063004100257714,6.136995899742285,17.5,0,0
BASEL,2008-07-27,7,0.8,1.0149,1.94,0.0,2.6,21.4,17.5,26.0,80.0,14.008267448156664,3.491732551843336,18.2,0,0
BASEL,2008-07-28,5,0.7,1.0138,2.8,0.0,10.6,23.7,18.2,29.4,70.0,12.63402501078394,5.565974989216059,19.1,0,0
BASEL,2008-07-29,6,0.67,1.0162,2.67,0.0,7.4,23.7,19.1,28.4,67.0,12.823744882505656,6.276255117494346,18.4,0,0
BASEL,2008-07-30,4,0.72,1.0172,1.95,0.01,8.0,23.0,18.4,28.8,72.0,13.256865392938373,5.143134607061626,18.3,0,0
BASEL,2008-07-31,3,0.57,1.0147,2.61,0.01,9.2,25.0,18.3,32.0,56.99999999999999,9.629916142516716,8.670083857483284,18.3,0,0
BASEL,2008-08-01,7,0.75,1.0182,1.0,0.09,0.2,20.6,18.3,22.8,75.0,13.788210029246452,4.511789970753549,16.9,0,0
BASEL,2008-08-02,7,0.66,1.0193,2.4,0.0,5.2,21.1,16.9,25.8,66.0,10.503650079983911,6.396349920016087,18.1,0,0
BASEL,2008-08-03,4,0.68,1.0171,2.66,0.0,8.7,22.2,18.1,26.9,68.0,12.096928644105132,6.003071355894869,17.0,0,0
BASEL,2008-08-04,7,0.76,1.0146,0.77,0.28,0.2,20.2,17.0,23.2,76.0,12.735716097616095,4.264283902383905,16.5,0,0
BASEL,2008-08-05,4,0.68,1.0171,2.4,0.0,9.7,20.9,16.5,26.1,68.0,10.570920522394712,5.929079477605288,14.8,0,0
BASEL,2008-08-06,4,0.66,1.0137,2.61,0.0,10.0,22.4,14.8,29.5,66.0,8.507428121921198,6.292571878078803,17.6,0,0
BASEL,2008-08-07,7,0.7,1.0097,1.7,0.19,4.1,21.8,17.6,29.1,70.0,12.05981257773139,5.540187422268611,15.3,0,0
BASEL,2008-08-08,5,0.75,1.0133,1.64,0.25,2.9,17.6,15.3,22.2,75.0,10.89242519541382,4.407574804586181,15.1,0,0
BASEL,2008-08-09,6,0.69,1.0166,2.27,0.0,6.9,18.6,15.1,23.7,69.0,9.452337680084705,5.647662319915295,13.0,0,0
BASEL,2008-08-10,4,0.66,1.0124,2.73,0.02,10.4,19.8,13.0,26.3,66.0,6.7957219965887035,6.2042780034112965,16.1,0,0
BASEL,2008-08-11,7,0.85,1.0076,1.02,2.66,0.7,18.7,16.1,23.8,85.0,13.575219009626526,2.5247809903734755,14.8,0,0
BASEL,2008-08-12,8,0.92,1.0047,0.35,3.31,0.0,17.4,14.8,19.4,92.0,13.511602633720644,1.2883973662793569,12.6,0,0
BASEL,2008-08-13,4,0.67,1.0142,2.87,0.0,10.8,17.5,12.6,22.7,67.0,6.633756210866293,5.966243789133706,11.7,0,0
BASEL,2008-08-14,7,0.69,1.0161,2.27,0.84,7.3,17.2,11.7,22.3,69.0,6.201578985883733,5.498421014116266,11.5,0,0
BASEL,2008-08-15,8,0.85,1.0145,0.64,0.0,0.0,14.1,11.5,15.8,85.0,9.065471500522298,2.434528499477702,10.1,0,0
BASEL,2008-08-16,3,0.67,1.0124,2.8,0.0,11.0,16.1,10.1,22.0,67.0,4.250950343196363,5.849049656803636,11.6,0,0
BASEL,2008-08-17,5,0.77,1.0127,1.47,0.19,3.4,16.2,11.6,21.1,77.0,7.704790389229202,3.895209610770798,13.2,0,0
BASEL,2008-08-18,1,0.68,1.0139,2.69,0.0,11.8,20.4,13.2,27.2,68.0,7.4221132560134,5.777886743986599,15.5,0,0
BASEL,2008-08-19,6,0.79,1.0145,1.5,0.96,4.5,18.9,15.5,26.1,79.0,11.871411259569356,3.6285887404306436,14.4,0,0
BASEL,2008-08-20,7,0.75,1.0187,1.4,0.0,1.6,17.2,14.4,20.5,75.0,10.023456432920657,4.376543567079343,11.8,0,0
BASEL,2008-08-21,6,0.69,1.0199,2.52,0.0,10.8,17.4,11.8,23.3,69.0,6.297217426515583,5.502782573484418,12.6,0,0
BASEL,2008-08-22,7,0.81,1.0157,1.08,0.31,2.3,16.2,12.6,20.6,81.0,9.424854437885914,3.1751455621140856,11.9,0,0
BASEL,2008-08-23,7,0.77,1.0161,1.13,0.11,1.1,15.5,11.9,18.8,77.0,7.995483409521086,3.9045165904789148,9.8,0,0
BASEL,2008-08-24,3,0.7,1.0161,2.7,0.0,11.6,15.9,9.8,22.3,70.0,4.589717524269858,5.210282475730143,14.5,0,0
BASEL,2008-08-25,4,0.71,1.0185,2.23,0.0,7.0,18.5,14.5,23.8,71.0,9.302749639087416,5.197250360912584,14.0,0,0
BASEL,2008-08-26,6,0.73,1.0229,2.32,0.0,10.5,18.7,14.0,24.3,73.0,9.235075215724489,4.764924784275511,13.1,0,0
BASEL,2008-08-27,3,0.7,1.0217,2.56,0.0,12.4,19.3,13.1,26.0,70.0,7.751351690513598,5.348648309486402,14.5,0,0
BASEL,2008-08-28,4,0.81,1.0207,1.88,0.0,5.8,18.1,14.5,23.1,81.0,11.276777487889772,3.223222512110228,12.5,0,0
BASEL,2008-08-29,5,0.76,1.0194,2.3,0.0,8.9,17.9,12.5,24.1,76.0,8.383848835026354,4.116151164973646,12.4,0,0
BASEL,2008-08-30,1,0.71,1.0165,2.52,0.0,11.9,19.9,12.4,27.3,71.0,7.288064259444439,5.111935740555562,15.3,0,0
BASEL,2008-08-31,3,0.72,1.0144,2.06,0.33,8.5,21.6,15.3,28.2,72.0,10.279402995757412,5.020597004242589,16.5,0,0
BASEL,2008-09-01,7,0.82,1.0182,1.3,0.86,2.0,18.8,16.5,22.3,82.0,13.414125023765903,3.0858749762340967,14.5,0,0
BASEL,2008-09-02,4,0.75,1.0138,2.2,0.0,8.7,18.8,14.5,23.7,75.0,10.120013836693879,4.379986163306121,15.9,0,0
BASEL,2008-09-03,7,0.78,1.009,1.88,1.48,7.4,18.8,15.9,25.3,78.0,12.066279984400273,3.8337200155997273,15.0,0,0
BASEL,2008-09-04,7,0.91,1.0092,0.66,0.88,0.0,16.4,15.0,19.6,91.0,13.541401362533795,1.4585986374662046,14.6,0,0
BASEL,2008-09-05,6,0.77,1.0056,1.97,0.0,8.1,19.7,14.6,25.2,77.0,10.611228775760598,3.988771224239402,14.5,0,0
BASEL,2008-09-06,7,0.86,1.01,0.59,0.47,0.1,16.6,14.5,19.4,86.0,12.18457737213504,2.31542262786496,13.9,0,0
BASEL,2008-09-07,5,0.73,1.0146,1.96,0.01,6.4,16.4,13.9,20.2,73.0,9.138824847355245,4.761175152644755,12.3,0,0
BASEL,2008-09-08,5,0.74,1.0182,2.08,0.0,8.8,16.3,12.3,21.8,74.0,7.798213173492436,4.501786826507565,10.5,0,0
BASEL,2008-09-09,3,0.68,1.0173,2.19,0.0,9.7,18.7,10.5,26.5,68.0,4.844397270676415,5.655602729323585,15.4,0,0
BASEL,2008-09-10,6,0.74,1.0174,1.59,0.0,4.8,19.6,15.4,25.4,74.0,10.786906716716182,4.613093283283819,14.5,0,0
BASEL,2008-09-11,7,0.78,1.011,1.46,0.27,5.8,20.2,14.5,25.9,78.0,10.708174842031475,3.7918251579685247,13.4,0,0
BASEL,2008-09-12,8,0.82,1.0134,0.72,1.35,0.0,15.8,13.4,19.6,82.0,10.388485497957946,3.011514502042054,11.8,0,0
BASEL,2008-09-13,8,0.93,1.0136,0.18,7.11,0.0,13.0,11.8,13.5,93.0,10.704355893154762,1.0956441068452385,7.9,0,0
BASEL,2008-09-14,7,0.83,1.0189,0.82,0.02,0.5,10.7,7.9,13.5,83.0,5.192288615369175,2.7077113846308256,6.3,0,0
BASEL,2008-09-15,7,0.8,1.0213,1.23,0.02,1.7,9.4,6.3,12.7,80.0,3.106108583925509,3.1938914160744907,5.3,0,0
BASEL,2008-09-16,7,0.76,1.0214,1.38,0.0,1.9,9.6,5.3,15.5,76.0,1.4155019670198918,3.884498032980108,3.4,0,0
BASEL,2008-09-17,7,0.79,1.0215,1.64,0.0,5.6,8.3,3.4,12.6,79.0,0.10767806621931755,3.2923219337806824,6.6,0,0
BASEL,2008-09-18,6,0.8,1.0214,1.22,0.04,4.0,10.2,6.6,13.7,80.0,3.3983014522692305,3.201698547730769,9.3,0,0
BASEL,2008-09-19,4,0.79,1.0226,1.79,0.0,6.8,13.2,9.3,18.3,79.0,5.845726827528317,3.4542731724716838,7.5,0,0
BASEL,2008-09-20,3,0.64,1.0263,1.95,0.0,8.7,11.8,7.5,17.5,64.0,1.1333888752016024,6.366611124798398,4.0,0,0
BASEL,2008-09-21,3,0.72,1.0224,1.73,0.0,6.0,9.1,4.0,16.2,72.0,-0.5861971235665782,4.586197123566578,4.0,0,0
BASEL,2008-09-22,3,0.82,1.0189,1.75,0.0,7.2,9.3,4.0,15.1,82.0,1.2084856535503896,2.7915143464496106,7.3,0,0
BASEL,2008-09-23,5,0.8,1.0175,1.3,0.0,2.8,10.3,7.3,14.7,80.0,4.080048238484616,3.219951761515384,4.9,0,0
BASEL,2008-09-24,7,0.8,1.0206,1.7,0.0,7.6,10.4,4.9,15.4,80.0,1.7424174999156175,3.157582500084383,8.6,0,0
BASEL,2008-09-25,7,0.85,1.0254,0.58,0.0,0.4,11.2,8.6,13.5,85.0,6.221533780078708,2.3784662199212914,7.4,0,0
BASEL,2008-09-26,5,0.7,1.0289,1.42,0.0,5.8,11.6,7.4,16.9,70.0,2.2892321998944967,5.110767800105504,4.3,0,0
BASEL,2008-09-27,4,0.76,1.0284,1.27,0.0,3.8,9.7,4.3,15.1,76.0,0.44715390308842057,3.852846096911579,4.4,0,0
BASEL,2008-09-28,3,0.77,1.0254,1.82,0.0,10.6,10.1,4.4,16.8,77.0,0.7248770293280948,3.6751229706719055,5.8,0,0
BASEL,2008-09-29,7,0.78,1.0199,1.56,0.0,6.2,11.3,5.8,17.7,78.0,2.263437177656025,3.5365628223439747,9.6,0,0
BASEL,2008-09-30,8,0.73,1.0159,0.75,0.0,0.9,12.5,9.6,15.3,73.0,4.998688892866657,4.601311107133343,12.0,0,0
BASEL,2008-10-01,7,0.63,1.0116,1.17,0.03,2.1,14.3,12.0,17.1,63.0,5.174197637858039,6.825802362141961,8.6,0,0
BASEL,2008-10-02,6,0.69,1.0101,0.83,0.09,0.5,12.0,8.6,14.4,69.0,3.2359484299955508,5.364051570004449,6.5,0,0
BASEL,2008-10-03,6,0.77,1.0127,1.18,0.12,3.5,8.5,6.5,12.4,77.0,2.7613360193849408,3.7386639806150592,3.6,0,0
BASEL,2008-10-04,7,0.78,1.0212,1.01,0.15,2.6,7.4,3.6,11.5,78.0,0.1265977399915697,3.4734022600084304,2.1,1,1
BASEL,2008-10-05,4,0.75,1.0172,1.56,0.01,7.4,8.9,2.1,15.3,75.0,-1.8632542290475758,3.9632542290475756,10.8,0,0
BASEL,2008-10-06,7,0.82,1.0189,0.83,0.09,1.1,13.8,10.8,18.3,82.0,7.850161393234833,2.9498386067651676,11.0,0,0
BASEL,2008-10-07,6,0.85,1.0175,1.06,0.01,2.1,14.7,11.0,19.5,85.0,8.575183545801757,2.4248164541982433,11.9,0,0
BASEL,2008-10-08,7,0.81,1.0175,0.93,0.46,2.2,15.3,11.9,18.8,81.0,8.742477090465556,3.1575229095344444,12.7,0,0
BASEL,2008-10-09,8,0.92,1.0293,0.25,0.03,0.0,13.3,12.7,14.0,92.0,11.432890511214143,1.2671094887858558,11.2,0,0
BASEL,2008-10-10,4,0.81,1.0337,1.31,0.0,6.8,14.5,11.2,18.5,81.0,8.060051322977385,3.1399486770226144,8.9,0,0
BASEL,2008-10-11,5,0.77,1.0315,1.49,0.0,9.9,14.6,8.9,21.4,77.0,5.088061214488154,3.8119387855118463,9.8,0,0
BASEL,2008-10-12,7,0.82,1.0289,1.24,0.0,6.6,14.5,9.8,20.7,82.0,6.873714994609231,2.9262850053907696,11.2,0,0
BASEL,2008-10-13,3,0.79,1.0239,1.21,0.0,6.0,15.5,11.2,21.8,79.0,7.69275706449352,3.507242935506479,13.0,0,0
BASEL,2008-10-14,6,0.81,1.0224,1.13,0.0,5.0,16.5,13.0,22.4,81.0,9.814762613058427,3.185237386941573,12.9,0,0
BASEL,2008-10-15,6,0.83,1.0205,0.9,0.09,2.8,16.0,12.9,20.4,83.0,10.081550136026047,2.818449863973953,10.1,0,0
BASEL,2008-10-16,7,0.87,1.0169,0.35,0.75,0.0,13.4,10.1,16.7,87.0,8.034247400251266,2.065752599748734,3.5,0,0
BASEL,2008-10-17,4,0.76,1.0218,1.35,0.0,8.5,8.7,3.5,12.8,76.0,-0.3276162899647255,3.8276162899647255,1.8,1,1
BASEL,2008-10-18,4,0.78,1.0223,1.34,0.0,8.1,7.4,1.8,13.5,78.0,-1.622142659797352,3.422142659797352,5.7,0,0
BASEL,2008-10-19,1,0.8,1.025,1.35,0.0,9.0,10.1,5.7,15.5,80.0,2.5216946311637494,3.178305368836251,8.0,0,0
BASEL,2008-10-20,3,0.78,1.0209,1.23,0.01,8.0,13.4,8.0,20.1,78.0,4.399715888889658,3.6002841111103416,11.1,0,0
BASEL,2008-10-21,7,0.88,1.0151,0.49,1.06,0.4,14.5,11.1,18.7,88.0,9.187190773086948,1.9128092269130512,5.5,0,0
BASEL,2008-10-22,8,0.93,1.0239,0.09,1.54,0.0,7.4,5.5,11.0,93.0,4.458873004728622,1.0411269952713784,5.2,0,0
BASEL,2008-10-23,8,0.86,1.0293,0.42,0.0,0.0,7.0,5.2,8.7,86.0,3.0514661829067333,2.148533817093267,3.4,0,0
BASEL,2008-10-24,1,0.83,1.0277,1.26,0.0,9.3,7.3,3.4,12.4,83.0,0.7900763397252274,2.6099236602747724,2.7,1,0
BASEL,2008-10-25,3,0.83,1.0328,1.15,0.0,7.0,7.1,2.7,13.8,83.0,0.10512787882225887,2.5948721211777412,2.5,1,1
BASEL,2008-10-26,4,0.78,1.0266,1.11,0.0,7.1,9.2,2.5,15.4,78.0,-0.9420323202466299,3.44203232024663,7.4,0,0
BASEL,2008-10-27,8,0.87,1.0128,0.27,1.25,0.0,9.6,7.4,11.6,87.0,5.37883496728405,2.0211650327159507,6.3,0,0
BASEL,2008-10-28,8,0.9,1.0112,0.27,1.87,0.0,7.9,6.3,10.4,90.0,4.781465223913241,1.5185347760867591,1.7,1,0
BASEL,2008-10-29,8,0.91,1.0069,0.14,3.39,0.0,4.7,1.7,6.4,91.0,0.3904998055175046,1.3095001944824953,0.6,1,1
BASEL,2008-10-30,7,0.86,1.0002,0.77,0.03,3.1,3.3,0.6,6.3,86.0,-1.4682736748753007,2.0682736748753006,2.8,1,0
BASEL,2008-10-31,7,0.87,1.0067,0.23,0.36,0.0,4.0,2.8,5.6,87.0,0.853687670453569,1.9463123295464309,1.8,1,1
BASEL,2008-11-01,7,0.86,1.0092,0.8,0.0,2.7,4.9,1.8,8.8,86.0,-0.28906510198461893,2.089065101984619,4.7,0,0
BASEL,2008-11-02,7,0.85,1.0145,0.68,0.0,1.8,7.8,4.7,11.6,85.0,2.3959080445438006,2.3040919554561996,6.7,0,0
BASEL,2008-11-03,6,0.84,1.014,0.83,0.0,3.9,10.4,6.7,14.5,84.0,4.189117435322725,2.510882564677275,9.2,0,0
BASEL,2008-11-04,8,0.92,1.0144,0.19,0.0,0.0,9.6,9.2,10.9,92.0,7.9679781975597495,1.2320218024402498,6.6,0,0
BASEL,2008-11-05,8,0.9,1.013,0.37,0.0,0.0,9.1,6.6,11.4,90.0,5.077740474549149,1.5222595254508509,7.7,0,0
BASEL,2008-11-06,8,0.88,1.0169,0.14,0.0,0.0,9.0,7.7,9.5,88.0,5.838917379792226,1.8610826202077746,6.6,0,0
BASEL,2008-11-07,6,0.81,1.0174,0.76,0.01,4.6,9.9,6.6,14.4,81.0,3.574334197516884,3.0256658024831156,6.4,0,0
BASEL,2008-11-08,6,0.83,1.023,0.78,0.0,3.7,8.9,6.4,13.6,83.0,3.7250821503023834,2.674917849697617,5.4,0,0
BASEL,2008-11-09,7,0.83,1.0256,0.48,0.0,0.5,9.8,5.4,16.2,83.0,2.7468347241079893,2.653165275892011,8.4,0,0
BASEL,2008-11-10,6,0.69,1.0237,0.76,0.0,4.6,12.1,8.4,18.1,69.0,3.0445615959447077,5.355438404055293,6.8,0,0
BASEL,2008-11-11,6,0.76,1.019,0.2,0.11,0.1,10.2,6.8,16.7,76.0,2.8677852035581295,3.9322147964418703,6.3,0,0
BASEL,2008-11-12,7,0.81,1.021,0.61,0.0,2.4,8.2,6.3,10.8,81.0,3.2817147556449378,3.018285244355062,4.4,0,0
BASEL,2008-11-13,8,0.82,1.0253,0.31,0.0,0.0,6.9,4.4,9.0,82.0,1.5992919395028873,2.8007080604971133,1.0,1,1
BASEL,2008-11-14,5,0.82,1.0299,0.78,0.0,5.1,4.3,1.0,8.3,82.0,-1.7230377581542875,2.7230377581542875,-0.3,1,1
BASEL,2008-11-15,1,0.82,1.0311,0.85,0.0,7.5,3.9,-0.3,9.1,82.0,-2.993625641551672,2.693625641551672,4.6,0,0
BASEL,2008-11-16,8,0.88,1.0314,0.21,0.14,0.0,6.3,4.6,8.0,88.0,2.78546657099786,1.8145334290021395,4.5,0,0
BASEL,2008-11-17,8,0.88,1.0301,0.3,0.01,0.2,5.9,4.5,7.8,88.0,2.6869584160223687,1.8130415839776313,4.4,0,0
BASEL,2008-11-18,8,0.88,1.0195,0.17,0.5,0.0,5.3,4.4,6.0,88.0,2.588449652122991,1.8115503478770094,5.4,0,0
BASEL,2008-11-19,7,0.84,1.0226,0.41,0.0,0.2,7.4,5.4,10.0,84.0,2.915622146583562,2.4843778534164382,6.9,0,0
BASEL,2008-11-20,8,0.69,1.0212,0.23,0.0,0.0,8.4,6.9,9.6,69.0,1.6089445404584932,5.291055459541507,2.4,1,1
BASEL,2008-11-21,7,0.74,1.0113,0.16,0.21,0.0,7.3,2.4,10.7,74.0,-1.755267882904216,4.155267882904216,0.7,1,1
BASEL,2008-11-22,7,0.79,1.0117,0.32,0.06,0.6,1.6,0.7,2.5,79.0,-2.5194878853392537,3.2194878853392535,-0.8,1,1
BASEL,2008-11-23,6,0.74,1.0079,0.47,0.71,0.7,0.8,-0.8,2.6,74.0,-4.846178263994898,4.046178263994898,0.6,1,1
BASEL,2008-11-24,7,0.86,0.997,0.41,0.06,1.0,2.8,0.6,5.1,86.0,-1.4682736748753007,2.0682736748753006,-0.4,1,1
BASEL,2008-11-25,6,0.81,1.0141,0.52,0.0,3.2,1.1,-0.4,3.1,81.0,-3.2557727525176663,2.8557727525176664,-1.6,1,1
BASEL,2008-11-26,3,0.84,1.0279,0.58,0.0,3.6,0.5,-1.6,4.1,84.0,-3.9440535244146875,2.3440535244146874,-3.3,1,1
BASEL,2008-11-27,0,0.81,1.0245,0.71,0.0,7.6,-1.1,-3.3,1.9,81.0,-6.086809360131098,2.786809360131098,-3.6,1,1
BASEL,2008-11-28,5,0.84,1.0074,0.26,0.0,0.0,-1.8,-3.6,0.0,84.0,-5.904702664613967,2.304702664613967,-1.2,1,1
BASEL,2008-11-29,6,0.79,0.9973,0.57,0.0,3.8,1.2,-1.2,4.7,79.0,-4.368716083955797,3.168716083955797,1.0,1,1
BASEL,2008-11-30,4,0.74,0.9969,0.61,0.0,4.7,3.9,1.0,10.4,74.0,-3.1073657076073253,4.107365707607325,0.0,1,1
BASEL,2008-12-01,7,0.82,1.0015,0.19,0.0,0.0,2.7,0.0,4.9,82.0,-2.7003990393954482,2.7003990393954482,-1.6,1,1
BASEL,2008-12-02,5,0.74,1.0127,0.36,0.03,2.1,2.6,-1.6,4.7,74.0,-5.619128716305621,4.019128716305621,-1.9,1,1
BASEL,2008-12-03,7,0.71,1.0059,0.29,0.06,0.4,2.0,-1.9,4.5,71.0,-6.44939294929998,4.54939294929998,2.1,1,1
BASEL,2008-12-04,6,0.76,1.0002,0.2,0.52,0.1,5.7,2.1,9.7,76.0,-1.6836603948714743,3.7836603948714744,4.7,0,0
BASEL,2008-12-05,6,0.77,0.9971,0.3,0.79,0.6,6.5,4.7,8.9,77.0,1.0158325762286728,3.6841674237713273,3.8,0,0
BASEL,2008-12-06,7,0.8,1.0121,0.22,0.13,0.2,5.0,3.8,6.7,80.0,0.6708022131814916,3.129197786818508,-0.1,1,1
BASEL,2008-12-07,5,0.83,1.0268,0.26,0.0,0.8,3.5,-0.1,6.0,83.0,-2.6350965782154185,2.5350965782154185,-1.1,1,1
BASEL,2008-12-08,4,0.83,1.0278,0.63,0.0,6.7,1.1,-1.1,4.8,83.0,-3.613915176310066,2.513915176310066,-1.3,1,1
BASEL,2008-12-09,5,0.83,1.0189,0.54,1.05,2.3,1.0,-1.3,4.1,83.0,-3.809689445589747,2.509689445589747,0.3,1,1
BASEL,2008-12-10,8,0.94,1.014,0.11,1.38,0.0,0.5,0.3,0.9,94.0,-0.5507368853089298,0.8507368853089299,-0.1,1,1
BASEL,2008-12-11,8,0.94,1.0135,0.18,0.76,0.0,0.4,-0.1,0.8,94.0,-0.9478847623245987,0.8478847623245988,-1.1,1,1
BASEL,2008-12-12,8,0.92,1.0193,0.18,0.0,0.0,0.0,-1.1,0.4,92.0,-2.23160826195136,1.13160826195136,-2.0,1,1
BASEL,2008-12-13,4,0.86,1.0084,0.62,0.0,6.0,-0.5,-2.0,2.0,86.0,-4.02357922768445,2.0235792276844498,-6.4,1,1
BASEL,2008-12-14,8,0.91,1.0014,0.24,0.0,0.0,-2.9,-6.4,-0.8,91.0,-7.622612760216056,1.2226127602160552,-2.3,1,1
BASEL,2008-12-15,8,0.93,1.0117,0.15,0.0,0.0,-0.6,-2.3,0.5,93.0,-3.275549062779224,0.975549062779224,-0.3,1,1
BASEL,2008-12-16,8,0.91,1.0144,0.1,0.01,0.0,0.3,-0.3,0.8,91.0,-1.5877707330991633,1.2877707330991632,-0.1,1,1
BASEL,2008-12-17,8,0.9,1.0162,0.11,0.64,0.0,0.3,-0.1,0.7,90.0,-1.5401537575864006,1.4401537575864005,-0.4,1,1
BASEL,2008-12-18,8,0.91,1.0242,0.22,0.05,0.0,0.7,-0.4,1.9,91.0,-1.6866890063071664,1.2866890063071663,0.6,1,1
BASEL,2008-12-19,8,0.9,1.0285,0.13,0.0,0.0,2.8,0.6,5.2,90.0,-0.8486261436630028,1.4486261436630028,2.6,1,1
BASEL,2008-12-20,8,0.82,1.0326,0.1,0.0,0.0,5.0,2.6,7.5,82.0,-0.15945400426634698,2.759454004266347,7.2,0,0
BASEL,2008-12-21,8,0.84,1.0359,0.18,0.0,0.0,8.1,7.2,9.1,84.0,4.678886255098878,2.521113744901122,6.1,0,0
BASEL,2008-12-22,8,0.77,1.0369,0.26,0.0,0.0,7.0,6.1,8.4,77.0,2.373480411831773,3.7265195881682267,0.2,1,1
BASEL,2008-12-23,3,0.91,1.0363,0.4,0.0,1.5,3.5,0.2,6.3,91.0,-1.0931861476874953,1.2931861476874953,-0.5,1,1
BASEL,2008-12-24,8,0.94,1.0334,0.39,0.0,1.1,1.5,-0.5,3.3,94.0,-1.3450374112124166,0.8450374112124166,1.7,1,1
BASEL,2008-12-25,7,0.79,1.0278,0.23,0.0,0.7,3.3,1.7,5.2,79.0,-1.5463697625543358,3.2463697625543357,-1.2,1,1
BASEL,2008-12-26,1,0.55,1.0296,0.62,0.0,7.0,0.5,-1.2,2.8,55.00000000000001,-9.074396536389127,7.874396536389127,-4.0,1,1
BASEL,2008-12-27,8,0.68,1.0312,0.22,0.0,0.5,-1.5,-4.0,-0.3,68.0,-9.020781062856209,5.020781062856209,-4.0,1,1
BASEL,2008-12-28,7,0.64,1.0277,0.14,0.0,0.0,-1.3,-4.0,-0.5,64.0,-9.7904725866357,5.790472586635699,-6.7,1,1
BASEL,2008-12-29,0,0.78,1.0308,0.59,0.0,6.0,-2.9,-6.7,1.0,78.0,-9.885160544044757,3.1851605440447566,-4.2,1,1
BASEL,2008-12-30,1,0.81,1.0321,0.56,0.0,5.5,-2.4,-4.2,0.3,81.0,-6.9655762781140425,2.7655762781140423,-2.5,1,1
BASEL,2008-12-31,8,0.89,1.0279,0.08,2.25,0.0,-0.3,-2.5,1.7,89.0,-4.059965625361055,1.5599656253610554,0.2,1,1
BASEL,2009-01-01,4,0.84,1.0284,0.63,0.0,7.1,1.5,0.2,3.6,84.0,-2.179751246008023,2.379751246008023,-1.8,1,1
BASEL,2009-01-02,8,0.89,1.0262,0.07,0.0,0.0,-1.0,-1.8,1.0,89.0,-3.3692339767014268,1.5692339767014267,-6.2,1,1
BASEL,2009-01-03,5,0.72,1.0263,0.5,0.0,2.9,-3.1,-6.2,-1.8,72.0,-10.41065161892943,4.21065161892943,-6.5,1,1
BASEL,2009-01-04,4,0.75,1.0239,0.62,0.0,5.4,-3.7,-6.5,-1.3,75.0,-10.186266474380046,3.686266474380046,-6.4,1,1
BASEL,2009-01-05,8,0.84,1.0197,0.28,0.05,0.0,-4.1,-6.4,-2.5,84.0,-8.650165617320802,2.2501656173208016,-5.3,1,1
BASEL,2009-01-06,8,0.86,1.0196,0.13,0.05,0.0,-4.2,-5.3,-3.2,86.0,-7.2675487498453375,1.9675487498453377,-9.8,1,1
BASEL,2009-01-07,7,0.84,1.0223,0.17,0.0,0.0,-5.7,-9.8,-3.9,84.0,-11.984811527669834,2.184811527669833,-10.6,1,1
BASEL,2009-01-08,3,0.82,1.0278,0.66,0.0,6.3,-6.4,-10.6,-2.3,82.0,-13.066175189748567,2.466175189748567,-9.6,1,1
BASEL,2009-01-09,0,0.87,1.0303,0.64,0.0,6.3,-6.1,-9.6,-2.2,87.0,-11.35151634057288,1.7515163405728806,-9.4,1,1
BASEL,2009-01-10,0,0.84,1.0311,0.67,0.0,6.1,-5.1,-9.4,-1.2,84.0,-11.592450736704375,2.192450736704375,-7.1,1,1
BASEL,2009-01-11,0,0.81,1.035,0.75,0.0,7.8,-5.0,-7.1,-1.1,81.0,-9.797704438534986,2.697704438534986,-7.3,1,1
BASEL,2009-01-12,0,0.78,1.0301,0.76,0.0,7.8,-4.7,-7.3,-1.5,78.0,-10.468749231288285,3.1687492312882855,-6.1,1,1
BASEL,2009-01-13,1,0.76,1.0209,0.75,0.0,7.8,-3.1,-6.1,0.8,76.0,-9.631224152673562,3.5312241526735626,-6.1,1,1
BASEL,2009-01-14,7,0.87,1.019,0.3,0.17,0.9,-2.3,-6.1,1.1,87.0,-7.90546704572999,1.8054670457299906,-1.6,1,1
BASEL,2009-01-15,8,0.93,1.0215,0.36,0.0,0.7,0.6,-1.6,2.6,93.0,-2.5813475016577394,0.9813475016577393,-3.3,1,1
BASEL,2009-01-16,2,0.81,1.0254,0.7,0.0,7.0,-0.1,-3.3,3.8,81.0,-6.086809360131098,2.786809360131098,-2.9,1,1
BASEL,2009-01-17,4,0.79,1.0243,0.67,0.0,5.4,0.0,-2.9,3.3,79.0,-6.023626165169632,3.123626165169632,-1.8,1,1
BASEL,2009-01-18,8,0.79,1.0125,0.16,0.56,0.0,3.1,-1.8,9.0,79.0,-4.952765594651197,3.152765594651197,2.6,1,1
BASEL,2009-01-19,7,0.72,1.0016,0.31,0.31,0.3,7.3,2.6,12.9,72.0,-1.9337199835179348,4.533719983517935,2.4,1,1
BASEL,2009-01-20,7,0.75,1.0014,0.39,0.0,0.3,4.3,2.4,5.7,75.0,-1.573094681928205,3.973094681928205,-0.6,1,1
BASEL,2009-01-21,7,0.86,1.0097,0.41,0.0,0.4,2.2,-0.6,5.1,86.0,-2.6475853292757696,2.0475853292757695,-1.9,1,1
BASEL,2009-01-22,5,0.78,1.0064,0.82,0.0,7.7,1.5,-1.9,4.2,78.0,-5.217955481567514,3.317955481567514,2.6,1,1
BASEL,2009-01-23,7,0.71,0.9875,0.17,0.67,0.6,6.1,2.6,11.2,71.0,-2.122951811731071,4.722951811731071,0.5,1,1
BASEL,2009-01-24,7,0.76,0.9914,0.37,0.0,0.0,2.6,0.5,5.0,76.0,-3.2337310334280067,3.7337310334280067,-0.6,1,1
BASEL,2009-01-25,1,0.75,1.0006,0.89,0.0,8.3,2.0,-0.6,5.9,75.0,-4.4752302044362855,3.8752302044362854,-1.3,1,1
BASEL,2009-01-26,7,0.79,1.0027,0.56,0.0,2.3,0.9,-1.3,4.4,79.0,-4.4660549117215655,3.1660549117215657,-2.1,1,1
BASEL,2009-01-27,8,0.86,1.0139,0.29,0.0,0.7,-0.2,-2.1,1.4,86.0,-4.121869876242064,2.021869876242064,-2.2,1,1
BASEL,2009-01-28,6,0.84,1.0186,0.58,0.0,2.5,-0.8,-2.2,1.3,84.0,-4.532213637814867,2.332213637814867,-1.1,1,1
BASEL,2009-01-29,8,0.73,1.0198,0.18,0.0,0.0,0.8,-1.1,2.2,73.0,-5.315145893726825,4.215145893726826,-2.0,1,1
BASEL,2009-01-30,6,0.77,1.0211,0.45,0.0,2.6,0.2,-2.0,2.0,77.0,-5.484783293650553,3.484783293650553,-2.1,1,1
BASEL,2009-01-31,8,0.68,1.017,0.33,0.0,0.2,-1.1,-2.1,0.2,68.0,-7.20186052433286,5.10186052433286,-1.9,1,1
BASEL,2009-02-01,8,0.7,1.0065,0.33,0.29,0.0,-1.0,-1.9,-0.2,70.0,-6.6340285822254295,4.734028582225429,-2.9,1,1
BASEL,2009-02-02,7,0.89,1.0007,0.48,0.0,0.4,-1.5,-2.9,0.9,89.0,-4.454681668199406,1.554681668199406,-4.0,1,1
BASEL,2009-02-03,6,0.81,1.001,0.97,0.0,7.4,0.8,-4.0,6.1,81.0,-6.770287807058252,2.770287807058252,-1.3,1,1
BASEL,2009-02-04,7,0.81,0.9996,0.59,0.0,1.4,3.4,-1.3,7.3,81.0,-4.134281201873835,2.834281201873835,-0.8,1,1
BASEL,2009-02-05,8,0.79,0.9993,0.32,0.22,0.1,3.7,-0.8,7.0,79.0,-3.9793718016684214,3.179371801668421,3.5,0,0
BASEL,2009-02-06,7,0.88,0.9942,0.5,0.23,0.1,5.1,3.5,7.9,88.0,1.7018433745220813,1.7981566254779187,0.6,1,1
BASEL,2009-02-07,8,0.88,0.9919,0.32,1.26,0.0,3.5,0.6,5.0,88.0,-1.1553346444426944,1.7553346444426943,-0.1,1,1
BASEL,2009-02-08,8,0.84,1.0066,0.28,0.01,0.0,1.0,-0.1,2.0,84.0,-2.4737830792767617,2.3737830792767616,-2.9,1,1
BASEL,2009-02-09,8,0.8,1.0102,0.49,0.12,0.0,1.3,-2.9,8.7,80.0,-5.8590416438147415,2.9590416438147416,2.2,1,1
BASEL,2009-02-10,7,0.68,1.0031,0.56,0.37,0.7,7.0,2.2,12.0,68.0,-3.0877010603242905,5.287701060324291,0.9,1,1
BASEL,2009-02-11,6,0.71,1.0172,0.9,0.04,4.3,2.2,0.9,4.3,71.0,-3.7570107685035166,4.6570107685035165,-1.2,1,1
BASEL,2009-02-12,7,0.75,1.0201,0.76,0.05,3.1,0.3,-1.2,2.0,75.0,-5.055801355383708,3.855801355383708,-2.5,1,1
BASEL,2009-02-13,5,0.7,1.0226,0.75,0.03,4.2,-0.4,-2.5,2.2,70.0,-7.210208106400356,4.710208106400356,-3.1,1,1
BASEL,2009-02-14,7,0.79,1.0253,0.7,0.12,1.6,-0.8,-3.1,1.7,79.0,-6.218342428146241,3.118342428146241,-5.3,1,1
BASEL,2009-02-15,7,0.76,1.0307,1.22,0.0,6.5,-1.9,-5.3,1.6,76.0,-8.85547436117882,3.5554743611788195,-2.2,1,1
BASEL,2009-02-16,8,0.79,1.0273,0.48,0.64,0.0,-0.4,-2.2,1.4,79.0,-5.342153995040641,3.1421539950406405,0.2,1,1
BASEL,2009-02-17,8,0.89,1.0223,0.16,0.82,0.0,2.4,0.2,3.7,89.0,-1.3958652298125096,1.5958652298125096,-4.4,1,1
BASEL,2009-02-18,2,0.58,1.0264,1.41,0.0,9.5,-1.8,-4.4,1.3,57.99999999999999,-11.40561144670982,7.005611446709819,-8.0,1,1
BASEL,2009-02-19,3,0.65,1.0297,1.33,0.0,8.6,-3.3,-8.0,1.4,65.0,-13.406480894982613,5.406480894982613,-3.9,1,1
BASEL,2009-02-20,7,0.7,1.0324,0.52,0.04,0.1,-0.1,-3.9,3.6,70.0,-8.554855967855959,4.6548559678559585,1.1,1,1
BASEL,2009-02-21,8,0.83,1.0322,0.55,0.06,0.1,3.1,1.1,6.0,83.0,-1.4606302942640523,2.5606302942640524,1.1,1,1
BASEL,2009-02-22,8,0.87,1.0284,0.36,0.47,0.0,3.0,1.1,4.7,87.0,-0.8190039191997002,1.9190039191997004,3.2,0,0
BASEL,2009-02-23,8,0.83,1.0222,0.52,0.12,0.2,4.5,3.2,6.3,83.0,0.5943811728307384,2.6056188271692617,1.6,1,1
BASEL,2009-02-24,7,0.78,1.0251,0.66,0.0,0.6,4.0,1.6,6.4,78.0,-1.8164703335552708,3.416470333555271,-0.2,1,1
BASEL,2009-02-25,6,0.71,1.0305,1.26,0.0,5.8,3.1,-0.2,7.6,71.0,-4.814585235109014,4.614585235109014,-0.1,1,1
BASEL,2009-02-26,8,0.7,1.0269,0.84,0.0,1.0,4.1,-0.1,8.0,70.0,-4.90584316606591,4.805843166065911,3.1,0,0
BASEL,2009-02-27,6,0.69,1.0235,1.05,0.0,3.7,6.6,3.1,11.0,69.0,-2.0296572270926307,5.129657227092631,1.0,1,1
BASEL,2009-02-28,1,0.67,1.017,1.55,0.0,9.7,7.0,1.0,13.8,67.0,-4.432054974973907,5.432054974973907,1.6,1,1
BASEL,2009-03-01,7,0.71,1.0136,0.71,0.1,0.5,6.7,1.6,11.8,71.0,-3.0841079253195964,4.684107925319596,5.5,0,0
BASEL,2009-03-02,8,0.87,1.0168,0.2,0.5,0.0,6.8,5.5,8.2,87.0,3.5099221871749196,1.9900778128250804,3.1,0,0
BASEL,2009-03-03,7,0.85,1.0159,0.54,0.01,0.3,5.6,3.1,7.6,85.0,0.8260820448272297,2.27391795517277,2.4,1,1
BASEL,2009-03-04,6,0.76,0.9947,0.93,0.57,2.8,5.7,2.4,9.4,76.0,-1.393058484005755,3.793058484005755,2.1,1,0
BASEL,2009-03-05,8,0.89,0.9885,0.35,1.36,0.0,3.2,2.1,5.4,89.0,0.4786289310701507,1.6213710689298493,1.3,1,1
BASEL,2009-03-06,8,0.89,1.0013,0.38,0.56,0.0,2.3,1.3,3.0,89.0,-0.3106072884964383,1.6106072884964384,0.8,1,1
BASEL,2009-03-07,5,0.7,1.0163,1.44,0.0,5.9,3.6,0.8,7.5,70.0,-4.041949052639968,4.8419490526399676,-0.2,1,1
BASEL,2009-03-08,7,0.71,1.0144,0.83,0.27,0.2,5.4,-0.2,10.4,71.0,-4.814585235109014,4.614585235109014,2.3,1,1
BASEL,2009-03-09,5,0.73,1.0179,0.75,0.17,0.9,4.3,2.3,7.8,73.0,-2.036051611912733,4.336051611912733,2.6,1,1
BASEL,2009-03-10,7,0.74,1.0179,0.43,0.29,0.0,5.6,2.6,7.1,74.0,-1.562133326870138,4.162133326870138,0.8,1,1
BASEL,2009-03-11,5,0.72,1.024,1.02,0.0,2.4,5.3,0.8,8.4,72.0,-3.6666847254585333,4.466684725458533,-0.8,1,1
BASEL,2009-03-12,7,0.68,1.0274,0.77,0.0,0.0,4.8,-0.8,9.5,68.0,-5.9577019440714905,5.157701944071491,4.1,0,0
BASEL,2009-03-13,7,0.64,1.0232,1.38,0.0,4.0,9.5,4.1,13.3,64.0,-2.093503325058724,6.193503325058724,2.1,1,1
BASEL,2009-03-14,5,0.7,1.0206,1.23,0.0,2.7,9.1,2.1,14.8,70.0,-2.794335657255157,4.894335657255157,7.7,0,0
BASEL,2009-03-15,7,0.59,1.0284,1.39,0.0,4.2,9.9,7.7,13.9,59.0,0.19635021817963424,7.503649781820366,3.5,0,0
BASEL,2009-03-16,5,0.65,1.0319,1.52,0.0,6.7,8.4,3.5,13.3,65.0,-2.45437003573662,5.95437003573662,0.9,1,1
BASEL,2009-03-17,5,0.71,1.0324,1.87,0.0,9.5,7.4,0.9,14.4,71.0,-3.7570107685035166,4.6570107685035165,1.8,1,1
BASEL,2009-03-18,5,0.67,1.0305,1.96,0.0,8.4,7.1,1.8,14.0,67.0,-3.6681098675555166,5.468109867555516,-0.7,1,1
BASEL,2009-03-19,3,0.49,1.0245,2.01,0.0,9.6,6.1,-0.7,13.3,49.0,-10.074546094977828,9.374546094977829,-1.1,1,1
BASEL,2009-03-20,3,0.49,1.0286,1.46,0.0,5.8,3.0,-1.1,6.4,49.0,-10.443552532929932,9.343552532929932,-3.5,1,1
BASEL,2009-03-21,1,0.52,1.029,2.11,0.0,11.3,2.2,-3.5,8.3,52.0,-11.92313432947705,8.42313432947705,-1.4,1,1
BASEL,2009-03-22,3,0.53,1.028,1.93,0.0,7.5,5.1,-1.4,12.4,53.0,-9.731209615310089,8.331209615310089,2.6,1,1
BASEL,2009-03-23,7,0.61,1.0196,1.23,1.26,2.7,7.6,2.6,12.1,61.0,-4.157492451002634,6.7574924510026335,0.7,1,1
BASEL,2009-03-24,7,0.78,1.0126,1.39,0.08,3.8,4.3,0.7,7.6,78.0,-2.6910022580035378,3.391002258003538,2.1,1,1
BASEL,2009-03-25,7,0.72,1.0106,0.53,0.38,0.3,4.7,2.1,7.3,72.0,-2.4150499430693495,4.51504994306935,3.4,0,0
BASEL,2009-03-26,8,0.72,1.0125,0.85,0.2,0.4,7.0,3.4,10.8,72.0,-1.1636706488794855,4.563670648879485,6.6,0,0
BASEL,2009-03-27,7,0.72,1.0073,1.24,0.11,1.8,8.9,6.6,13.4,72.0,1.9155596388201628,4.684440361179837,5.3,0,0
BASEL,2009-03-28,8,0.81,1.0038,0.31,1.08,0.0,7.1,5.3,8.8,81.0,2.3062523283669596,2.9937476716330402,4.4,0,0
BASEL,2009-03-29,7,0.73,1.0099,0.87,0.02,0.4,6.3,4.4,8.8,73.0,-0.01156709054066959,4.41156709054067,3.0,1,0
BASEL,2009-03-30,8,0.72,1.0182,0.6,0.0,0.8,6.1,3.0,8.5,72.0,-1.548683224646424,4.548683224646424,3.6,0,0
BASEL,2009-03-31,5,0.62,1.0191,1.74,0.0,4.6,8.6,3.6,12.7,62.0,-2.995055644564733,6.595055644564733,4.3,0,0
BASEL,2009-04-01,7,0.69,1.015,1.09,0.0,0.0,8.1,4.3,11.5,69.0,-0.8803608279196181,5.180360827919618,6.2,0,0
BASEL,2009-04-02,7,0.71,1.014,1.35,0.0,3.0,11.6,6.2,17.0,71.0,1.3359087325276786,4.864091267472322,10.5,0,0
BASEL,2009-04-03,6,0.61,1.0182,1.81,0.0,5.3,14.4,10.5,19.1,61.0,3.297549804923585,7.202450195076414,7.3,0,0
BASEL,2009-04-04,5,0.7,1.0213,1.27,0.0,1.9,12.4,7.3,18.2,70.0,2.193358257799819,5.10664174220018,8.8,0,0
BASEL,2009-04-05,4,0.71,1.0211,1.98,0.0,5.6,12.9,8.8,18.4,71.0,3.832708542162892,4.967291457837108,6.9,0,0
BASEL,2009-04-06,1,0.66,1.0149,2.21,0.03,10.1,14.0,6.9,21.5,66.0,0.9904136766343358,5.909586323365665,9.8,0,0
BASEL,2009-04-07,6,0.6,1.0128,2.03,0.01,7.4,14.0,9.8,20.4,60.0,2.4051753682948434,7.394824631705157,8.9,0,0
BASEL,2009-04-08,7,0.7,1.0177,1.44,0.0,0.9,12.2,8.9,15.9,70.0,3.727145601972538,5.172854398027463,6.8,0,0
BASEL,2009-04-09,3,0.62,1.0159,2.43,0.0,11.5,14.0,6.8,21.3,62.0,0.03131717789065611,6.768682822109343,8.3,0,0
BASEL,2009-04-10,1,0.49,1.0087,2.53,0.0,12.1,15.7,8.3,23.5,49.0,-1.7849073087968315,10.084907308796833,8.9,0,0
BASEL,2009-04-11,6,0.49,1.0075,2.29,0.0,9.6,15.8,8.9,22.9,49.0,-1.2331487669988133,10.133148766998813,9.4,0,0
BASEL,2009-04-12,7,0.64,1.0092,1.55,0.0,0.0,13.7,9.4,18.9,64.0,2.935640316152114,6.464359683847887,7.6,0,0
BASEL,2009-04-13,4,0.69,1.0081,2.12,0.0,7.8,14.7,7.6,21.8,69.0,2.2789465619384908,5.321053438061509,8.7,0,0
BASEL,2009-04-14,2,0.63,1.008,2.34,0.0,10.0,15.6,8.7,23.5,63.0,2.0510210648640492,6.6489789351359505,7.3,0,0
BASEL,2009-04-15,5,0.51,1.0075,2.41,0.0,10.4,16.2,7.3,24.0,51.0,-2.1653509460161846,9.465350946016184,7.8,0,0
BASEL,2009-04-16,8,0.75,1.0091,0.81,0.46,0.4,11.5,7.8,16.8,75.0,3.6477261588551597,4.15227384114484,7.9,0,0
BASEL,2009-04-17,7,0.69,1.0111,1.62,0.1,3.3,11.1,7.9,15.6,69.0,2.566064893814568,5.333935106185432,6.9,0,0
BASEL,2009-04-18,6,0.69,1.0141,2.0,0.0,6.0,10.8,6.9,16.2,69.0,1.6089445404584932,5.291055459541507,4.0,0,0
BASEL,2009-04-19,7,0.75,1.0181,2.2,0.0,6.0,11.1,4.0,17.8,75.0,-0.02577971896621453,4.025779718966215,9.4,0,0
BASEL,2009-04-20,7,0.74,1.0187,1.78,0.01,3.3,13.5,9.4,20.1,74.0,5.001130018675123,4.398869981324878,9.6,0,0
BASEL,2009-04-21,4,0.77,1.0195,2.09,0.64,6.7,14.1,9.6,21.1,77.0,5.7665575299470655,3.833442470052934,10.7,0,0
BASEL,2009-04-22,5,0.62,1.0206,2.42,0.0,7.8,15.3,10.7,21.2,62.0,3.716745246969309,6.983254753030691,7.8,0,0
BASEL,2009-04-23,2,0.5,1.0215,2.87,0.0,12.0,12.0,7.8,16.8,50.0,-1.9716359889894988,9.771635988989498,5.3,0,0
BASEL,2009-04-24,3,0.56,1.0169,2.32,0.15,7.9,11.0,5.3,17.0,56.00000000000001,-2.763566831678311,8.063566831678312,9.5,0,0
BASEL,2009-04-25,5,0.48,1.0124,2.59,0.0,10.1,15.6,9.5,23.2,48.0,-0.9633387654441643,10.463338765444163,9.5,0,0
BASEL,2009-04-26,7,0.58,1.0081,1.84,0.0,2.0,14.5,9.5,20.6,57.99999999999999,1.6487789445867507,7.85122105541325,10.6,0,0
BASEL,2009-04-27,8,0.72,1.0071,0.72,0.04,0.0,11.6,10.6,12.7,72.0,5.76242299985169,4.837577000148309,7.4,0,0
BASEL,2009-04-28,8,0.77,1.0063,0.89,0.4,0.0,9.4,7.4,11.2,77.0,3.633940015592246,3.7660599844077542,6.0,0,0
BASEL,2009-04-29,7,0.69,1.012,1.69,0.0,2.3,9.3,6.0,14.8,69.0,0.7473914697496284,5.252608530250372,3.8,0,0
BASEL,2009-04-30,4,0.63,1.0186,2.18,0.0,4.8,10.9,3.8,15.9,63.0,-2.590589704269632,6.390589704269631,7.3,0,0
BASEL,2009-05-01,3,0.63,1.022,2.37,0.0,8.3,13.7,7.3,19.3,63.0,0.7253549632824254,6.574645036717574,10.5,0,0
BASEL,2009-05-02,5,0.77,1.0269,1.89,0.07,5.2,13.8,10.5,21.0,77.0,6.638822451631437,3.8611775483685626,9.2,0,0
BASEL,2009-05-03,4,0.69,1.0243,2.46,0.19,6.9,14.5,9.2,21.3,69.0,3.8100683192126574,5.389931680787342,5.8,0,0
BASEL,2009-05-04,5,0.66,1.025,2.03,0.37,4.8,11.1,5.8,16.1,66.0,-0.057189781823255466,5.857189781823255,3.4,0,0
BASEL,2009-05-05,8,0.62,1.026,1.94,0.0,1.1,10.3,3.4,15.2,62.0,-3.1842767901754505,6.58427679017545,9.2,0,0
BASEL,2009-05-06,6,0.63,1.0227,2.07,0.0,6.5,14.2,9.2,19.6,63.0,2.5243747341882647,6.6756252658117345,7.1,0,0
BASEL,2009-05-07,2,0.55,1.0184,3.15,0.03,12.9,16.7,7.1,25.0,55.00000000000001,-1.3269542459608001,8.4269542459608,13.5,0,0
BASEL,2009-05-08,7,0.72,1.0174,1.78,0.94,4.2,17.0,13.5,23.6,72.0,8.549889310143667,4.9501106898563325,11.8,0,0
BASEL,2009-05-09,7,0.8,1.0176,2.21,0.8,5.0,16.8,11.8,23.7,80.0,8.461483918884465,3.338516081115536,12.6,0,0
BASEL,2009-05-10,7,0.77,1.0178,1.71,0.31,3.4,16.6,12.6,21.3,77.0,8.67372461555744,3.92627538444256,14.5,0,0
BASEL,2009-05-11,7,0.79,1.015,1.85,0.13,1.9,17.7,14.5,22.4,79.0,10.899812731010206,3.600187268989794,14.7,0,0
BASEL,2009-05-12,7,0.82,1.0156,1.5,0.57,1.0,16.9,14.7,22.4,82.0,11.657411150982904,3.042588849017095,13.8,0,0
BASEL,2009-05-13,7,0.82,1.0141,2.21,0.32,3.6,17.8,13.8,24.4,82.0,10.778940943773707,3.021059056226294,15.2,0,0
BASEL,2009-05-14,6,0.77,1.0084,1.66,0.17,0.7,18.0,15.2,21.4,77.0,11.192385329149245,4.007614670850755,10.7,0,0
BASEL,2009-05-15,8,0.86,1.0103,0.6,0.38,0.0,14.0,10.7,16.3,86.0,8.453515777247064,2.246484222752935,9.7,0,0
BASEL,2009-05-16,6,0.7,1.0162,2.46,0.01,6.1,14.1,9.7,19.4,70.0,4.493882721218111,5.206117278781888,11.1,0,0
BASEL,2009-05-17,5,0.67,1.0144,2.76,0.1,8.5,18.1,11.1,27.3,67.0,5.204208860205351,5.895791139794649,11.6,0,0
BASEL,2009-05-18,6,0.69,1.0213,1.72,0.01,3.6,15.2,11.6,18.9,69.0,6.105938854377236,5.494061145622764,10.1,0,0
BASEL,2009-05-19,1,0.61,1.021,3.27,0.0,13.6,17.3,10.1,24.5,61.0,2.9204103210891277,7.179589678910872,10.9,0,0
BASEL,2009-05-20,3,0.51,1.0187,3.18,0.0,13.4,20.5,10.9,28.6,51.0,1.159969238852326,9.740030761147674,15.0,0,0
BASEL,2009-05-21,6,0.65,1.015,2.11,1.94,4.6,19.7,15.0,27.3,65.0,8.471989709973338,6.528010290026662,13.8,0,0
BASEL,2009-05-22,5,0.78,1.0171,2.07,0.12,6.3,17.9,13.8,22.9,78.0,10.029037255182178,3.7709627448178225,10.8,0,0
BASEL,2009-05-23,3,0.69,1.0174,3.0,0.0,11.4,19.3,10.8,26.7,69.0,5.340756925456395,5.459243074543606,17.9,0,0
BASEL,2009-05-24,3,0.62,1.0174,3.04,0.0,12.1,24.5,17.9,31.3,62.0,10.512072020948546,7.387927979051453,17.7,0,0
BASEL,2009-05-25,1,0.58,1.0146,3.13,0.48,13.4,24.9,17.7,32.3,57.99999999999999,9.328086175179221,8.371913824820778,13.5,0,0
BASEL,2009-05-26,7,0.8,1.0164,1.1,1.72,2.3,18.0,13.5,23.3,80.0,10.116142631142274,3.3838573688577256,10.1,0,0
BASEL,2009-05-27,5,0.63,1.0276,2.72,0.01,7.8,14.1,10.1,18.6,63.0,3.3762807239108756,6.723719276089124,12.4,0,0
BASEL,2009-05-28,6,0.68,1.0297,1.8,0.0,1.2,15.2,12.4,19.2,68.0,6.658478759799905,5.741521240200095,12.5,0,0
BASEL,2009-05-29,4,0.57,1.0267,2.37,0.0,7.3,16.4,12.5,21.5,56.99999999999999,4.211969418049171,8.288030581950828,10.5,0,0
BASEL,2009-05-30,1,0.47,1.02,3.48,0.0,14.1,16.9,10.5,22.4,47.0,-0.33566727927220313,10.835667279272203,9.7,0,0
BASEL,2009-05-31,3,0.56,1.0188,2.93,0.0,10.6,16.0,9.7,21.5,56.00000000000001,1.3467945158173578,8.353205484182642,9.2,0,0
BASEL,2009-06-01,7,0.66,1.0176,2.06,0.0,4.5,15.5,9.2,20.7,66.0,3.1801218158971465,6.019878184102852,11.3,0,0
BASEL,2009-06-02,2,0.69,1.0171,2.61,0.02,10.5,17.2,11.3,23.0,69.0,5.819008314161399,5.480991685838601,11.3,0,0
BASEL,2009-06-03,4,0.57,1.0155,2.96,0.0,10.3,17.6,11.3,22.7,56.99999999999999,3.089975884541443,8.210024115458557,10.2,0,0
BASEL,2009-06-04,1,0.51,1.0139,3.45,0.0,13.5,15.9,10.2,21.0,51.0,0.5136747542912848,9.686325245708714,8.2,0,0
BASEL,2009-06-05,7,0.58,1.0081,2.85,1.03,7.1,14.6,8.2,20.8,57.99999999999999,0.4298415616282906,7.770158438371709,10.4,0,0
BASEL,2009-06-06,7,0.77,1.0005,1.54,0.52,2.0,14.6,10.4,19.0,77.0,6.541908986759875,3.8580910132401254,12.6,0,0
BASEL,2009-06-07,5,0.73,1.0071,1.86,0.19,4.3,15.1,12.6,19.6,73.0,7.887438290802342,4.712561709197658,12.1,0,0
BASEL,2009-06-08,8,0.76,1.0097,1.97,0.59,4.6,16.1,12.1,21.2,76.0,7.996891552365641,4.103108447634359,12.8,0,0
BASEL,2009-06-09,6,0.73,1.0129,1.8,0.19,4.0,15.9,12.8,20.1,73.0,8.079975228910609,4.720024771089392,12.8,0,0
BASEL,2009-06-10,6,0.64,1.016,2.88,0.59,7.2,17.9,12.8,22.6,64.0,6.158912834897864,6.641087165102137,12.7,0,0
BASEL,2009-06-11,3,0.59,1.0189,2.8,0.0,8.8,17.5,12.7,21.4,59.0,4.892327220310054,7.807672779689946,10.9,0,0
BASEL,2009-06-12,5,0.62,1.0227,2.61,0.0,6.9,16.8,10.9,21.7,62.0,3.9056538617452845,6.994346138254716,12.1,0,0
BASEL,2009-06-13,1,0.61,1.0211,3.5,0.0,14.8,19.1,12.1,25.6,61.0,4.8057550548755,7.2942449451244995,13.9,0,0
BASEL,2009-06-14,5,0.67,1.0193,2.38,0.04,6.3,21.1,13.9,27.9,67.0,7.87236692861294,6.0276330713870605,16.5,0,0
BASEL,2009-06-15,8,0.88,1.0176,0.71,1.49,0.1,19.3,16.5,22.3,88.0,14.503590921876176,1.9964090781238237,13.1,0,0
BASEL,2009-06-16,6,0.66,1.0227,3.06,0.01,10.2,18.4,13.1,22.5,66.0,6.890832739529837,6.209167260470163,11.3,0,0
BASEL,2009-06-17,4,0.62,1.0214,3.42,0.0,12.1,19.5,11.3,27.0,62.0,4.283445437112251,7.01655456288775,15.5,0,0
BASEL,2009-06-18,4,0.67,1.0183,2.74,0.0,8.4,22.8,15.5,29.6,67.0,9.39638999869573,6.10361000130427,11.9,0,0
BASEL,2009-06-19,7,0.82,1.02,0.63,0.23,0.0,17.1,11.9,21.7,82.0,8.924144690218123,2.9758553097818776,11.3,0,0
BASEL,2009-06-20,5,0.71,1.0217,2.32,0.02,5.7,14.9,11.3,20.1,71.0,6.232476858307203,5.0675231416927975,11.3,0,0
BASEL,2009-06-21,5,0.7,1.0218,2.95,0.43,9.4,14.8,11.3,19.8,70.0,6.02704396054161,5.272956039458391,11.1,0,0
BASEL,2009-06-22,5,0.74,1.0233,3.02,0.0,6.9,13.7,11.1,17.6,74.0,6.640941190200022,4.459058809799978,12.0,0,0
BASEL,2009-06-23,8,0.8,1.0223,0.99,0.02,0.6,14.0,12.0,17.5,80.0,8.656165309620064,3.3438346903799356,12.2,0,0
BASEL,2009-06-24,6,0.72,1.0151,2.29,0.0,5.2,17.5,12.2,22.0,72.0,7.30049230065584,4.899507699344159,17.2,0,0
BASEL,2009-06-25,7,0.68,1.0104,2.39,0.01,5.6,20.1,17.2,24.7,68.0,11.238604205351724,5.961395794648276,16.5,0,0
BASEL,2009-06-26,6,0.78,1.0105,1.82,0.36,3.5,19.3,16.5,26.0,78.0,12.64825565604218,3.8517443439578205,16.3,0,0
BASEL,2009-06-27,7,0.82,1.0143,1.61,0.71,0.1,18.5,16.3,24.1,82.0,13.21894950799748,3.08105049200252,15.6,0,0
BASEL,2009-06-28,6,0.76,1.0144,2.87,0.0,9.1,20.6,15.6,26.6,76.0,11.382077756786979,4.217922243213021,16.6,0,0
BASEL,2009-06-29,3,0.69,1.0159,2.99,0.14,10.7,22.6,16.6,28.3,69.0,10.885874986761777,5.714125013238224,17.7,0,0
BASEL,2009-06-30,2,0.68,1.0179,2.8,0.0,11.1,23.2,17.7,28.7,68.0,11.715468615338276,5.984531384661723,17.6,0,0
BASEL,2009-07-01,4,0.67,1.0183,3.17,0.0,11.0,23.5,17.6,30.1,67.0,11.395965803917475,6.204034196082526,17.7,0,0
BASEL,2009-07-02,3,0.64,1.0157,3.36,0.0,13.5,23.7,17.7,30.8,64.0,10.800138937604938,6.899861062395061,18.3,0,0
BASEL,2009-07-03,6,0.72,1.0143,2.72,0.0,4.5,22.4,18.3,28.7,72.0,13.160840814129205,5.1391591858707955,17.4,0,0
BASEL,2009-07-04,4,0.69,1.0125,2.94,0.0,10.1,22.0,17.4,29.0,69.0,11.650272848879665,5.749727151120334,17.6,0,0
BASEL,2009-07-05,7,0.71,1.0106,2.52,0.98,5.1,21.6,17.6,29.6,71.0,12.275545650975578,5.324454349024423,17.2,0,0
BASEL,2009-07-06,5,0.66,1.0105,2.95,0.06,9.0,21.3,17.2,26.5,66.0,10.78875711109239,6.4112428889076085,13.2,0,0
BASEL,2009-07-07,7,0.69,1.0113,1.65,0.04,1.6,17.4,13.2,21.7,69.0,7.635978078630781,5.564021921369219,13.0,0,0
BASEL,2009-07-08,6,0.67,1.0151,1.53,0.35,1.0,16.3,13.0,20.3,67.0,7.0148998639921425,5.9851001360078575,13.5,0,0
BASEL,2009-07-09,6,0.75,1.0171,1.9,0.11,3.6,16.1,13.5,20.5,75.0,9.154379952211627,4.345620047788373,12.4,0,0
BASEL,2009-07-10,6,0.62,1.0178,2.21,0.0,4.1,16.7,12.4,21.7,62.0,5.322195930777027,7.077804069222974,13.2,0,0
BASEL,2009-07-11,6,0.59,1.0182,2.22,0.01,4.7,17.1,13.2,21.9,59.0,5.36160332161445,7.838396678385549,13.2,0,0
BASEL,2009-07-12,8,0.76,1.0145,1.47,0.11,0.1,18.2,13.2,24.8,76.0,9.060975102874885,4.139024897125115,17.9,0,0
BASEL,2009-07-13,5,0.73,1.0126,1.93,0.08,2.9,22.6,17.9,27.6,73.0,12.987710594335423,4.912289405664575,19.6,0,0
BASEL,2009-07-14,6,0.73,1.0133,2.28,3.55,4.3,23.4,19.6,29.4,73.0,14.622786056939706,4.9772139430602955,18.2,0,0
BASEL,2009-07-15,6,0.86,1.0192,1.67,1.07,2.0,21.1,18.2,26.2,86.0,15.816461405634962,2.383538594365037,19.2,0,0
BASEL,2009-07-16,3,0.74,1.019,2.92,0.68,10.2,24.0,19.2,29.6,74.0,14.44864666914981,4.75135333085019,13.3,0,0
BASEL,2009-07-17,7,0.85,1.0145,0.57,0.86,0.0,17.2,13.3,21.5,85.0,10.830349001052785,2.469650998947216,12.4,0,0
BASEL,2009-07-18,6,0.75,1.0174,1.06,0.03,0.7,14.4,12.4,17.5,75.0,8.092029051464209,4.307970948535791,12.6,0,0
BASEL,2009-07-19,5,0.67,1.0197,2.47,0.0,6.9,16.6,12.6,21.8,67.0,6.633756210866293,5.966243789133706,14.0,0,0
BASEL,2009-07-20,4,0.62,1.0193,3.0,0.0,10.8,19.8,14.0,25.2,62.0,6.83264421516268,7.16735578483732,15.2,0,0
BASEL,2009-07-21,3,0.57,1.0136,3.1,0.0,13.2,23.6,15.2,32.4,56.99999999999999,6.735151824703803,8.464848175296197,19.3,0,0
BASEL,2009-07-22,7,0.64,1.0104,1.66,0.16,2.4,22.4,19.3,26.7,64.0,12.314599512831242,6.985400487168759,16.4,0,0
BASEL,2009-07-23,7,0.75,1.0094,0.94,0.16,0.9,20.5,16.4,25.0,75.0,11.954351872562311,4.445648127437687,14.6,0,0
BASEL,2009-07-24,6,0.75,1.0179,1.66,0.32,2.4,18.2,14.6,21.7,75.0,10.216569910640061,4.383430089359939,13.7,0,0
BASEL,2009-07-25,3,0.68,1.0246,2.66,0.0,7.7,17.6,13.7,22.8,68.0,7.899327871004818,5.800672128995181,12.3,0,0
BASEL,2009-07-26,3,0.6,1.0211,3.18,0.0,13.0,19.0,12.3,25.5,60.0,4.757306850340318,7.542693149659683,13.8,0,0
BASEL,2009-07-27,3,0.64,1.0146,2.43,0.16,8.4,21.3,13.8,29.5,64.0,7.106492747459533,6.693507252540468,15.0,0,0
BASEL,2009-07-28,2,0.68,1.0208,2.72,0.0,10.5,19.4,15.0,24.5,68.0,9.13988091638472,5.860119083615279,13.3,0,0
BASEL,2009-07-29,1,0.62,1.0169,3.01,0.0,13.4,22.0,13.3,29.4,62.0,6.171890381181758,7.128109618818243,16.1,0,0
BASEL,2009-07-30,5,0.57,1.0217,2.35,0.0,7.4,20.7,16.1,24.0,56.99999999999999,7.57581194506252,8.524188054937483,13.6,0,0
BASEL,2009-07-31,7,0.66,1.0205,2.49,0.0,5.6,18.9,13.6,24.5,66.0,7.366358289369562,6.233641710630438,14.1,0,0
BASEL,2009-08-01,1,0.6,1.0123,2.92,0.22,12.6,22.9,14.1,30.3,60.0,6.449962869992805,7.6500371300071945,16.2,0,0
BASEL,2009-08-02,7,0.81,1.0137,0.95,0.58,1.0,19.2,16.2,23.4,81.0,12.933459007529535,3.266540992470464,15.7,0,0
BASEL,2009-08-03,8,0.81,1.0169,0.65,0.04,0.0,17.0,15.7,19.0,81.0,12.44622936591605,3.253770634083949,14.7,0,0
BASEL,2009-08-04,4,0.7,1.0198,2.44,0.0,8.5,18.9,14.7,24.1,70.0,9.283626604017167,5.416373395982832,12.9,0,0
BASEL,2009-08-05,3,0.67,1.0186,2.76,0.0,12.3,20.1,12.9,27.2,67.0,6.919616672890714,5.980383327109286,14.5,0,0
BASEL,2009-08-06,1,0.66,1.0166,2.89,0.0,12.3,21.9,14.5,29.0,66.0,8.222186004157342,6.277813995842658,16.9,0,0
BASEL,2009-08-07,4,0.67,1.0158,2.66,0.0,10.3,22.9,16.9,29.5,67.0,10.7295293627456,6.1704706372543985,17.4,0,0
BASEL,2009-08-08,8,0.89,1.0173,0.41,3.35,0.1,19.7,17.4,21.1,89.0,15.565922568604185,1.834077431395814,17.4,0,0
BASEL,2009-08-09,7,0.78,1.0154,2.34,0.03,7.0,21.3,17.4,25.8,78.0,13.52114111395364,3.878858886046359,18.5,0,0
BASEL,2009-08-10,7,0.86,1.0168,1.19,3.74,1.4,20.1,18.5,24.0,86.0,16.11089561598847,2.3891043840115316,17.2,0,0
BASEL,2009-08-11,7,0.73,1.0204,2.01,0.0,5.2,20.5,17.2,23.7,73.0,12.314322725425512,4.885677274574487,16.7,0,0
BASEL,2009-08-12,4,0.68,1.0201,2.63,0.0,10.6,21.1,16.7,26.0,68.0,10.761696040825361,5.938303959174638,16.1,0,0
BASEL,2009-08-13,4,0.68,1.0166,2.59,0.0,9.9,21.9,16.1,26.9,68.0,10.189348478921694,5.910651521078307,17.8,0,0
BASEL,2009-08-14,5,0.77,1.0173,2.04,0.0,5.7,20.6,17.8,24.8,77.0,13.710225520111123,4.089774479888877,16.0,0,0
BASEL,2009-08-15,1,0.72,1.0171,2.79,0.0,12.7,22.6,16.0,28.8,72.0,10.951859770944694,5.048140229055306,18.4,0,0
BASEL,2009-08-16,5,0.65,1.0163,2.39,0.0,9.6,24.2,18.4,30.8,65.0,11.697472886653065,6.7025271133469335,18.3,0,0
BASEL,2009-08-17,7,0.66,1.0155,2.31,0.04,9.7,24.0,18.3,32.0,66.0,11.834005159945226,6.465994840054774,18.3,0,0
BASEL,2009-08-18,2,0.7,1.0188,2.54,0.0,11.3,22.9,18.3,29.3,70.0,12.729721388973715,5.570278611026286,17.1,0,0
BASEL,2009-08-19,2,0.66,1.0189,2.57,0.0,12.4,24.9,17.1,33.0,66.0,10.693723309584067,6.406276690415934,19.7,0,0
BASEL,2009-08-20,2,0.61,1.0176,2.49,0.0,11.6,26.6,19.7,34.6,61.0,11.962032456588489,7.737967543411511,17.7,0,0
BASEL,2009-08-21,7,0.66,1.0206,1.42,0.01,2.3,21.9,17.7,27.0,66.0,11.263897987937206,6.436102012062793,15.1,0,0
BASEL,2009-08-22,4,0.62,1.0227,2.05,0.0,6.3,19.0,15.1,24.0,62.0,7.870760248920403,7.2292397510795965,12.8,0,0
BASEL,2009-08-23,3,0.6,1.0179,2.7,0.0,13.0,19.9,12.8,26.1,60.0,5.227562839528252,7.572437160471749,16.0,0,0
BASEL,2009-08-24,1,0.6,1.0098,2.46,0.0,12.0,23.7,16.0,30.9,60.0,8.235857884062698,7.764142115937302,19.2,0,0
BASEL,2009-08-25,6,0.72,1.0127,1.56,0.37,4.5,21.7,19.2,26.9,72.0,14.025007811290907,5.174992188709092,18.5,0,0
BASEL,2009-08-26,6,0.8,1.0158,1.79,0.11,3.6,21.3,18.5,26.8,80.0,14.981037825065583,3.5189621749344173,17.4,0,0
BASEL,2009-08-27,1,0.69,1.0172,2.49,0.0,11.7,22.5,17.4,28.8,69.0,11.650272848879665,5.749727151120334,16.2,0,0
BASEL,2009-08-28,6,0.71,1.0166,1.44,0.0,3.6,20.1,16.2,24.3,71.0,10.933179081009595,5.266820918990405,10.9,0,0
BASEL,2009-08-29,5,0.54,1.0217,2.48,0.0,9.9,16.9,10.9,21.5,54.0,1.9570314079456277,8.942968592054372,8.1,0,0
BASEL,2009-08-30,1,0.59,1.0218,2.6,0.0,13.0,15.4,8.1,22.8,59.0,0.5722436939886881,7.5277563060113115,9.9,0,0
BASEL,2009-08-31,0,0.59,1.0173,2.51,0.0,12.5,19.3,9.9,27.8,59.0,2.2633007768013806,7.63669922319862,16.4,0,0
BASEL,2009-09-01,3,0.69,1.0149,2.04,0.61,9.1,22.0,16.4,31.0,69.0,10.694758635334184,5.705241364665815,17.2,0,0
BASEL,2009-09-02,8,0.86,1.0152,0.72,0.71,0.3,18.9,17.2,21.3,86.0,14.834967596123875,2.365032403876125,16.6,0,0
BASEL,2009-09-03,7,0.77,1.0099,1.13,0.02,1.9,18.6,16.6,21.7,77.0,12.54824736485568,4.051752635144322,11.2,0,0
BASEL,2009-09-04,7,0.78,1.0132,0.84,1.03,1.5,15.0,11.2,19.3,78.0,7.5060298653699045,3.693970134630095,8.5,0,0
BASEL,2009-09-05,2,0.67,1.0247,2.32,0.0,10.4,13.5,8.5,18.8,67.0,2.725358923837401,5.774641076162599,8.8,0,0
BASEL,2009-09-06,1,0.67,1.0257,2.4,0.0,12.3,14.4,8.8,21.1,67.0,3.0114427407412396,5.788557259258761,9.4,0,0
BASEL,2009-09-07,3,0.69,1.0229,1.98,0.0,10.7,16.5,9.4,24.2,69.0,4.001428079170171,5.39857192082983,11.9,0,0
BASEL,2009-09-08,0,0.65,1.0222,2.31,0.0,11.8,18.4,11.9,27.0,65.0,5.5291532054375665,6.370846794562434,11.3,0,0
BASEL,2009-09-09,3,0.65,1.0222,2.3,0.0,11.4,17.7,11.3,25.5,65.0,4.9593564242700925,6.340643575729908,10.2,0,0
BASEL,2009-09-10,2,0.73,1.0251,2.11,0.0,10.5,17.4,10.2,23.9,73.0,5.57654309180228,4.62345690819772,13.8,0,0
BASEL,2009-09-11,7,0.78,1.0256,0.86,0.0,1.4,16.3,13.8,20.4,78.0,10.029037255182178,3.7709627448178225,12.3,0,0
BASEL,2009-09-12,7,0.72,1.0213,1.14,0.0,1.5,15.9,12.3,20.2,72.0,7.3966088109718235,4.903391189028177,10.4,0,0
BASEL,2009-09-13,5,0.65,1.019,2.03,0.0,7.6,15.0,10.4,21.0,65.0,4.104530130046086,6.295469869953914,9.1,0,0
BASEL,2009-09-14,7,0.77,1.0155,1.08,0.01,2.2,12.5,9.1,15.1,77.0,5.281923380423645,3.8180766195763542,9.7,0,0
BASEL,2009-09-15,7,0.81,1.0147,1.12,0.0,1.3,12.5,9.7,15.5,81.0,6.597547321511303,3.102452678488696,11.8,0,0
BASEL,2009-09-16,8,0.9,1.0106,0.4,0.33,0.0,14.6,11.8,16.5,90.0,10.212457834148008,1.5875421658519926,15.7,0,0
BASEL,2009-09-17,8,0.91,1.0142,0.3,0.03,0.0,16.5,15.7,18.2,91.0,14.23333274195672,1.4666672580432785,15.4,0,0
BASEL,2009-09-18,7,0.84,1.0152,0.88,0.0,0.6,17.4,15.4,20.6,84.0,12.708158470914535,2.6918415290854654,16.7,0,0
BASEL,2009-09-19,7,0.84,1.0163,0.96,1.43,2.8,17.6,16.7,20.4,84.0,13.980583745749588,2.7194162542504117,15.4,0,0
BASEL,2009-09-20,7,0.84,1.019,1.4,0.05,3.5,18.1,15.4,22.0,84.0,12.708158470914535,2.6918415290854654,14.9,0,0
BASEL,2009-09-21,8,0.86,1.0226,0.86,0.0,1.1,17.4,14.9,21.2,86.0,12.577260650833336,2.322739349166664,15.8,0,0
BASEL,2009-09-22,4,0.83,1.0253,1.29,0.0,5.3,18.2,15.8,22.7,83.0,12.91631653113061,2.883683468869391,14.5,0,0
BASEL,2009-09-23,5,0.84,1.0256,1.09,0.0,4.3,17.4,14.5,22.3,84.0,11.827167225637611,2.672832774362389,13.4,0,0
BASEL,2009-09-24,6,0.76,1.0222,1.66,0.0,8.2,17.4,13.4,23.4,76.0,9.25442830268633,4.14557169731367,14.0,0,0
BASEL,2009-09-25,7,0.78,1.0229,1.27,0.0,2.9,16.6,14.0,20.7,78.0,10.223082349744214,3.776917650255786,11.3,0,0
BASEL,2009-09-26,3,0.74,1.0239,1.76,0.0,9.1,15.2,11.3,21.0,74.0,6.833833747860889,4.466166252139112,10.9,0,0
BASEL,2009-09-27,2,0.74,1.0247,1.75,0.0,10.2,15.9,10.9,22.5,74.0,6.4480430744671535,4.451956925532847,10.8,0,0
BASEL,2009-09-28,3,0.75,1.0239,1.76,0.0,10.6,15.8,10.8,22.3,75.0,6.546504000459274,4.253495999540727,9.9,0,0
BASEL,2009-09-29,3,0.69,1.0213,1.83,0.0,11.0,15.7,9.9,22.8,69.0,4.479797871486921,5.420202128513079,9.6,0,0
BASEL,2009-09-30,3,0.73,1.0178,1.72,0.0,9.9,15.3,9.6,21.9,73.0,4.998688892866657,4.601311107133343,9.9,0,0
BASEL,2009-10-01,5,0.72,1.0162,1.69,0.0,8.1,15.0,9.9,21.4,72.0,5.089396235620076,4.810603764379924,8.5,0,0
BASEL,2009-10-02,4,0.7,1.0188,1.46,0.0,6.0,12.6,8.5,17.9,70.0,3.3437379081347793,5.156262091865221,6.3,0,0
BASEL,2009-10-03,3,0.7,1.0179,1.64,0.0,10.1,11.7,6.3,18.8,70.0,1.2345291077262404,5.065470892273759,7.9,0,0
BASEL,2009-10-04,4,0.71,1.0181,1.25,0.0,5.6,12.2,7.9,17.1,71.0,2.968551806152001,4.9314481938479995,7.6,0,0
BASEL,2009-10-05,7,0.76,1.017,0.91,0.0,0.6,13.0,7.6,18.1,76.0,3.642219088158684,3.957780911841316,12.5,0,0
BASEL,2009-10-06,7,0.75,1.0169,0.91,0.05,2.2,17.8,12.5,23.2,75.0,8.188613057548531,4.311386942451469,15.0,0,0
BASEL,2009-10-07,4,0.67,1.0149,1.55,0.42,9.0,20.5,15.0,28.2,67.0,8.920182667899477,6.079817332100523,15.9,0,0
BASEL,2009-10-08,8,0.87,1.016,0.47,1.5,0.0,17.5,15.9,19.4,87.0,13.736835880388346,2.163164119611654,13.3,0,0
BASEL,2009-10-09,8,0.92,1.0182,0.36,0.04,0.0,14.2,13.3,16.1,92.0,12.026826264036892,1.273173735963109,13.6,0,0
BASEL,2009-10-10,7,0.85,1.0167,0.74,0.51,1.3,15.2,13.6,18.7,85.0,11.124471037190967,2.475528962809033,11.3,0,0
BASEL,2009-10-11,7,0.75,1.0181,0.96,0.82,1.2,14.0,11.3,17.2,75.0,7.029517171816222,4.270482828183779,7.4,0,0
BASEL,2009-10-12,6,0.77,1.0202,0.72,0.1,1.7,10.9,7.4,14.1,77.0,3.633940015592246,3.7660599844077542,5.8,0,0
BASEL,2009-10-13,5,0.73,1.0277,1.34,0.01,6.3,8.8,5.8,12.3,73.0,1.3377337495183315,4.462266250481669,0.8,1,1
BASEL,2009-10-14,5,0.72,1.0277,0.84,0.0,2.5,5.4,0.8,9.4,72.0,-3.6666847254585333,4.466684725458533,-0.5,1,1
BASEL,2009-10-15,3,0.69,1.0278,1.25,0.0,7.7,2.7,-0.5,7.3,69.0,-5.479010988270386,4.979010988270386,0.1,1,1
BASEL,2009-10-16,6,0.74,1.0262,0.71,0.21,2.0,4.9,0.1,8.9,74.0,-3.9767155763344473,4.076715576334447,3.6,0,0
BASEL,2009-10-17,7,0.82,1.023,0.6,0.1,1.3,6.1,3.6,9.5,82.0,0.8176644277425633,2.7823355722574368,1.6,1,1
BASEL,2009-10-18,7,0.82,1.0234,0.73,0.21,1.6,5.1,1.6,8.4,82.0,-1.1366658291134324,2.7366658291134325,1.5,1,1
BASEL,2009-10-19,6,0.75,1.019,1.19,0.0,7.7,5.0,1.5,9.6,75.0,-2.443609321496113,3.943609321496113,2.3,1,1
BASEL,2009-10-20,3,0.7,1.0102,1.17,0.0,7.5,6.7,2.3,11.3,70.0,-2.6024196393931187,4.902419639393118,6.8,0,0
BASEL,2009-10-21,7,0.68,1.0043,0.67,0.0,2.3,9.6,6.8,14.6,68.0,1.3098954291022777,5.4901045708977225,7.2,0,0
BASEL,2009-10-22,6,0.8,1.0041,0.77,0.01,2.9,10.5,7.2,15.1,80.0,3.9826589751527806,3.2173410248472196,6.7,0,0
BASEL,2009-10-23,7,0.88,1.0141,0.34,0.59,0.0,10.0,6.7,12.1,88.0,4.853997174063899,1.8460028259361012,5.9,0,0
BASEL,2009-10-24,7,0.82,1.0184,1.07,0.04,6.7,10.3,5.9,13.7,82.0,3.0646824683605507,2.8353175316394497,10.6,0,0
BASEL,2009-10-25,8,0.84,1.0184,0.3,0.12,0.0,12.6,10.6,15.4,84.0,8.008768324091982,2.591231675908018,7.6,0,0
BASEL,2009-10-26,7,0.75,1.0221,0.58,0.0,1.7,11.8,7.6,14.8,75.0,3.4544316975460228,4.145568302453977,4.9,0,0
BASEL,2009-10-27,3,0.75,1.0234,1.13,0.0,9.4,9.2,4.9,15.7,75.0,0.844435009934858,4.055564990065142,4.3,0,0
BASEL,2009-10-28,5,0.82,1.0216,0.95,0.0,6.6,9.4,4.3,14.8,82.0,1.501591768579351,2.798408231420649,5.9,0,0
BASEL,2009-10-29,5,0.83,1.0224,0.99,0.0,7.2,9.5,5.9,15.2,83.0,3.235969416472549,2.664030583527451,3.6,0,0
BASEL,2009-10-30,7,0.83,1.0256,0.29,0.0,1.0,8.4,3.6,10.3,83.0,0.9857679920709397,2.6142320079290604,1.9,1,1
BASEL,2009-10-31,7,0.82,1.0261,0.77,0.0,3.9,7.9,1.9,14.1,82.0,-0.8434924746146225,2.7434924746146225,5.3,0,0
BASEL,2009-11-01,7,0.79,1.017,0.89,0.53,4.7,9.7,5.3,13.3,79.0,1.955942865664641,3.344057134335359,5.5,0,0
BASEL,2009-11-02,8,0.85,1.007,0.17,0.35,0.1,9.1,5.5,12.7,85.0,3.1807471768484077,2.3192528231515923,5.1,0,0
BASEL,2009-11-03,7,0.81,1.0016,0.58,0.4,0.5,8.3,5.1,11.2,81.0,2.1111479735094156,2.988852026490584,7.2,0,0
BASEL,2009-11-04,6,0.7,0.996,0.7,0.24,3.5,9.9,7.2,12.6,70.0,2.097482684391389,5.102517315608611,4.3,0,0
BASEL,2009-11-05,3,0.75,1.0028,0.69,0.2,4.3,7.6,4.3,12.6,75.0,0.2643038507848301,4.03569614921517,3.1,0,0
BASEL,2009-11-06,4,0.8,1.0104,0.62,0.0,2.6,6.4,3.1,11.1,80.0,-0.01120064899755375,3.1112006489975537,1.9,1,1
BASEL,2009-11-07,7,0.85,1.0046,0.43,0.65,0.8,5.5,1.9,9.6,85.0,-0.35141674142970847,2.2514167414297086,5.0,0,0
BASEL,2009-11-08,7,0.88,1.0045,0.39,0.28,0.1,6.3,5.0,7.5,88.0,3.1794931017738817,1.8205068982261183,3.9,0,0
BASEL,2009-11-09,8,0.89,1.0099,0.15,0.9,0.0,5.0,3.9,6.2,89.0,2.2542802509017767,1.6457197490982232,3.8,0,0
BASEL,2009-11-10,8,0.87,1.0133,0.15,0.05,0.0,5.2,3.8,6.2,87.0,1.837534507698266,1.9624654923017337,2.1,1,1
BASEL,2009-11-11,5,0.83,1.0125,0.46,0.0,2.4,5.6,2.1,8.7,83.0,-0.48200507187958247,2.5820050718795824,1.3,1,1
BASEL,2009-11-12,6,0.9,1.0142,0.36,0.06,0.1,5.3,1.3,8.2,90.0,-0.15712322638929854,1.4571232263892986,8.0,0,0
BASEL,2009-11-13,6,0.84,1.0158,0.6,0.0,1.5,10.5,8.0,13.8,84.0,5.462473545944972,2.537526454055028,7.3,0,0
BASEL,2009-11-14,7,0.83,1.0148,0.5,0.68,2.3,10.2,7.3,13.9,83.0,4.605429740408281,2.6945702595917185,6.6,0,0
BASEL,2009-11-15,8,0.89,1.017,0.3,0.78,0.0,8.8,6.6,10.5,89.0,4.9174193289132475,1.6825806710867521,10.0,0,0
BASEL,2009-11-16,8,0.89,1.0138,0.28,0.15,0.0,11.8,10.0,13.9,89.0,8.270425203172548,1.7295747968274515,9.9,0,0
BASEL,2009-11-17,7,0.81,1.0154,0.41,0.05,1.1,12.6,9.9,16.1,81.0,6.7925607043713505,3.10743929562865,5.2,0,0
BASEL,2009-11-18,3,0.83,1.0258,0.66,0.0,5.4,9.6,5.2,13.3,83.0,2.5511746984412036,2.6488253015587966,4.8,0,0
BASEL,2009-11-19,0,0.86,1.0259,0.75,0.0,7.7,8.5,4.8,12.3,86.0,2.658505437320931,2.141494562679069,6.5,0,0
BASEL,2009-11-20,5,0.84,1.0259,0.72,0.0,6.1,9.2,6.5,12.9,84.0,3.993204142710904,2.506795857289096,6.2,0,0
BASEL,2009-11-21,5,0.81,1.0259,0.48,0.0,1.9,8.7,6.2,12.4,81.0,3.1841729636946527,3.0158270363053474,5.0,0,0
BASEL,2009-11-22,6,0.77,1.0202,0.12,0.11,0.0,8.9,5.0,12.7,77.0,1.3067771774214691,3.693222822578531,8.0,0,0
BASEL,2009-11-23,7,0.61,1.0185,0.41,0.38,1.4,11.4,8.0,13.4,61.0,0.9398491290472213,7.0601508709527785,8.9,0,0
BASEL,2009-11-24,7,0.72,1.0202,0.29,0.02,0.6,12.2,8.9,14.2,72.0,4.127801162378407,4.772198837621593,6.2,0,0
BASEL,2009-11-25,4,0.76,1.0156,0.68,0.0,6.2,9.1,6.2,13.9,76.0,2.2869063003916503,3.91309369960835,4.1,0,0
BASEL,2009-11-26,3,0.68,1.0171,0.56,0.01,4.5,9.1,4.1,12.3,68.0,-1.270851999236752,5.370851999236752,3.3,0,0
BASEL,2009-11-27,7,0.68,1.0135,0.27,0.0,0.1,7.4,3.3,11.7,68.0,-2.035763772083101,5.3357637720831015,5.0,0,0
BASEL,2009-11-28,5,0.57,1.0119,0.64,0.0,6.0,8.9,5.0,13.7,56.99999999999999,-2.806345061393477,7.806345061393477,2.4,1,1
BASEL,2009-11-29,8,0.69,1.0021,0.26,0.76,0.0,6.2,2.4,7.8,69.0,-2.7001928216280238,5.100192821628024,2.6,1,0
BASEL,2009-11-30,8,0.89,1.0007,0.09,1.69,0.0,4.2,2.6,6.0,89.0,0.9718834878875181,1.628116512112482,2.7,1,0
BASEL,2009-12-01,8,0.87,1.0112,0.22,0.21,0.0,4.5,2.7,6.2,87.0,0.7552993450303858,1.9447006549696144,0.6,1,1
BASEL,2009-12-02,7,0.82,1.0142,0.58,0.0,5.6,3.7,0.6,5.8,82.0,-2.1139710601890442,2.7139710601890443,2.3,1,1
BASEL,2009-12-03,8,0.8,1.0093,0.37,0.49,0.2,4.7,2.3,7.1,80.0,-0.7906952255054488,3.0906952255054487,0.4,1,1
BASEL,2009-12-04,4,0.83,1.0132,0.49,0.0,3.6,3.6,0.4,6.8,83.0,-2.145720244341258,2.545720244341258,-0.4,1,1
BASEL,2009-12-05,7,0.83,1.0171,0.28,0.08,0.0,2.7,-0.4,5.1,83.0,-2.92873292706373,2.52873292706373,3.9,0,0
BASEL,2009-12-06,8,0.8,1.0141,0.23,0.22,0.0,6.5,3.9,8.5,80.0,0.7682270115839744,3.1317729884160252,8.4,0,0
BASEL,2009-12-07,8,0.9,1.0134,0.19,1.47,0.0,9.4,8.4,10.2,90.0,6.855296767228497,1.5447032327715036,4.2,0,0
BASEL,2009-12-08,6,0.72,1.0185,0.4,0.01,2.3,6.9,4.2,9.9,72.0,-0.3937180375466502,4.59371803754665,1.7,1,1
BASEL,2009-12-09,2,0.74,1.0275,0.6,0.0,7.4,4.4,1.7,8.8,74.0,-2.431282682816237,4.131282682816237,2.3,1,1
BASEL,2009-12-10,5,0.83,1.0281,0.2,0.03,1.3,6.0,2.3,11.0,83.0,-0.28629057327430363,2.5862905732743036,3.2,0,0
BASEL,2009-12-11,8,0.87,1.0253,0.07,0.7,0.0,5.0,3.2,6.4,87.0,1.2472343507422352,1.952765649257765,0.4,1,1
BASEL,2009-12-12,8,0.91,1.0219,0.08,0.31,0.0,1.6,0.4,3.3,91.0,-0.8953554777582154,1.2953554777582155,-1.9,1,1
BASEL,2009-12-13,8,0.78,1.0185,0.2,0.0,0.0,0.0,-1.9,1.3,78.0,-5.217955481567514,3.317955481567514,-1.8,1,1
BASEL,2009-12-14,8,0.65,1.017,0.18,0.0,0.0,-0.9,-1.8,0.0,65.0,-7.498659927576023,5.698659927576023,-2.7,1,1
BASEL,2009-12-15,8,0.66,1.0147,0.11,0.0,0.0,-2.1,-2.7,-1.5,66.0,-8.159990764715028,5.459990764715028,-3.1,1,1
BASEL,2009-12-16,8,0.82,1.0115,0.12,0.03,0.0,-2.2,-3.1,-1.4,82.0,-5.730812803611979,2.630812803611979,-6.3,1,1
BASEL,2009-12-17,8,0.81,1.0102,0.23,0.0,0.0,-3.7,-6.3,-2.4,81.0,-9.016344474160721,2.7163444741607217,-6.8,1,1
BASEL,2009-12-18,8,0.69,1.0065,0.33,0.0,0.9,-3.6,-6.8,-1.6,69.0,-11.520671425188993,4.720671425188994,-14.9,1,1
BASEL,2009-12-19,8,0.81,1.0089,0.22,0.01,0.0,-9.3,-14.9,-5.1,81.0,-17.419289169421262,2.5192891694212616,-16.0,1,1
BASEL,2009-12-20,5,0.83,1.0104,0.45,0.38,2.4,-8.3,-16.0,-0.8,83.0,-18.20873300102003,2.208733001020029,-0.6,1,1
BASEL,2009-12-21,8,0.89,1.0018,0.29,0.19,0.1,1.2,-0.6,2.4,89.0,-2.1851860190157764,1.5851860190157763,2.2,1,1
BASEL,2009-12-22,8,0.73,0.9916,0.23,1.2,0.2,8.3,2.2,14.3,73.0,-2.13247160262787,4.33247160262787,0.6,1,1
BASEL,2009-12-23,8,0.93,0.9984,0.36,0.61,1.1,2.9,0.6,4.4,93.0,-0.3996825505612486,0.9996825505612486,2.3,1,0
BASEL,2009-12-24,8,0.93,0.9924,0.13,0.89,0.0,3.9,2.3,5.7,93.0,1.2860337180491876,1.0139662819508122,1.2,1,1
BASEL,2009-12-25,6,0.71,1.0025,0.16,0.06,0.2,6.2,1.2,10.6,71.0,-3.4686143996377767,4.668614399637777,-2.0,1,1
BASEL,2009-12-26,4,0.81,1.012,0.54,0.0,5.9,0.4,-2.0,4.0,81.0,-4.817620999242917,2.8176209992429166,-3.9,1,1
BASEL,2009-12-27,7,0.8,1.0118,0.37,0.18,2.3,1.0,-3.9,5.5,80.0,-6.834048011479115,2.9340480114791148,1.0,1,1
BASEL,2009-12-28,7,0.82,1.0084,0.28,0.42,0.3,3.2,1.0,4.8,82.0,-1.7230377581542875,2.7230377581542875,2.4,1,0
BASEL,2009-12-29,7,0.92,1.0028,0.22,1.68,0.2,4.5,2.4,10.0,92.0,1.2347470171899266,1.1652529828100733,7.5,0,0
BASEL,2009-12-30,8,0.92,0.9979,0.07,1.54,0.0,8.5,7.5,11.5,92.0,6.284843912601551,1.2151560873984488,4.3,0,0
BASEL,2009-12-31,7,0.93,0.9958,0.17,0.57,0.1,6.6,4.3,7.9,93.0,3.26910016074977,1.03089983925023,-0.2,1,1
